date,year,month,factory_id,factory_name,factory_capacity,equipment_age,supplier_id,supplier_name,supplier_type,supplier_base_efficiency,payment_delay_days,payment_timeliness,supplier_efficiency,parts_availability,avg_employee_skill,equipment_status,capacity_utilization,production_efficiency,production_volume,is_anomaly_month
2024-10-01,2024,10,F001,华东工厂,1000,3,S001,核心零部件供应商A,核心,0.85,3.350661737178388,0.8883112754273871,0.7895444581817646,0.8127073018510232,0.6789999999999999,0.9322315731426394,0.9082075941970678,0.860004800863899,781,False
2024-10-01,2024,10,F001,华东工厂,1000,3,S002,电子元件供应商B,核心,0.8,7.096161303630223,0.7634612898789925,0.706779452928418,0.687586517105094,0.6789999999999999,0.8899505613678821,0.788239625863089,0.7185134235304784,566,False
2024-10-01,2024,10,F001,华东工厂,1000,3,S003,结构件供应商C,普通,0.9,2.9129730154147837,0.9029008994861739,0.8806603744818022,0.8546071436042377,0.6789999999999999,0.8962958760428119,0.8959399606210268,0.8379932453645809,750,False
2024-10-01,2024,10,F001,华东工厂,1000,3,S004,配件供应商D,普通,0.88,1.0096016788551414,0.9663466107048286,0.9014593877497802,0.881736423023186,0.6789999999999999,0.9013552432167075,0.7934802617532033,0.8476899020361363,672,False
2024-10-01,2024,10,F001,华东工厂,1000,3,S005,新材料供应商E,普通,0.75,8.671338747504096,0.7109553750831967,0.6693534138772507,0.7037521313741085,0.6789999999999999,0.886290752928098,0.80458346602557,0.7426056740408626,597,False
2024-10-01,2024,10,F002,华南工厂,800,5,S001,核心零部件供应商A,核心,0.85,4.1701819142960215,0.8609939361901326,0.7850371254449352,0.7691960155093466,0.695625,0.8398584876895299,0.9450921852355463,0.76544762376136,578,False
2024-10-01,2024,10,F002,华南工厂,800,5,S002,电子元件供应商B,核心,0.8,0.20966657548836898,0.9930111141503877,0.7706381466308542,0.7729623581929711,0.695625,0.8802719594930556,0.8761386070068613,0.8043004170397079,563,False
2024-10-01,2024,10,F002,华南工厂,800,5,S003,结构件供应商C,普通,0.9,1.648328469059729,0.945055717698009,0.8531099237277844,0.8032726288465917,0.695625,0.83342969127725,0.8207599243897225,0.8035027599801893,527,False
2024-10-01,2024,10,F002,华南工厂,800,5,S004,配件供应商D,普通,0.88,0.9381126178618053,0.9687295794046065,0.8852099419352576,0.8466312987238128,0.695625,0.8517515643790717,0.7192448667662416,0.8364796877279531,481,False
2024-10-01,2024,10,F002,华南工厂,800,5,S005,新材料供应商E,普通,0.75,0.23577802346565324,0.9921407325511449,0.7453850892011934,0.7509558668934252,0.695625,0.8539465452519042,0.8559121945725665,0.7849214820928808,537,False
2024-10-01,2024,10,F003,华北工厂,1200,2,S001,核心零部件供应商A,核心,0.85,3.1366778424693953,0.8954440719176868,0.8293619585098402,0.859772230726156,0.6964166666666667,0.9085004106113395,0.7677740634410164,0.8445210110710433,778,False
2024-10-01,2024,10,F003,华北工厂,1200,2,S002,电子元件供应商B,核心,0.8,2.7314350896610766,0.908952163677964,0.7592826583681841,0.7675864618479428,0.6964166666666667,0.9732863419624926,0.8700279713617431,0.8289053976906746,865,False
2024-10-01,2024,10,F003,华北工厂,1200,2,S003,结构件供应商C,普通,0.9,1.5735147345118303,0.9475495088496056,0.8772728742366004,0.8695976401295077,0.6964166666666667,0.9334576360682237,0.9393952537709542,0.8318931668555075,937,False
2024-10-01,2024,10,F003,华北工厂,1200,2,S004,配件供应商D,普通,0.88,1.5276573329091365,0.9490780889030288,0.8498866925668284,0.8625002668842551,0.6964166666666667,0.9227121785817163,0.8870960874190578,0.8490509945184864,903,False
2024-10-01,2024,10,F003,华北工厂,1200,2,S005,新材料供应商E,普通,0.75,7.379424698688947,0.7540191767103684,0.6256478894720072,0.6124777109458703,0.6964166666666667,0.9735492586062521,0.7022635403950928,0.7057626423409941,594,False
2024-10-02,2024,10,F001,华东工厂,1000,3,S001,核心零部件供应商A,核心,0.85,2.670801816868434,0.9109732727710522,0.8435284361060902,0.8822394797719303,0.6789999999999999,0.9261506199963763,0.7228478715829441,0.8112776601648541,586,False
2024-10-02,2024,10,F001,华东工厂,1000,3,S002,电子元件供应商B,核心,0.8,0.6666956627681953,0.9777768112410602,0.7982943854802657,0.8153326377725196,0.6789999999999999,0.8960279032880789,0.7618899425699716,0.7992266765845839,608,False
2024-10-02,2024,10,F001,华东工厂,1000,3,S003,结构件供应商C,普通,0.9,0.1936997109699441,0.9935433429676686,0.9311947872795915,0.9221706879130837,0.6789999999999999,0.942299536378223,0.7202872946340597,0.88836892654539,639,False
2024-10-02,2024,10,F001,华东工厂,1000,3,S004,配件供应商D,普通,0.88,9.077999869902042,0.6974000043365987,0.7550135375556098,0.7685894806463944,0.6789999999999999,0.8819916087933847,0.8541959019631352,0.7676632285574394,655,False
2024-10-02,2024,10,F001,华东工厂,1000,3,S005,新材料供应商E,普通,0.75,4.074654558704506,0.8641781813765165,0.7021535517574818,0.7535116676319927,0.6789999999999999,0.9062991855467839,0.9301916521158393,0.7757006064212658,721,False
2024-10-02,2024,10,F002,华南工厂,800,5,S001,核心零部件供应商A,核心,0.85,2.634449134119245,0.9121850288626918,0.7783227553504788,0.7868688146551913,0.695625,0.8662069003107262,0.8666157618817089,0.8006181500246159,555,False
2024-10-02,2024,10,F002,华南工厂,800,5,S002,电子元件供应商B,核心,0.8,4.644845379224881,0.845171820692504,0.780896390647223,0.7583783037197867,0.695625,0.8666141970099218,0.8069003334258342,0.7629654923690293,492,False
2024-10-02,2024,10,F002,华南工厂,800,5,S003,结构件供应商C,普通,0.9,1.7531232597119257,0.9415625580096024,0.8844696315522597,0.8899970689705827,0.695625,0.840418978852765,0.7054783321937522,0.7966696890452227,449,False
2024-10-02,2024,10,F002,华南工厂,800,5,S004,配件供应商D,普通,0.88,1.0745113757089164,0.9641829541430361,0.8504327673001624,0.8505555575304261,0.695625,0.865863387335862,0.7263483045269512,0.8261398711472081,480,False
2024-10-02,2024,10,F002,华南工厂,800,5,S005,新材料供应商E,普通,0.75,4.337378135216404,0.8554207288261199,0.7307672573603381,0.7002197680304912,0.695625,0.8360152356542975,0.7401156535678066,0.7416748291606465,439,False
2024-10-02,2024,10,F003,华北工厂,1200,2,S001,核心零部件供应商A,核心,0.85,0.21929941980201506,0.9926900193399328,0.8577473461790059,0.8265815524853996,0.6964166666666667,0.94271437181096,0.871283577468621,0.8553280426695613,894,False
2024-10-02,2024,10,F003,华北工厂,1200,2,S002,电子元件供应商B,核心,0.8,0.35105752143189445,0.9882980826189368,0.7751629550728262,0.7416507307989738,0.6964166666666667,0.9419921151304288,0.833888453719918,0.7807077226188361,781,False
2024-10-02,2024,10,F003,华北工厂,1200,2,S003,结构件供应商C,普通,0.9,1.3242997137517731,0.9558566762082742,0.9011149031455469,0.887110809584771,0.6964166666666667,0.9266385869580446,0.9284471109683148,0.8915579762926285,993,False
2024-10-02,2024,10,F003,华北工厂,1200,2,S004,配件供应商D,普通,0.88,9.161038781538014,0.6946320406153995,0.7227273335107973,0.6818261547691625,0.6964166666666667,0.9541527284741697,0.9190798582855778,0.7575554369744828,835,False
2024-10-02,2024,10,F003,华北工厂,1200,2,S005,新材料供应商E,普通,0.75,0.3246536574421628,0.9891782114185945,0.7672393640677777,0.7030313877044383,0.6964166666666667,0.9119865201776287,0.9147041927920386,0.8070588550851301,885,False
2024-10-03,2024,10,F001,华东工厂,1000,3,S001,核心零部件供应商A,核心,0.85,3.3897589145641702,0.8870080361811943,0.8054747707531831,0.8104144254139402,0.6789999999999999,0.902211969139396,0.8526366887538561,0.844689589738027,720,False
2024-10-03,2024,10,F001,华东工厂,1000,3,S002,电子元件供应商B,核心,0.8,0.5243654672199103,0.9825211510926697,0.7732522837453075,0.7892956401194579,0.6789999999999999,0.8892596486122447,0.729387825037555,0.8176939690211623,596,False
2024-10-03,2024,10,F001,华东工厂,1000,3,S003,结构件供应商C,普通,0.9,0.5419929568291455,0.9819335681056951,0.8941122045840532,0.9464513797818136,0.6789999999999999,0.9043796070545683,0.7885678318043039,0.8768327574124821,691,False
2024-10-03,2024,10,F001,华东工厂,1000,3,S004,配件供应商D,普通,0.88,0.33395295423290017,0.9888682348589033,0.8772170129268044,0.8314004152526632,0.6789999999999999,0.8816475213163046,0.7144330398062793,0.8392505091558086,599,False
2024-10-03,2024,10,F001,华东工厂,1000,3,S005,新材料供应商E,普通,0.75,1.4879729550701275,0.9504009014976624,0.7166606144532883,0.6957059505815775,0.6789999999999999,0.9122510143001646,0.8392196107930239,0.7894460455446879,662,False
2024-10-03,2024,10,F002,华南工厂,800,5,S001,核心零部件供应商A,核心,0.85,1.6124078207339254,0.9462530726422025,0.8539915711317759,0.784071928225369,0.695625,0.8717185339264559,0.7429234769263624,0.8313341834306645,494,False
2024-10-03,2024,10,F002,华南工厂,800,5,S002,电子元件供应商B,核心,0.8,2.0801181304292515,0.9306627289856916,0.7925696534275781,0.7853327214386576,0.695625,0.8609775768763791,0.7288486605447293,0.8403585657468203,489,False
2024-10-03,2024,10,F002,华南工厂,800,5,S003,结构件供应商C,普通,0.9,2.7914571873982075,0.9069514270867264,0.8514135222906325,0.8277301614834028,0.695625,0.8586697943489704,0.7515630284590381,0.7976477036007078,479,False
2024-10-03,2024,10,F002,华南工厂,800,5,S004,配件供应商D,普通,0.88,1.4920473889850545,0.9502650870338315,0.8554748981845031,0.8607775419835646,0.695625,0.7963042390576501,0.7045310102614324,0.8202705913930364,462,False
2024-10-03,2024,10,F002,华南工厂,800,5,S005,新材料供应商E,普通,0.75,4.721605903367773,0.8426131365544076,0.6900659215859672,0.6671161631232834,0.695625,0.8905725784853974,0.8721579073269689,0.7757771075594788,541,False
2024-10-03,2024,10,F003,华北工厂,1200,2,S001,核心零部件供应商A,核心,0.85,0.8761643907659835,0.9707945203078006,0.8624776326512363,0.866438260329763,0.6964166666666667,0.9472288407389464,0.821273664994885,0.861862347308392,849,False
2024-10-03,2024,10,F003,华北工厂,1200,2,S002,电子元件供应商B,核心,0.8,1.217723399510965,0.9594092200163011,0.7789854311668399,0.8218901002636363,0.6964166666666667,0.9466745572712374,0.9206399691930868,0.8336280173443739,920,False
2024-10-03,2024,10,F003,华北工厂,1200,2,S003,结构件供应商C,普通,0.9,1.8838190280135225,0.9372060323995492,0.8680510213148909,0.8471051553221426,0.6964166666666667,0.9344859561415826,0.8354402410668907,0.864379020625415,866,False
2024-10-03,2024,10,F003,华北工厂,1200,2,S004,配件供应商D,普通,0.88,10.332234361587634,0.6555921879470789,0.7322913486856113,0.7121767308618705,0.6964166666666667,0.9361210119911468,0.9009536362983617,0.7427574755367223,803,False
2024-10-03,2024,10,F003,华北工厂,1200,2,S005,新材料供应商E,普通,0.75,1.7046875528385599,0.943177081572048,0.7071339693619741,0.6864724393692867,0.6964166666666667,0.9149140227412849,0.7171784194309903,0.7379848710262981,635,False
2024-10-04,2024,10,F001,华东工厂,1000,3,S001,核心零部件供应商A,核心,0.85,1.3840794419121643,0.9538640186029279,0.8656259865220882,0.8571405901367544,0.6789999999999999,0.9357879372686005,0.7020909204692143,0.8529460604389651,598,False
2024-10-04,2024,10,F001,华东工厂,1000,3,S002,电子元件供应商B,核心,0.8,0.736425925891029,0.9754524691369657,0.786001904550306,0.8493059720128747,0.6789999999999999,0.9153706797292962,0.716615831444068,0.8515720194801906,610,False
2024-10-04,2024,10,F001,华东工厂,1000,3,S003,结构件供应商C,普通,0.9,4.363912967729938,0.8545362344090021,0.8624732433156762,0.8749126828688197,0.6789999999999999,0.9250226169561171,0.8295020166011562,0.8462646148818294,701,False
2024-10-04,2024,10,F001,华东工厂,1000,3,S004,配件供应商D,普通,0.88,0.45360092305327226,0.9848799692315576,0.8948321311407785,0.9406177206616284,0.6789999999999999,0.895587206563361,0.7487437999750722,0.8727003322395294,653,False
2024-10-04,2024,10,F001,华东工厂,1000,3,S005,新材料供应商E,普通,0.75,6.633014232544376,0.7788995255818542,0.6742073746776958,0.6807472969976799,0.6789999999999999,0.9208281513774518,0.8635331842569683,0.777264735639668,671,False
2024-10-04,2024,10,F002,华南工厂,800,5,S001,核心零部件供应商A,核心,0.85,6.5981346305989605,0.7800621789800346,0.7938189272029762,0.8271168150793863,0.695625,0.848152031227933,0.8790992779895247,0.7727766941333825,543,False
2024-10-04,2024,10,F002,华南工厂,800,5,S002,电子元件供应商B,核心,0.8,0.9480088407899566,0.9683997053070015,0.774753632537741,0.7445119682243826,0.695625,0.8348382934662559,0.8062127107170217,0.7788253215826336,502,False
2024-10-04,2024,10,F002,华南工厂,800,5,S003,结构件供应商C,普通,0.9,7.1526388703066655,0.7615787043231111,0.7652629249394118,0.7661942718722825,0.695625,0.8544453226489648,0.7956996911090969,0.7578498426368865,482,False
2024-10-04,2024,10,F002,华南工厂,800,5,S004,配件供应商D,普通,0.88,5.175067323364817,0.8274977558878395,0.8262657663233923,0.8441692497136416,0.695625,0.8685321101608882,0.7660154961734297,0.7831421900854435,479,False
2024-10-04,2024,10,F002,华南工厂,800,5,S005,新材料供应商E,普通,0.75,8.394013978053161,0.7201995340648946,0.6166346947761848,0.6497865166702721,0.695625,0.833651982061853,0.8736602397234319,0.7023192281986315,490,False
2024-10-04,2024,10,F003,华北工厂,1200,2,S001,核心零部件供应商A,核心,0.85,0.7404481906125612,0.975318393646248,0.8089917229242034,0.8275279669381405,0.6964166666666667,0.9608902797248692,0.8945063107861633,0.858139584143298,921,False
2024-10-04,2024,10,F003,华北工厂,1200,2,S002,电子元件供应商B,核心,0.8,4.29200962237956,0.856933012587348,0.723784718500424,0.7668267678903543,0.6964166666666667,0.9307984749173299,0.7648941123187623,0.782879115086764,718,False
2024-10-04,2024,10,F003,华北工厂,1200,2,S003,结构件供应商C,普通,0.9,0.10276954568273935,0.996574348477242,0.8918057104477397,0.906551974074059,0.6964166666666667,0.9292392551372515,0.8667118478264144,0.876573723228572,911,False
2024-10-04,2024,10,F003,华北工厂,1200,2,S004,配件供应商D,普通,0.88,1.1703731982969912,0.960987560056767,0.8762493453439816,0.8674815524869285,0.6964166666666667,0.9306170193994837,0.844175599714439,0.8686419350728981,879,False
2024-10-04,2024,10,F003,华北工厂,1200,2,S005,新材料供应商E,普通,0.75,0.2088732217719033,0.9930375592742698,0.7706170604764794,0.7462793469023636,0.6964166666666667,0.947372016582404,0.9494070743505391,0.833762378282661,949,False
2024-10-05,2024,10,F001,华东工厂,1000,3,S001,核心零部件供应商A,核心,0.85,0.8292235391897913,0.9723592153603403,0.8363059301548909,0.8211922426317727,0.6789999999999999,0.9342959411378877,0.8415451728062677,0.8247453682211985,694,False
2024-10-05,2024,10,F001,华东工厂,1000,3,S002,电子元件供应商B,核心,0.8,1.1252936374632492,0.9624902120845583,0.7609700178384667,0.7817264521841194,0.6789999999999999,0.9366980649568689,0.7097345041719163,0.8138238052631791,577,False
2024-10-05,2024,10,F001,华东工厂,1000,3,S003,结构件供应商C,普通,0.9,5.4442177820787006,0.81852607393071,0.8397649593065694,0.9003664325144588,0.6789999999999999,0.9293352092521789,0.8467341266397267,0.8403204250185149,711,False
2024-10-05,2024,10,F001,华东工厂,1000,3,S004,配件供应商D,普通,0.88,2.609297822951457,0.9130234059016181,0.8771057342619003,0.8623414288060203,0.6789999999999999,0.8829196328300319,0.8492129692219398,0.8262001264040338,701,False
2024-10-05,2024,10,F001,华东工厂,1000,3,S005,新材料供应商E,普通,0.75,7.9008645123487025,0.7366378495883765,0.6471095738921042,0.6639240158562523,0.6789999999999999,0.8805838983665347,0.9489077773747208,0.7391448659524182,701,False
2024-10-05,2024,10,F002,华南工厂,800,5,S001,核心零部件供应商A,核心,0.85,11.908623936972937,0.6030458687675688,0.7036636471231742,0.7010568770901916,0.695625,0.8638361964366745,0.7133369992472244,0.7432522318454333,424,False
2024-10-05,2024,10,F002,华南工厂,800,5,S002,电子元件供应商B,核心,0.8,1.8196115363713556,0.9393462821209548,0.7995288137016828,0.8346624326327007,0.695625,0.8611658334951159,0.7418392580591953,0.8087732533501087,479,False
2024-10-05,2024,10,F002,华南工厂,800,5,S003,结构件供应商C,普通,0.9,2.0815989945544193,0.930613366848186,0.8910349456858278,0.9233644849717021,0.695625,0.8237663449906643,0.7390516421716554,0.8580361257669155,507,False
2024-10-05,2024,10,F002,华南工厂,800,5,S004,配件供应商D,普通,0.88,3.031312462477169,0.8989562512507611,0.8114207465288854,0.8226255446109371,0.695625,0.8420459177218617,0.8669401479007882,0.8507378152790326,590,False
2024-10-05,2024,10,F002,华南工厂,800,5,S005,新材料供应商E,普通,0.75,5.448778922768371,0.818374035907721,0.6923518435454433,0.7322778589564584,0.695625,0.8669303618345467,0.9007027337061251,0.7789085030728041,561,False
2024-10-05,2024,10,F003,华北工厂,1200,2,S001,核心零部件供应商A,核心,0.85,9.726444634524574,0.6757851788491809,0.6926034774849517,0.7844618864471382,0.6964166666666667,0.9179363448538352,0.8431518082205056,0.7564118812033602,765,False
2024-10-05,2024,10,F003,华北工厂,1200,2,S002,电子元件供应商B,核心,0.8,0.9730901390778255,0.9675636620307392,0.7900476735579918,0.8130059667089345,0.6964166666666667,0.9052186873779112,0.7129973379944268,0.8355171756026246,714,False
2024-10-05,2024,10,F003,华北工厂,1200,2,S003,结构件供应商C,普通,0.9,0.09677556462181443,0.9967741478459395,0.8823996585012805,0.8779295025203646,0.6964166666666667,0.9586314253736212,0.9207287041296806,0.8817346978171567,974,False
2024-10-05,2024,10,F003,华北工厂,1200,2,S004,配件供应商D,普通,0.88,3.228017934328225,0.8923994021890591,0.8412315497619606,0.8309983126854991,0.6964166666666667,0.9366706174352953,0.8843565214426693,0.8402513726299587,891,False
2024-10-05,2024,10,F003,华北工厂,1200,2,S005,新材料供应商E,普通,0.75,1.012800723231203,0.9662399758922933,0.7431130695757597,0.7453563576134188,0.6964166666666667,0.9638499311806293,0.7155985171495692,0.79576044808472,683,False
2024-10-06,2024,10,F001,华东工厂,1000,3,S001,核心零部件供应商A,核心,0.85,1.225163851713102,0.9591612049428966,0.8395048522792498,0.8487583555291952,0.6789999999999999,0.8966743159898019,0.7526982753875071,0.8240065928605738,620,False
2024-10-06,2024,10,F001,华东工厂,1000,3,S002,电子元件供应商B,核心,0.8,0.7816243109292238,0.9739458563023592,0.7549803858864068,0.7480530782759601,0.6789999999999999,0.8759557346783998,0.8995732993022967,0.7942465823025043,714,False
2024-10-06,2024,10,F001,华东工厂,1000,3,S003,结构件供应商C,普通,0.9,1.184705916150805,0.9605098027949732,0.8619307151315452,0.8390951235871109,0.6789999999999999,0.9023695172161685,0.7888299371184719,0.8215754068499724,648,False
2024-10-06,2024,10,F001,华东工厂,1000,3,S004,配件供应商D,普通,0.88,3.3625203940473316,0.887915986865089,0.8230949442409223,0.8330569017158546,0.6789999999999999,0.9276236668608402,0.7387313277858606,0.8061277167839733,595,False
2024-10-06,2024,10,F001,华东工厂,1000,3,S005,新材料供应商E,普通,0.75,0.2590825915171189,0.991363913616096,0.7083994755959602,0.703896348948395,0.6789999999999999,0.9370405695236144,0.7342871220381857,0.7863671413998764,577,False
2024-10-06,2024,10,F002,华南工厂,800,5,S001,核心零部件供应商A,核心,0.85,2.6074993246090887,0.9130833558463637,0.7897469944289314,0.7902882438879544,0.695625,0.8214724215543718,0.821958579636003,0.813165579157289,534,False
2024-10-06,2024,10,F002,华南工厂,800,5,S002,电子元件供应商B,核心,0.8,0.25756374573032403,0.9914145418089892,0.7588504783485108,0.7470364222952056,0.695625,0.8262827890573959,0.8812515190747796,0.7540523005166777,531,False
2024-10-06,2024,10,F002,华南工厂,800,5,S003,结构件供应商C,普通,0.9,2.5619736586944817,0.9146008780435173,0.8841598669064618,0.9046105876035759,0.695625,0.841717576641089,0.8345056763409757,0.8609177673446083,574,False
2024-10-06,2024,10,F002,华南工厂,800,5,S004,配件供应商D,普通,0.88,5.499771546718908,0.8166742817760364,0.7756494805352157,0.7606679515774745,0.695625,0.8840539297669587,0.8231422676883243,0.7815679851119293,514,False
2024-10-06,2024,10,F002,华南工厂,800,5,S005,新材料供应商E,普通,0.75,1.9801868940224718,0.9339937701992509,0.7167586897618694,0.7478334469143965,0.695625,0.8445375529518617,0.7820582764195848,0.7996713244069701,500,False
2024-10-06,2024,10,F003,华北工厂,1200,2,S001,核心零部件供应商A,核心,0.85,1.8153534772551387,0.9394882174248287,0.8144512692335905,0.824799619279979,0.6964166666666667,0.9452390069868262,0.8448286166654844,0.8097407188815308,820,False
2024-10-06,2024,10,F003,华北工厂,1200,2,S002,电子元件供应商B,核心,0.8,2.017825425943596,0.9327391524685468,0.7484302844614812,0.7682519862953936,0.6964166666666667,0.8980664860286041,0.8654168149072972,0.8220492363330993,853,False
2024-10-06,2024,10,F003,华北工厂,1200,2,S003,结构件供应商C,普通,0.9,0.45673988286313716,0.9847753372378955,0.867318389721689,0.8760439737269902,0.6964166666666667,0.9218269940851712,0.7457094449672043,0.8346524157591821,746,False
2024-10-06,2024,10,F003,华北工厂,1200,2,S004,配件供应商D,普通,0.88,5.241120480310547,0.8252959839896484,0.8107378619197716,0.8050126223604711,0.6964166666666667,0.9413498736249455,0.7357502806664316,0.8096208043473171,714,False
2024-10-06,2024,10,F003,华北工厂,1200,2,S005,新材料供应商E,普通,0.75,1.4078432392644946,0.9530718920245168,0.721755714190598,0.7576098895856012,0.6964166666666667,0.9423234616815309,0.9112802128740086,0.7954885181334218,869,False
2024-10-07,2024,10,F001,华东工厂,1000,3,S001,核心零部件供应商A,核心,0.85,4.76782350867567,0.841072549710811,0.7928558151430508,0.7635206991319122,0.6789999999999999,0.8963521801142821,0.9185179433262962,0.7845374665330891,720,False
2024-10-07,2024,10,F001,华东工厂,1000,3,S002,电子元件供应商B,核心,0.8,0.8617223204763962,0.9712759226507868,0.7944340651549351,0.8056905738696499,0.6789999999999999,0.9370803828474304,0.738012141856123,0.8302202319008302,612,False
2024-10-07,2024,10,F001,华东工厂,1000,3,S003,结构件供应商C,普通,0.9,1.8392594814752865,0.9386913506174904,0.8581201676084533,0.8502690155781065,0.6789999999999999,0.9265825965467223,0.7100147797626736,0.8273312104045719,587,False
2024-10-07,2024,10,F001,华东工厂,1000,3,S004,配件供应商D,普通,0.88,1.0336501602115769,0.9655449946596141,0.8517158785524613,0.8297290919806446,0.6789999999999999,0.9086084358215755,0.8165748532349546,0.8515699059180462,695,False
2024-10-07,2024,10,F001,华东工厂,1000,3,S005,新材料供应商E,普通,0.75,4.288553240711595,0.8570482253096134,0.6954982208758531,0.6590799696911316,0.6789999999999999,0.9487838513819894,0.9498894258126096,0.7427384228760405,705,False
2024-10-07,2024,10,F002,华南工厂,800,5,S001,核心零部件供应商A,核心,0.85,4.4018481704183205,0.8532717276527226,0.8110737304880181,0.800113651897644,0.695625,0.8380126701231936,0.82764518936489,0.7750715797127716,513,False
2024-10-07,2024,10,F002,华南工厂,800,5,S002,电子元件供应商B,核心,0.8,2.86454229282214,0.9045152569059287,0.7622317115044528,0.7888336822910891,0.695625,0.8369833454874007,0.708727888164056,0.7828026755784654,443,False
2024-10-07,2024,10,F002,华南工厂,800,5,S003,结构件供应商C,普通,0.9,2.4032661520094067,0.9198911282663531,0.8879437693035772,0.8813841369587001,0.695625,0.8189373589326234,0.7124035933347093,0.8186972847781115,466,False
2024-10-07,2024,10,F002,华南工厂,800,5,S004,配件供应商D,普通,0.88,3.868573416330257,0.8710475527889914,0.8282444966614341,0.8014396996448058,0.695625,0.8337081041365912,0.7949378807298293,0.7880035552597161,501,False
2024-10-07,2024,10,F002,华南工厂,800,5,S005,新材料供应商E,普通,0.75,4.850079145547485,0.8383306951484172,0.717956351051677,0.6995078379072269,0.695625,0.8565002827251308,0.7592333312266621,0.7429185384538617,451,False
2024-10-07,2024,10,F003,华北工厂,1200,2,S001,核心零部件供应商A,核心,0.85,3.393962452353169,0.8868679182548944,0.8167760548498747,0.8201921368591653,0.6964166666666667,0.927200163664451,0.7047888713878132,0.806112445508086,681,False
2024-10-07,2024,10,F003,华北工厂,1200,2,S002,电子元件供应商B,核心,0.8,5.260939355635276,0.8246353548121574,0.7605312407455065,0.76466657589193,0.6964166666666667,0.9259454396817471,0.7075259680528296,0.7537755137409483,639,False
2024-10-07,2024,10,F003,华北工厂,1200,2,S003,结构件供应商C,普通,0.9,9.770693087540794,0.6743102304153068,0.7635476891555081,0.7694230465658286,0.6964166666666667,0.9539004139017644,0.8696249920731594,0.7481208494091964,780,False
2024-10-07,2024,10,F003,华北工厂,1200,2,S004,配件供应商D,普通,0.88,1.1461967263944945,0.9617934424535168,0.8698159476151343,0.8858179731522611,0.6964166666666667,0.9207462593578409,0.9408400801115094,0.848055438079945,957,False
2024-10-07,2024,10,F003,华北工厂,1200,2,S005,新材料供应商E,普通,0.75,0.031013240352235356,0.9989662253215922,0.7694375076594389,0.8005888373023933,0.6964166666666667,0.9182336102594189,0.7197348507366388,0.7888122193016062,681,False
2024-10-08,2024,10,F001,华东工厂,1000,3,S001,核心零部件供应商A,核心,0.85,1.7544830782799985,0.9415172307240001,0.8087412854767795,0.7711999380839577,0.6789999999999999,0.9006313230343928,0.9321576405288485,0.7963553296064928,742,False
2024-10-08,2024,10,F001,华东工厂,1000,3,S002,电子元件供应商B,核心,0.8,0.191403453390514,0.9936198848869828,0.7755399358946085,0.7844916912915976,0.6789999999999999,0.9088960353142524,0.8253794900875415,0.8258668238766727,681,False
2024-10-08,2024,10,F001,华东工厂,1000,3,S003,结构件供应商C,普通,0.9,0.8497103653711408,0.9716763211542954,0.9287670953627497,0.9175989208341817,0.6789999999999999,0.9264949801314459,0.8444727781735221,0.8900079044986597,751,False
2024-10-08,2024,10,F001,华东工厂,1000,3,S004,配件供应商D,普通,0.88,7.04148535127522,0.7652838216241593,0.7880466011695144,0.8090170097699045,0.6789999999999999,0.9227089205662872,0.8027993722206364,0.7673917276982659,616,False
2024-10-08,2024,10,F001,华东工厂,1000,3,S005,新材料供应商E,普通,0.75,1.5445323578404486,0.948515588071985,0.7252901456793411,0.7431079477120205,0.6789999999999999,0.8879117744497683,0.7476524582686124,0.7990792681567186,597,False
2024-10-08,2024,10,F002,华南工厂,800,5,S001,核心零部件供应商A,核心,0.85,0.6123488844567935,0.9795883705181069,0.8246029175526035,0.7680593267821153,0.695625,0.854586282568693,0.7719863356689981,0.8414084551151105,519,False
2024-10-08,2024,10,F002,华南工厂,800,5,S002,电子元件供应商B,核心,0.8,2.0366654689275805,0.9321111510357474,0.7884513166466279,0.7397073769435383,0.695625,0.8258193120602163,0.7291457686389241,0.7741569246148944,451,False
2024-10-08,2024,10,F002,华南工厂,800,5,S003,结构件供应商C,普通,0.9,2.373574786618213,0.9208808404460596,0.8588500570694072,0.8803049290922278,0.695625,0.8670435776961604,0.9328887285773702,0.8745354048488234,652,False
2024-10-08,2024,10,F002,华南工厂,800,5,S004,配件供应商D,普通,0.88,5.1607902904679595,0.8279736569844014,0.8424967821190065,0.86679346176884,0.695625,0.8456652697119151,0.7816986764644442,0.8285998652334123,518,False
2024-10-08,2024,10,F002,华南工厂,800,5,S005,新材料供应商E,普通,0.75,0.03260984412904415,0.9989130051956985,0.7589267016284906,0.7741177109542783,0.695625,0.8535443757014337,0.8159954245417218,0.7877205005285071,514,False
2024-10-08,2024,10,F003,华北工厂,1200,2,S001,核心零部件供应商A,核心,0.85,0.3791025284679209,0.9873632490510693,0.8476075823636319,0.8272243546756805,0.6964166666666667,0.9484668389721714,0.7258162522187621,0.8778020158629443,764,False
2024-10-08,2024,10,F003,华北工厂,1200,2,S002,电子元件供应商B,核心,0.8,0.5681250793891748,0.9810624973536942,0.7575383845559125,0.7750057188828253,0.6964166666666667,0.9386805075821837,0.7868796988284386,0.8223280524673453,776,False
2024-10-08,2024,10,F003,华北工厂,1200,2,S003,结构件供应商C,普通,0.9,0.1549838556405147,0.9948338714786495,0.9002652511855542,0.8912162346794964,0.6964166666666667,0.909589173652602,0.8534925765813082,0.86346159349597,884,False
2024-10-08,2024,10,F003,华北工厂,1200,2,S004,配件供应商D,普通,0.88,0.874500529429844,0.9708499823523385,0.8298630902134665,0.8607227215971431,0.6964166666666667,0.9485912600040696,0.8193375995306003,0.8574611958858382,843,False
2024-10-08,2024,10,F003,华北工厂,1200,2,S005,新材料供应商E,普通,0.75,1.2961316369394498,0.9567956121020184,0.756869623111454,0.7413113837405452,0.6964166666666667,0.9184387570007256,0.7211720854688266,0.7788105847473675,673,False
2024-10-09,2024,10,F001,华东工厂,1000,3,S001,核心零部件供应商A,核心,0.85,1.8859747869325283,0.9371341737689157,0.8479583684935751,0.8460183425938633,0.6789999999999999,0.8988886130410415,0.9021014347234226,0.8140850318796263,734,False
2024-10-09,2024,10,F001,华东工厂,1000,3,S002,电子元件供应商B,核心,0.8,5.20540497645347,0.8264865007848843,0.7147504221902599,0.6476605513408356,0.6789999999999999,0.9182152437915178,0.7296609414353951,0.7358629891685277,536,False
2024-10-09,2024,10,F001,华东工厂,1000,3,S003,结构件供应商C,普通,0.9,8.142933314225875,0.7285688895258042,0.7845774236451253,0.8432926596543144,0.6789999999999999,0.9094633631258189,0.8019370262506831,0.7799315466463037,625,False
2024-10-09,2024,10,F001,华东工厂,1000,3,S004,配件供应商D,普通,0.88,0.5274162223598122,0.9824194592546729,0.8754761090643689,0.8770753316823318,0.6789999999999999,0.9444693068013421,0.7171126131415042,0.8571165368121099,614,False
2024-10-09,2024,10,F001,华东工厂,1000,3,S005,新材料供应商E,普通,0.75,1.6221384682290454,0.9459287177256985,0.7350567244228033,0.7078464796713235,0.6789999999999999,0.9135966215907582,0.7192007620786054,0.7836172842246774,563,False
2024-10-09,2024,10,F002,华南工厂,800,5,S001,核心零部件供应商A,核心,0.85,1.3139627531949087,0.9562012415601697,0.7876795907163741,0.8219946925089858,0.695625,0.8580660078049056,0.8529577550258053,0.8287638202737401,565,False
2024-10-09,2024,10,F002,华南工厂,800,5,S002,电子元件供应商B,核心,0.8,1.4026181406458345,0.9532460619784722,0.7719940874590273,0.7633302283780428,0.695625,0.8286142628916234,0.8689557312760183,0.7641923774446839,531,False
2024-10-09,2024,10,F002,华南工厂,800,5,S003,结构件供应商C,普通,0.9,3.220235920968754,0.8926588026343749,0.8483858981584022,0.8280043610642116,0.695625,0.8424591166173148,0.9068255374343115,0.8173419168202868,592,False
2024-10-09,2024,10,F002,华南工厂,800,5,S004,配件供应商D,普通,0.88,0.12845701389304368,0.9957180995368985,0.8541187693526434,0.8453511128893282,0.695625,0.8530620398586864,0.7578451590942119,0.8520452753969625,516,False
2024-10-09,2024,10,F002,华南工厂,800,5,S005,新材料供应商E,普通,0.75,2.0940407298414248,0.9301986423386192,0.7308954481409558,0.7232175312908632,0.695625,0.8774081938796773,0.8008026582959556,0.8093741473470795,518,False
2024-10-09,2024,10,F003,华北工厂,1200,2,S001,核心零部件供应商A,核心,0.85,4.187796555946963,0.8604067814684346,0.8304699835908359,0.8409982587377071,0.6964166666666667,0.9725276081133726,0.9061178794011372,0.829602949657135,902,False
2024-10-09,2024,10,F003,华北工厂,1200,2,S002,电子元件供应商B,核心,0.8,0.47500516448906255,0.9841664945170312,0.7967041499990912,0.8343485083031663,0.6964166666666667,0.9353574136290309,0.7947601213457587,0.858072981071681,818,False
2024-10-09,2024,10,F003,华北工厂,1200,2,S003,结构件供应商C,普通,0.9,7.397456334214077,0.7534181221928641,0.8021316873364351,0.7879337359314437,0.6964166666666667,0.9870041160001144,0.777117070372371,0.7420749167613544,692,False
2024-10-09,2024,10,F003,华北工厂,1200,2,S004,配件供应商D,普通,0.88,2.5532103033811957,0.9148929898872935,0.8380397814860477,0.8354715388019104,0.6964166666666667,0.9701526711782736,0.7864515246026063,0.821416142635276,775,False
2024-10-09,2024,10,F003,华北工厂,1200,2,S005,新材料供应商E,普通,0.75,3.3359421616468143,0.8888019279451062,0.7352341174545122,0.721003754197408,0.6964166666666667,0.9414686903848223,0.8648764954128317,0.7841200585294266,813,False
2024-10-10,2024,10,F001,华东工厂,1000,3,S001,核心零部件供应商A,核心,0.85,3.4946943542919016,0.8835101881902699,0.8093618643925553,0.7748058128549521,0.6789999999999999,0.8956995626393952,0.8366146354320311,0.7808771285301517,653,False
2024-10-10,2024,10,F001,华东工厂,1000,3,S002,电子元件供应商B,核心,0.8,1.6196997358178753,0.9460100088060708,0.7718475329955744,0.7616927140668055,0.6789999999999999,0.9399220446685113,0.9244911617119471,0.8078194606106922,746,False
2024-10-10,2024,10,F001,华东工厂,1000,3,S003,结构件供应商C,普通,0.9,0.2636348798988282,0.9912121706700391,0.8792360580877989,0.8724936894723494,0.6789999999999999,0.8873466189624621,0.758453208273266,0.8503250857392181,644,False
2024-10-10,2024,10,F001,华东工厂,1000,3,S004,配件供应商D,普通,0.88,0.07197991394642596,0.9976006695351192,0.871471053030169,0.8562529107123547,0.6789999999999999,0.8981219365595939,0.7098479584232048,0.8338026425123012,591,False
2024-10-10,2024,10,F001,华东工厂,1000,3,S005,新材料供应商E,普通,0.75,2.55959476305937,0.9146801745646876,0.710829746739855,0.7083840619352745,0.6789999999999999,0.9063516372892092,0.8968429895373182,0.7829810675641136,702,False
2024-10-10,2024,10,F002,华南工厂,800,5,S001,核心零部件供应商A,核心,0.85,1.0977215306166968,0.9634092823127768,0.8363855085311205,0.8212701059463742,0.695625,0.8568876843475707,0.8360496656259255,0.8250624923515321,551,False
2024-10-10,2024,10,F002,华南工厂,800,5,S002,电子元件供应商B,核心,0.8,0.9657407503100415,0.967808641656332,0.7667333326148491,0.7947661661117883,0.695625,0.8451650072221311,0.8374671406940513,0.8241207087691703,552,False
2024-10-10,2024,10,F002,华南工厂,800,5,S003,结构件供应商C,普通,0.9,0.15569023082943706,0.9948103256390187,0.921869516547696,0.9137990201552513,0.695625,0.8381836580252838,0.7565197677526406,0.8695570691215124,526,False
2024-10-10,2024,10,F002,华南工厂,800,5,S004,配件供应商D,普通,0.88,5.09981667652306,0.8300061107825647,0.7654934683359732,0.7471927790110225,0.695625,0.8635471904337284,0.7128234622453038,0.7505618726216514,428,False
2024-10-10,2024,10,F002,华南工厂,800,5,S005,新材料供应商E,普通,0.75,2.0349848585688823,0.9321671713810372,0.685919346017368,0.6656549107061702,0.695625,0.8634626404137942,0.7403418395970958,0.7044002357067659,417,False
2024-10-10,2024,10,F003,华北工厂,1200,2,S001,核心零部件供应商A,核心,0.85,2.5458673598045656,0.9151377546731811,0.8261023871255858,0.8475319552017954,0.6964166666666667,0.9365610413017744,0.7670435919362283,0.8261474956168618,760,False
2024-10-10,2024,10,F003,华北工厂,1200,2,S002,电子元件供应商B,核心,0.8,1.3439033222209678,0.9552032225926345,0.8160431471637284,0.7900910043485946,0.6964166666666667,0.9713559226239294,0.7483588357391207,0.8058423110554342,723,False
2024-10-10,2024,10,F003,华北工厂,1200,2,S003,结构件供应商C,普通,0.9,3.077517357114079,0.8974160880961973,0.8643051399813292,0.8545375192667355,0.6964166666666667,0.9337496767864866,0.7574984384908101,0.8451886561243893,768,False
2024-10-10,2024,10,F003,华北工厂,1200,2,S004,配件供应商D,普通,0.88,1.5895359304590087,0.9470154689846997,0.871912917621457,0.8375358999219871,0.6964166666666667,0.9503303456879582,0.9060876118123373,0.874124810245841,950,False
2024-10-10,2024,10,F003,华北工厂,1200,2,S005,新材料供应商E,普通,0.75,1.5174752530256084,0.949417491565813,0.7406672334944056,0.7197913908900623,0.6964166666666667,0.9680285800453214,0.7676609854954414,0.7718808389364361,711,False
2024-10-11,2024,10,F001,华东工厂,1000,3,S001,核心零部件供应商A,核心,0.85,0.2541571875118148,0.9915280937496062,0.8585039138639478,0.8919669127853818,0.6789999999999999,0.9310558311380543,0.7723598804048719,0.8576658584410599,662,False
2024-10-11,2024,10,F001,华东工厂,1000,3,S002,电子元件供应商B,核心,0.8,1.8915382333542268,0.9369487255548591,0.7484965731328393,0.8014962378115824,0.6789999999999999,0.8732785602499492,0.8410579541711339,0.7883986208458139,663,False
2024-10-11,2024,10,F001,华东工厂,1000,3,S003,结构件供应商C,普通,0.9,5.702872576807991,0.8099042474397337,0.8330178127679939,0.8493026633061143,0.6789999999999999,0.9393916507472178,0.7040500993348667,0.8117862781345548,571,False
2024-10-11,2024,10,F001,华东工厂,1000,3,S004,配件供应商D,普通,0.88,5.1175230766798965,0.8294158974440035,0.8182119494583918,0.7964845534966416,0.6789999999999999,0.9217266595115627,0.7257106480393691,0.7849728571804064,569,False
2024-10-11,2024,10,F001,华东工厂,1000,3,S005,新材料供应商E,普通,0.75,0.40387092574993116,0.9865376358083356,0.7358894960685115,0.7627312015079256,0.6789999999999999,0.9280324675211873,0.8507875300307367,0.8428993364046828,717,False
2024-10-11,2024,10,F002,华南工厂,800,5,S001,核心零部件供应商A,核心,0.85,3.4421391019205934,0.8852620299359802,0.7668274505180572,0.8216578800065482,0.695625,0.8683593534133273,0.7565681075007965,0.7829464040300954,473,False
2024-10-11,2024,10,F002,华南工厂,800,5,S002,电子元件供应商B,核心,0.8,3.5364195084600576,0.8821193497179981,0.7652203422893941,0.725732241057171,0.695625,0.8338356318242672,0.714985825215327,0.7784315239445849,445,False
2024-10-11,2024,10,F002,华南工厂,800,5,S003,结构件供应商C,普通,0.9,0.4211458169299118,0.9859618061023363,0.9151405476059092,0.9249036533889236,0.695625,0.8442766272662405,0.9322148874613914,0.8330819233392031,621,False
2024-10-11,2024,10,F002,华南工厂,800,5,S004,配件供应商D,普通,0.88,1.2102733463226911,0.959657555122577,0.8559140221352209,0.8552366839023884,0.695625,0.8462876506416416,0.7069630602052686,0.8164752368246113,461,False
2024-10-11,2024,10,F002,华南工厂,800,5,S005,新材料供应商E,普通,0.75,2.993928889036694,0.9002023703654436,0.7414416799596802,0.6752491145081683,0.695625,0.8390831482805784,0.8659561187131812,0.7492368458188711,519,False
2024-10-11,2024,10,F003,华北工厂,1200,2,S001,核心零部件供应商A,核心,0.85,10.08328225769852,0.6638905914100492,0.7395973633802595,0.7972988022522081,0.6964166666666667,0.9245383308885903,0.7224692129340401,0.7600688993422968,658,False
2024-10-11,2024,10,F003,华北工厂,1200,2,S002,电子元件供应商B,核心,0.8,2.755720047635259,0.9081426650788247,0.7758247067522823,0.7686394856893339,0.6964166666666667,0.9186473029879804,0.8786797083755089,0.80411201073075,847,False
2024-10-11,2024,10,F003,华北工厂,1200,2,S003,结构件供应商C,普通,0.9,1.0416738808670938,0.9652775373044302,0.922406076889267,0.9297506581061032,0.6964166666666667,0.9422255353610655,0.869090266968181,0.8861650923273754,924,False
2024-10-11,2024,10,F003,华北工厂,1200,2,S004,配件供应商D,普通,0.88,3.414865904037379,0.8861711365320873,0.8276022287031539,0.8351799265245267,0.6964166666666667,0.9530529281435415,0.8584278999413822,0.811191299834406,835,False
2024-10-11,2024,10,F003,华北工厂,1200,2,S005,新材料供应商E,普通,0.75,2.7002290650301912,0.9099923644989936,0.7395477787839118,0.7021799614354751,0.6964166666666667,0.9005999908916225,0.7336440667760269,0.7848881239663427,690,False
2024-10-12,2024,10,F001,华东工厂,1000,3,S001,核心零部件供应商A,核心,0.85,0.29753531792670196,0.99008215606911,0.83058112735013,0.8391951279738196,0.6789999999999999,0.940702974400151,0.894955221002517,0.8361601392386471,748,False
2024-10-12,2024,10,F001,华东工厂,1000,3,S002,电子元件供应商B,核心,0.8,0.37743337433637175,0.9874188875221209,0.7690173622092038,0.7462816763290275,0.6789999999999999,0.9104971500750254,0.9127876838564954,0.8076801000625039,737,False
2024-10-12,2024,10,F001,华东工厂,1000,3,S003,结构件供应商C,普通,0.9,9.484060709321172,0.6838646430226276,0.769907244436167,0.852886632869345,0.6789999999999999,0.9119827667883625,0.7949947697413486,0.7665500944077844,609,False
2024-10-12,2024,10,F001,华东工厂,1000,3,S004,配件供应商D,普通,0.88,2.802869857617494,0.9065710047460835,0.8111130786676947,0.793259975508263,0.6789999999999999,0.9043422655896075,0.724161208571938,0.7874536123544233,570,False
2024-10-12,2024,10,F001,华东工厂,1000,3,S005,新材料供应商E,普通,0.75,0.5840216235236709,0.980532612549211,0.7420694832174937,0.750311740299884,0.6789999999999999,0.9313791907055028,0.9488922251226719,0.818188116034945,776,False
2024-10-12,2024,10,F002,华南工厂,800,5,S001,核心零部件供应商A,核心,0.85,2.6219535533404277,0.9126015482219858,0.8016167330404419,0.8320560946336243,0.695625,0.8336456904853974,0.8681268156684122,0.7834792460736747,544,False
2024-10-12,2024,10,F002,华南工厂,800,5,S002,电子元件供应商B,核心,0.8,3.4389206230693077,0.8853693125643565,0.7383017571816606,0.7263287915670328,0.695625,0.8316614490934013,0.8446231270573324,0.7800018727747069,527,False
2024-10-12,2024,10,F002,华南工厂,800,5,S003,结构件供应商C,普通,0.9,3.5468504626319475,0.8817716512456018,0.8675117359121814,0.8921035858629118,0.695625,0.8499976170288182,0.8825622973823928,0.8619660855901838,608,False
2024-10-12,2024,10,F002,华南工厂,800,5,S004,配件供应商D,普通,0.88,2.8962281409718886,0.9034590619676037,0.8283310084425105,0.776187659256149,0.695625,0.8709050202974615,0.7490614291765414,0.8054777117499489,482,False
2024-10-12,2024,10,F002,华南工厂,800,5,S005,新材料供应商E,普通,0.75,0.4024797642597434,0.9865840078580086,0.7960627294647956,0.7767968898887675,0.695625,0.8329339338634734,0.7142567285009048,0.7987926806700909,456,False
2024-10-12,2024,10,F003,华北工厂,1200,2,S001,核心零部件供应商A,核心,0.85,0.3344155471539345,0.9888528150948689,0.8688722639747785,0.9372243235706553,0.6964166666666667,0.9531472992677914,0.9050168755139123,0.8603137836484156,934,False
2024-10-12,2024,10,F003,华北工厂,1200,2,S002,电子元件供应商B,核心,0.8,0.12740429533930261,0.9957531901553566,0.8377185614764987,0.8371345005041858,0.6964166666666667,0.9232458113621006,0.8534094757473459,0.8258276913412207,845,False
2024-10-12,2024,10,F003,华北工厂,1200,2,S003,结构件供应商C,普通,0.9,6.846444866483861,0.7717851711172047,0.8042048345416591,0.8427999281138171,0.6964166666666667,0.923956908169807,0.8602413820246894,0.8383225832040301,865,False
2024-10-12,2024,10,F003,华北工厂,1200,2,S004,配件供应商D,普通,0.88,1.8830986684385387,0.937230044385382,0.8643559998494309,0.8367488439561396,0.6964166666666667,0.8994916383335904,0.9278347975196577,0.8625941709051748,960,False
2024-10-12,2024,10,F003,华北工厂,1200,2,S005,新材料供应商E,普通,0.75,0.06346903001907808,0.9978843656660308,0.7417230316049579,0.7370560607693029,0.6964166666666667,0.9553239201834821,0.7828380546840792,0.8262791281372507,776,False
2024-10-13,2024,10,F001,华东工厂,1000,3,S001,核心零部件供应商A,核心,0.85,3.377915636310788,0.8874028121229738,0.8306640901447556,0.8132927300597111,0.6789999999999999,0.8648750013050355,0.9336824788720752,0.7963639090008492,743,False
2024-10-13,2024,10,F001,华东工厂,1000,3,S002,电子元件供应商B,核心,0.8,0.8665646793742643,0.9711145106875245,0.7928063061176612,0.7634418787352271,0.6789999999999999,0.9082391106164791,0.7155091909071953,0.8058004276383596,576,False
2024-10-13,2024,10,F001,华东工厂,1000,3,S003,结构件供应商C,普通,0.9,1.2433901168839823,0.9585536627705339,0.8563352269869757,0.8569935412334357,0.6789999999999999,0.8687008522483053,0.8001760417086166,0.8188844899457044,655,False
2024-10-13,2024,10,F001,华东工厂,1000,3,S004,配件供应商D,普通,0.88,0.3669984628342045,0.9877667179055265,0.8703507598922463,0.8991494601252586,0.6789999999999999,0.941669545544992,0.8105083552327809,0.839250677251268,680,False
2024-10-13,2024,10,F001,华东工厂,1000,3,S005,新材料供应商E,普通,0.75,3.1343627612980294,0.8955212412900657,0.7142710011422364,0.7295968908166859,0.6789999999999999,0.9588916550516502,0.8454341618552966,0.7771995767570407,657,False
2024-10-13,2024,10,F002,华南工厂,800,5,S001,核心零部件供应商A,核心,0.85,1.539794684555873,0.9486735105148042,0.811518770792883,0.8006711133756153,0.695625,0.8276450069214765,0.8835914191230545,0.8086534380296054,571,False
2024-10-13,2024,10,F002,华南工厂,800,5,S002,电子元件供应商B,核心,0.8,0.7027307967010848,0.9765756401099639,0.7922460886384252,0.7718144338199848,0.695625,0.8699174395331786,0.8442454031044204,0.8174139590211653,552,False
2024-10-13,2024,10,F002,华南工厂,800,5,S003,结构件供应商C,普通,0.9,1.2715633223181793,0.9576145559227274,0.8846239078422801,0.9263458824700264,0.695625,0.8524783485268529,0.9270046363554155,0.8517852690854752,631,False
2024-10-13,2024,10,F002,华南工厂,800,5,S004,配件供应商D,普通,0.88,1.5140964207861356,0.9495301193071288,0.8423785113011195,0.8291696076878927,0.695625,0.8455662284000186,0.8489199560403824,0.8039431941729341,545,False
2024-10-13,2024,10,F002,华南工厂,800,5,S005,新材料供应商E,普通,0.75,0.25215225428271015,0.991594924857243,0.7708976517745263,0.7804120613158405,0.695625,0.8490827748126195,0.8575232817154158,0.7950912307381138,545,False
2024-10-13,2024,10,F003,华北工厂,1200,2,S001,核心零部件供应商A,核心,0.85,5.292191972806272,0.8235936009064576,0.7608926851148597,0.7878521388754067,0.6964166666666667,0.9511915412302093,0.7100713796944995,0.7713345731220392,657,False
2024-10-13,2024,10,F003,华北工厂,1200,2,S002,电子元件供应商B,核心,0.8,1.559714269620034,0.9480095243459988,0.8318745685390317,0.8478269150328015,0.6964166666666667,0.9437352410969647,0.8203194878048092,0.8512681720908483,837,False
2024-10-13,2024,10,F003,华北工厂,1200,2,S003,结构件供应商C,普通,0.9,4.977066997011134,0.8340977667662955,0.813545809087518,0.8388743059304404,0.6964166666666667,0.9365011086799737,0.8609891448619034,0.8013246204005917,827,False
2024-10-13,2024,10,F003,华北工厂,1200,2,S004,配件供应商D,普通,0.88,1.4387166435928542,0.9520427785469049,0.8615317138990238,0.8438446923792517,0.6964166666666667,0.9353133017791587,0.7540831944077067,0.8541348893628471,772,False
2024-10-13,2024,10,F003,华北工厂,1200,2,S005,新材料供应商E,普通,0.75,1.753294567115896,0.9415568477628035,0.7346006349540098,0.7708510694812167,0.6964166666666667,0.962829286359445,0.8386717561970918,0.8005246929220404,805,False
2024-10-14,2024,10,F001,华东工厂,1000,3,S001,核心零部件供应商A,核心,0.85,5.244933072296779,0.8251688975901074,0.8005197283533702,0.8177303392534467,0.6789999999999999,0.8795680631473466,0.9394864649815343,0.8449045134253057,793,False
2024-10-14,2024,10,F001,华东工厂,1000,3,S002,电子元件供应商B,核心,0.8,2.3368592524809877,0.922104691583967,0.7419609840641499,0.7571207790664919,0.6789999999999999,0.9320585546548532,0.7462095994867561,0.8278261959927122,617,False
2024-10-14,2024,10,F001,华东工厂,1000,3,S003,结构件供应商C,普通,0.9,0.18430872608623966,0.9938563757971254,0.925243365004612,0.9418701061229932,0.6789999999999999,0.8791124529330323,0.8666304941732587,0.880307860818238,762,False
2024-10-14,2024,10,F001,华东工厂,1000,3,S004,配件供应商D,普通,0.88,0.25048960731214476,0.9916503464229285,0.8519996357701866,0.8456946285364295,0.6789999999999999,0.8996563383238787,0.7966767642609944,0.8274239545183709,659,False
2024-10-14,2024,10,F001,华东工厂,1000,3,S005,新材料供应商E,普通,0.75,0.1575143120610703,0.9947495229312977,0.753754966280197,0.6788001586440535,0.6789999999999999,0.8624713428732428,0.909786652017688,0.7813512528770552,710,False
2024-10-14,2024,10,F002,华南工厂,800,5,S001,核心零部件供应商A,核心,0.85,0.47110793838316933,0.9842964020538943,0.8287725237757807,0.8290564795964611,0.695625,0.852530464100361,0.8415046062219552,0.8156883270735068,549,False
2024-10-14,2024,10,F002,华南工厂,800,5,S002,电子元件供应商B,核心,0.8,6.312026902292862,0.7895991032569046,0.7267788632120277,0.7288442351505433,0.695625,0.8920734620612344,0.7113962894871672,0.7656713433982306,435,False
2024-10-14,2024,10,F002,华南工厂,800,5,S003,结构件供应商C,普通,0.9,8.754696902202864,0.7081767699265712,0.7589196801428126,0.7835486866738647,0.695625,0.8172479016508666,0.7895349291322861,0.7590093225930744,479,False
2024-10-14,2024,10,F002,华南工厂,800,5,S004,配件供应商D,普通,0.88,13.670664276685851,0.5443111907771383,0.6858801297437807,0.653104109839283,0.695625,0.8433244225832223,0.8386829508205885,0.6770512168707604,454,False
2024-10-14,2024,10,F002,华南工厂,800,5,S005,新材料供应商E,普通,0.75,0.23959187208937383,0.9920136042636876,0.7247347169503229,0.7778397454197411,0.695625,0.7971820464131258,0.7060012612112222,0.774805860269236,437,False
2024-10-14,2024,10,F003,华北工厂,1200,2,S001,核心零部件供应商A,核心,0.85,1.2255816025763555,0.9591472799141215,0.8348453867456556,0.8500680145806542,0.6964166666666667,0.9216815054547514,0.7982867823735038,0.8616660369107908,825,False
2024-10-14,2024,10,F003,华北工厂,1200,2,S002,电子元件供应商B,核心,0.8,0.8111929135339536,0.9729602362155348,0.8015990455918025,0.832804702535585,0.6964166666666667,0.911919974072378,0.930608570914031,0.8964179902488931,1001,False
2024-10-14,2024,10,F003,华北工厂,1200,2,S003,结构件供应商C,普通,0.9,0.22654748867583258,0.9924484170441389,0.8786519564065184,0.8392864820806849,0.6964166666666667,0.9500542978354651,0.9076556901079478,0.8560778544855887,932,False
2024-10-14,2024,10,F003,华北工厂,1200,2,S004,配件供应商D,普通,0.88,0.763350839258566,0.9745549720247144,0.8382582738823181,0.7871942418830771,0.6964166666666667,0.9280515326971354,0.8827175864440401,0.8570414040281983,907,False
2024-10-14,2024,10,F003,华北工厂,1200,2,S005,新材料供应商E,普通,0.75,1.6342384456356505,0.9455253851454783,0.7535923146529923,0.7620807001882168,0.6964166666666667,0.9467944771874951,0.7149043313361647,0.803820820562236,689,False
2024-10-15,2024,10,F001,华东工厂,1000,3,S001,核心零部件供应商A,核心,0.85,3.533458928177468,0.8822180357274177,0.7949389085200093,0.7628401038222318,0.6789999999999999,0.8657991442141965,0.8299029189507519,0.8130251433055177,674,False
2024-10-15,2024,10,F001,华东工厂,1000,3,S002,电子元件供应商B,核心,0.8,16.987612510816337,0.4337462496394554,0.5814674823129399,0.4867394335609671,0.6789999999999999,0.8899787557323113,0.7396841908435774,0.6115584567537423,452,False
2024-10-15,2024,10,F001,华东工厂,1000,3,S003,结构件供应商C,普通,0.9,8.943897180656501,0.7018700939781166,0.7932035119254287,0.7581412810706349,0.6789999999999999,0.8574586928638367,0.7894528123338982,0.7467324244797808,589,False
2024-10-15,2024,10,F001,华东工厂,1000,3,S004,配件供应商D,普通,0.88,2.7025858496640023,0.9099138050111999,0.8167564021284704,0.8246628043458155,0.6789999999999999,0.9613981407095067,0.8425717346828476,0.8022688933615914,675,False
2024-10-15,2024,10,F001,华东工厂,1000,3,S005,新材料供应商E,普通,0.75,0.7075740898747201,0.976414197004176,0.7652488126764401,0.7465258513066688,0.6789999999999999,0.8775721168775567,0.8737382798357619,0.8113655442116964,708,False
2024-10-15,2024,10,F002,华南工厂,800,5,S001,核心零部件供应商A,核心,0.85,2.51376249646483,0.9162079167845056,0.8275273068799005,0.8523692891710719,0.695625,0.8447570971226419,0.7332955314168808,0.8626508103959026,506,False
2024-10-15,2024,10,F002,华南工厂,800,5,S002,电子元件供应商B,核心,0.8,0.9087242781980708,0.969709190726731,0.8240739746610646,0.7798468562942023,0.695625,0.8130518323094417,0.7016160894474276,0.7976647111648486,447,False
2024-10-15,2024,10,F002,华南工厂,800,5,S003,结构件供应商C,普通,0.9,2.0569613106592066,0.9314346229780265,0.889024175482545,0.8617779900138879,0.695625,0.8512833425124935,0.9353685593765163,0.8416655555343197,629,False
2024-10-15,2024,10,F002,华南工厂,800,5,S004,配件供应商D,普通,0.88,0.574968327050527,0.9808343890983158,0.8537427612011239,0.8518875586823034,0.695625,0.867051916065902,0.801841381053208,0.8799367501393078,564,False
2024-10-15,2024,10,F002,华南工厂,800,5,S005,新材料供应商E,普通,0.75,2.2105262780873973,0.92631579073042,0.7216056198150744,0.7230997035421594,0.695625,0.868724180191599,0.8492363058532931,0.7860166011312281,534,False
2024-10-15,2024,10,F003,华北工厂,1200,2,S001,核心零部件供应商A,核心,0.85,4.984738225008126,0.8338420591663958,0.810558836535676,0.7973964589342272,0.6964166666666667,0.9428868693459338,0.7451962876405949,0.8177780722959485,731,False
2024-10-15,2024,10,F003,华北工厂,1200,2,S002,电子元件供应商B,核心,0.8,0.9391949913819831,0.9686935002872672,0.7748903581211732,0.7524138896085055,0.6964166666666667,0.9504512384175064,0.8469979073659581,0.7794957004032564,792,False
2024-10-15,2024,10,F003,华北工厂,1200,2,S003,结构件供应商C,普通,0.9,1.6679907050511262,0.9444003098316291,0.8604782050047496,0.866478650539902,0.6964166666666667,0.9102170716420174,0.7708211008731443,0.8421319293831683,778,False
2024-10-15,2024,10,F003,华北工厂,1200,2,S004,配件供应商D,普通,0.88,1.5340414600817023,0.9488652846639433,0.8842391340034292,0.9197161058152554,0.6964166666666667,0.9378529041857196,0.8411476597333658,0.8889591048420057,897,False
2024-10-15,2024,10,F003,华北工厂,1200,2,S005,新材料供应商E,普通,0.75,3.263259225306469,0.8912246924897844,0.7188028544738685,0.7247713453683677,0.6964166666666667,0.9529899472971848,0.7123052286351903,0.7688809288082772,657,False
2024-10-16,2024,10,F001,华东工厂,1000,3,S001,核心零部件供应商A,核心,0.85,0.7883083658491452,0.9737230544716952,0.8332995807672415,0.846826322023617,0.6789999999999999,0.9005227025968094,0.914777939411729,0.837800181666569,766,False
2024-10-16,2024,10,F001,华东工厂,1000,3,S002,电子元件供应商B,核心,0.8,2.0797911171927383,0.9306736294269087,0.7496161766995706,0.7723915317807284,0.6789999999999999,0.9258359282560694,0.778149506227075,0.8133479339112082,632,False
2024-10-16,2024,10,F001,华东工厂,1000,3,S003,结构件供应商C,普通,0.9,1.5863712510950312,0.9471209582968323,0.887398440681803,0.8930246042142218,0.6789999999999999,0.9300875326952627,0.8914646609711855,0.8488829203415679,756,False
2024-10-16,2024,10,F001,华东工厂,1000,3,S004,配件供应商D,普通,0.88,3.529614321299446,0.8823461892900184,0.826326128866621,0.8388340139645656,0.6789999999999999,0.917639329150482,0.8823274501193015,0.8112586050185467,715,False
2024-10-16,2024,10,F001,华东工厂,1000,3,S005,新材料供应商E,普通,0.75,2.567425938002794,0.9144191353999068,0.7183512544658178,0.6745235063062681,0.6789999999999999,0.8962554693817198,0.8613046439611659,0.7343266308827677,632,False
2024-10-16,2024,10,F002,华南工厂,800,5,S001,核心零部件供应商A,核心,0.85,4.10200265043664,0.8632665783187786,0.7818609103521246,0.7393191126930565,0.695625,0.8333341008351501,0.8958468049989595,0.7725431577851252,553,False
2024-10-16,2024,10,F002,华南工厂,800,5,S002,电子元件供应商B,核心,0.8,7.19902949113114,0.7600323502956287,0.7308415796257256,0.7100589338947844,0.695625,0.8198362429129215,0.715607831819445,0.7116674730779362,407,False
2024-10-16,2024,10,F002,华南工厂,800,5,S003,结构件供应商C,普通,0.9,1.9976097571910931,0.9334130080936303,0.8641956827318731,0.8505746753222898,0.695625,0.8698047690741036,0.9188721625989741,0.8320285903335645,611,False
2024-10-16,2024,10,F002,华南工厂,800,5,S004,配件供应商D,普通,0.88,1.0806134282242137,0.9639795523925262,0.85285136483207,0.8655477360657805,0.695625,0.8566297052404351,0.8706351196917892,0.8464298565346003,589,False
2024-10-16,2024,10,F002,华南工厂,800,5,S005,新材料供应商E,普通,0.75,1.208681072097797,0.9597106309300735,0.7793051625304397,0.7795700066784615,0.695625,0.8290729025325925,0.7780160111630051,0.7976144613513824,496,False
2024-10-16,2024,10,F003,华北工厂,1200,2,S001,核心零部件供应商A,核心,0.85,4.864471216736409,0.8378509594421197,0.778508674080537,0.7887282981729012,0.6964166666666667,0.9640609570441184,0.9029865586594708,0.8293356269893095,898,False
2024-10-16,2024,10,F003,华北工厂,1200,2,S002,电子元件供应商B,核心,0.8,8.742440392961056,0.7085853202346315,0.6997714874844979,0.6869834307842052,0.6964166666666667,0.9480383791034784,0.8854944323784965,0.7385986457481228,784,False
2024-10-16,2024,10,F003,华北工厂,1200,2,S003,结构件供应商C,普通,0.9,3.3970338096630686,0.8867655396778977,0.8601117642305065,0.8490894466266621,0.6964166666666667,0.935925457439168,0.912274504989669,0.8813338839043419,964,False
2024-10-16,2024,10,F003,华北工厂,1200,2,S004,配件供应商D,普通,0.88,1.450590380753512,0.9516469873082163,0.8655025063799856,0.8554784129261903,0.6964166666666667,0.9131070194506115,0.8800959996466113,0.8549330211121341,902,False
2024-10-16,2024,10,F003,华北工厂,1200,2,S005,新材料供应商E,普通,0.75,2.146875618188944,0.9284374793937018,0.7059602008641882,0.7748032586106217,0.6964166666666667,0.9475762105899318,0.8773472054560965,0.8155715365832149,858,False
2024-10-17,2024,10,F001,华东工厂,1000,3,S001,核心零部件供应商A,核心,0.85,0.33414038298947935,0.988861987233684,0.85472736313898,0.8828471818936063,0.6789999999999999,0.8904335558481612,0.9198198890392516,0.8867328374262112,815,False
2024-10-17,2024,10,F001,华东工厂,1000,3,S002,电子元件供应商B,核心,0.8,3.877009106070883,0.8707663631309706,0.7438877000222931,0.7160434208739216,0.6789999999999999,0.9114544925480658,0.8578439944108441,0.7832574490112285,671,False
2024-10-17,2024,10,F001,华东工厂,1000,3,S003,结构件供应商C,普通,0.9,0.9464314296780065,0.9684522856773998,0.9057340212327615,0.8838440825181276,0.6789999999999999,0.8895482929945582,0.7026788244238397,0.8355298655201379,587,False
2024-10-17,2024,10,F001,华东工厂,1000,3,S004,配件供应商D,普通,0.88,2.357480892974273,0.9214173035675243,0.8442052569142949,0.8508495878445724,0.6789999999999999,0.8826346212254874,0.8301359593262145,0.8036986576037953,667,False
2024-10-17,2024,10,F001,华东工厂,1000,3,S005,新材料供应商E,普通,0.75,1.7430194774141161,0.9418993507528628,0.7285167969446725,0.7599523308886272,0.6789999999999999,0.8872452400837721,0.9456848852275964,0.8044939262027757,760,False
2024-10-17,2024,10,F002,华南工厂,800,5,S001,核心零部件供应商A,核心,0.85,0.8629377827903609,0.9712354072403213,0.8420715781994685,0.8252181033545681,0.695625,0.8189314440306641,0.8055480584701695,0.8557375228289303,551,False
2024-10-17,2024,10,F002,华南工厂,800,5,S002,电子元件供应商B,核心,0.8,4.612243806755168,0.8462585397748277,0.7487079688133232,0.7341642485226164,0.695625,0.830091927939505,0.8145071541459671,0.8044207731235394,524,False
2024-10-17,2024,10,F002,华南工厂,800,5,S003,结构件供应商C,普通,0.9,0.8897535745959722,0.9703415475134676,0.8883401729259051,0.9378772702865237,0.695625,0.8679317730847204,0.9489336130128307,0.8440347074101816,640,False
2024-10-17,2024,10,F002,华南工厂,800,5,S004,配件供应商D,普通,0.88,1.7141816021905583,0.9428606132603147,0.8502919031285496,0.8688861763544586,0.695625,0.8218178614448804,0.7000567595545638,0.8104250584683994,453,False
2024-10-17,2024,10,F002,华南工厂,800,5,S005,新材料供应商E,普通,0.75,7.39536634140854,0.7534877886197153,0.6671342956966548,0.6875215662514741,0.695625,0.852988389470184,0.9322019901719713,0.7394993176420429,551,False
2024-10-17,2024,10,F003,华北工厂,1200,2,S001,核心零部件供应商A,核心,0.85,1.6891781908639734,0.9436940603045342,0.8267479913119363,0.7954925649487204,0.6964166666666667,0.9153300483211019,0.8553326560389267,0.7967628067363199,817,False
2024-10-17,2024,10,F003,华北工厂,1200,2,S002,电子元件供应商B,核心,0.8,3.8051938704667485,0.8731602043177751,0.7471343240634992,0.7335205495085767,0.6964166666666667,0.9285213998406527,0.8110458517195915,0.8079551872673699,786,False
2024-10-17,2024,10,F003,华北工厂,1200,2,S003,结构件供应商C,普通,0.9,3.377211556755302,0.8874262814414899,0.8721101370617848,0.8729505245225514,0.6964166666666667,0.9357514214017906,0.9472101353259157,0.8866194396389211,1007,False
2024-10-17,2024,10,F003,华北工厂,1200,2,S004,配件供应商D,普通,0.88,1.9804841842871261,0.9339838605237625,0.8559183772886845,0.807150396288901,0.6964166666666667,0.9457682229743212,0.7863948964677032,0.8188071506815395,772,False
2024-10-17,2024,10,F003,华北工厂,1200,2,S005,新材料供应商E,普通,0.75,0.021020255804173382,0.9992993248065275,0.7213141839995355,0.7058000715860726,0.6964166666666667,0.929492222607261,0.9068809234884543,0.824534954073302,897,False
2024-10-18,2024,10,F001,华东工厂,1000,3,S001,核心零部件供应商A,核心,0.85,0.001794353014538657,0.9999401882328487,0.82869878767692,0.8050033645054423,0.6789999999999999,0.9147077652109603,0.7728402682094361,0.7993210036883286,617,False
2024-10-18,2024,10,F001,华东工厂,1000,3,S002,电子元件供应商B,核心,0.8,1.620736435978607,0.9459754521340464,0.7967904100537266,0.787749516440521,0.6789999999999999,0.9096816430999551,0.7825389875789011,0.8271786100570012,647,False
2024-10-18,2024,10,F001,华东工厂,1000,3,S003,结构件供应商C,普通,0.9,0.338836641589293,0.9887054452803569,0.8737908903900459,0.8420357787601715,0.6789999999999999,0.8915883421198825,0.8957903577309243,0.8391508743150047,751,False
2024-10-18,2024,10,F001,华东工厂,1000,3,S004,配件供应商D,普通,0.88,0.39202766141726775,0.9869324112860911,0.8564259220050421,0.8660149022825664,0.6789999999999999,0.9197000258304646,0.8361577177767839,0.8410218075599143,703,False
2024-10-18,2024,10,F001,华东工厂,1000,3,S005,新材料供应商E,普通,0.75,0.2431633466618474,0.9918945551112718,0.742902108906518,0.7495126637847244,0.6789999999999999,0.9413973287251993,0.9336988793731957,0.8193498937635033,765,False
2024-10-18,2024,10,F002,华南工厂,800,5,S001,核心零部件供应商A,核心,0.85,7.19735856046441,0.7600880479845197,0.7352528091678182,0.7085261208095565,0.695625,0.8329559673735683,0.7983301675962972,0.7160787444986825,457,False
2024-10-18,2024,10,F002,华南工厂,800,5,S002,电子元件供应商B,核心,0.8,2.3594430865047107,0.9213518971165097,0.77830285520099,0.752260938000733,0.695625,0.8397518957075176,0.8258362826515384,0.7727251071382019,510,False
2024-10-18,2024,10,F002,华南工厂,800,5,S003,结构件供应商C,普通,0.9,4.775391707343345,0.8408202764218885,0.8441766948907068,0.883192500648587,0.695625,0.8532681094804481,0.7218616254499713,0.788936574408996,455,False
2024-10-18,2024,10,F002,华南工厂,800,5,S004,配件供应商D,普通,0.88,1.4213756354530303,0.9526208121515657,0.8490830741089429,0.8462443603294643,0.695625,0.8473168871581547,0.710775027237081,0.8273588920392793,470,False
2024-10-18,2024,10,F002,华南工厂,800,5,S005,新材料供应商E,普通,0.75,0.5920434445864435,0.9802652185137852,0.7537455428182792,0.7497211875302855,0.695625,0.8580693783621584,0.727170634843673,0.7770971842223632,452,False
2024-10-18,2024,10,F003,华北工厂,1200,2,S001,核心零部件供应商A,核心,0.85,11.930897207346064,0.6023034264217979,0.7072745527411941,0.6710002420212041,0.6964166666666667,0.9639437296924485,0.7480040211850092,0.693340710450017,622,False
2024-10-18,2024,10,F003,华北工厂,1200,2,S002,电子元件供应商B,核心,0.8,0.4735460947691263,0.9842151301743625,0.7992658879647145,0.8251203920612793,0.6964166666666667,0.9150120959388094,0.8589113304881533,0.8140688706682933,839,False
2024-10-18,2024,10,F003,华北工厂,1200,2,S003,结构件供应商C,普通,0.9,1.319972957647133,0.9560009014117622,0.8861525044912355,0.8536213682375218,0.6964166666666667,0.9311381025208786,0.7330671787746204,0.8656243474469871,761,False
2024-10-18,2024,10,F003,华北工厂,1200,2,S004,配件供应商D,普通,0.88,0.6570370294768075,0.9780987656841064,0.8547375227645456,0.8239877533499828,0.6964166666666667,0.963666476208863,0.8740199653917597,0.8856357146834735,928,False
2024-10-18,2024,10,F003,华北工厂,1200,2,S005,新材料供应商E,普通,0.75,1.3506123448350302,0.954979588505499,0.72336955736376,0.7393789972248266,0.6964166666666667,0.9682042760962881,0.7450396619331547,0.7927135302136148,708,False
2024-10-19,2024,10,F001,华东工厂,1000,3,S001,核心零部件供应商A,核心,0.85,0.34914006989117335,0.9883619976702942,0.8384950106045278,0.8625274395181733,0.6789999999999999,0.887800943259275,0.7139352133968604,0.8529653015061526,608,False
2024-10-19,2024,10,F001,华东工厂,1000,3,S002,电子元件供应商B,核心,0.8,2.82338566942299,0.905887144352567,0.7502715056747098,0.7087676303198588,0.6789999999999999,0.8992765566675203,0.9277065661715788,0.783797089961454,727,False
2024-10-19,2024,10,F001,华东工厂,1000,3,S003,结构件供应商C,普通,0.9,0.018196201777162028,0.9993934599407612,0.8785011863391129,0.8771372370552427,0.6789999999999999,0.91945834169051,0.7404236383184967,0.8444601785712296,625,False
2024-10-19,2024,10,F001,华东工厂,1000,3,S004,配件供应商D,普通,0.88,10.129425308193976,0.6623524897268674,0.744689612010207,0.7191811594388872,0.6789999999999999,0.9300676552843988,0.8384983138757827,0.7524478789160182,630,False
2024-10-19,2024,10,F001,华东工厂,1000,3,S005,新材料供应商E,普通,0.75,2.2943112197710747,0.9235229593409642,0.7119162379067959,0.6990443215997522,0.6789999999999999,0.9050751575610256,0.7930205637407239,0.7828543349988385,620,False
2024-10-19,2024,10,F002,华南工厂,800,5,S001,核心零部件供应商A,核心,0.85,4.279145606679618,0.8573618131106794,0.7970036559016,0.792925837205927,0.695625,0.8623621820508117,0.920223790136188,0.8370771398427181,616,False
2024-10-19,2024,10,F002,华南工厂,800,5,S002,电子元件供应商B,核心,0.8,0.1526356412723052,0.9949121452909232,0.793158293367709,0.7430622633674971,0.695625,0.8648780335376058,0.9298020077634312,0.7991589330755442,594,False
2024-10-19,2024,10,F002,华南工厂,800,5,S003,结构件供应商C,普通,0.9,1.653745801686781,0.9448751399437739,0.8811417100453205,0.8780901092787291,0.695625,0.8384823657508336,0.7879124680854763,0.7791157808837192,491,False
2024-10-19,2024,10,F002,华南工厂,800,5,S004,配件供应商D,普通,0.88,7.2088235554864335,0.7597058814837856,0.8045373134199801,0.8164781543188362,0.695625,0.8391774925493031,0.808423582830095,0.8059374017481997,521,False
2024-10-19,2024,10,F002,华南工厂,800,5,S005,新材料供应商E,普通,0.75,5.6609500915092035,0.8113016636163599,0.7031110211675995,0.6864517795060181,0.695625,0.8531929553881581,0.8854068218629721,0.765847640842995,542,False
2024-10-19,2024,10,F003,华北工厂,1200,2,S001,核心零部件供应商A,核心,0.85,4.905764643260204,0.8364745118913266,0.7738485239425503,0.8066594531632936,0.6964166666666667,0.9375114535378716,0.8684390574460223,0.7985867285290174,832,False
2024-10-19,2024,10,F003,华北工厂,1200,2,S002,电子元件供应商B,核心,0.8,1.7954228064713278,0.9401525731176225,0.7612213606852101,0.7999704174880234,0.6964166666666667,0.9172906660837965,0.8873423591612392,0.8305679725059412,884,False
2024-10-19,2024,10,F003,华北工厂,1200,2,S003,结构件供应商C,普通,0.9,2.3669658985595015,0.9211011367146833,0.8514074736182372,0.8234875470794256,0.6964166666666667,0.9376697924330603,0.754007860098268,0.8603788031127227,778,False
2024-10-19,2024,10,F003,华北工厂,1200,2,S004,配件供应商D,普通,0.88,10.258498681576224,0.6580500439474593,0.7118588497380067,0.6316213639561185,0.6964166666666667,0.9411953567474656,0.8768197279764167,0.7505267430441646,789,False
2024-10-19,2024,10,F003,华北工厂,1200,2,S005,新材料供应商E,普通,0.75,0.8717503420990549,0.9709416552633648,0.7183849010235126,0.7139881449527622,0.6964166666666667,0.9550536463057211,0.9097749246999028,0.7816655843956353,853,False
2024-10-20,2024,10,F001,华东工厂,1000,3,S001,核心零部件供应商A,核心,0.85,2.3999293845539897,0.9200023538482003,0.825479682369712,0.803860900641989,0.6789999999999999,0.9403743670543359,0.8924366557142718,0.8420552014612114,751,False
2024-10-20,2024,10,F001,华东工厂,1000,3,S002,电子元件供应商B,核心,0.8,11.116291126435437,0.6294569624521521,0.6145738249823747,0.6293382221600472,0.6789999999999999,0.8985725149516545,0.9243493295803965,0.7108912548088279,657,False
2024-10-20,2024,10,F001,华东工厂,1000,3,S003,结构件供应商C,普通,0.9,0.381390667711373,0.9872869777429543,0.9144392200701946,0.8979510825302496,0.6789999999999999,0.8770881477191638,0.8183589148437553,0.8890567177849015,727,False
2024-10-20,2024,10,F001,华东工厂,1000,3,S004,配件供应商D,普通,0.88,5.78371491571934,0.8072095028093553,0.8122406102659586,0.8011590083040481,0.6789999999999999,0.9119394035352171,0.911886908263684,0.8041011115412253,733,False
2024-10-20,2024,10,F001,华东工厂,1000,3,S005,新材料供应商E,普通,0.75,0.6020101467906559,0.9799329951069782,0.7183112966922051,0.7107638717692377,0.6789999999999999,0.9162895894496681,0.8588308366770803,0.8283161479565779,711,False
2024-10-20,2024,10,F002,华南工厂,800,5,S001,核心零部件供应商A,核心,0.85,0.6562856207861183,0.9781238126404628,0.8533055959007539,0.7970040339802719,0.695625,0.8582106402881851,0.8088490808499378,0.8403126254841476,543,False
2024-10-20,2024,10,F002,华南工厂,800,5,S002,电子元件供应商B,核心,0.8,9.180499721593044,0.6939833426135652,0.6842581377758747,0.6893534786933456,0.695625,0.8162108532336961,0.7132066715911805,0.7158182933710142,408,False
2024-10-20,2024,10,F002,华南工厂,800,5,S003,结构件供应商C,普通,0.9,3.8848106925067025,0.8705063102497765,0.834386431492766,0.8132417663628265,0.695625,0.899699399071733,0.850145799246784,0.8431911570299176,573,False
2024-10-20,2024,10,F002,华南工厂,800,5,S004,配件供应商D,普通,0.88,0.5454842249873086,0.9818171925004231,0.9011600702114726,0.8562740955891925,0.695625,0.8515396628281431,0.8479292422231001,0.8506454414650038,577,False
2024-10-20,2024,10,F002,华南工厂,800,5,S005,新材料供应商E,普通,0.75,0.6396664292332281,0.9786777856922257,0.7643290974449473,0.8095705251875218,0.695625,0.845012717967481,0.8321641509973189,0.8629698872650128,574,False
2024-10-20,2024,10,F003,华北工厂,1200,2,S001,核心零部件供应商A,核心,0.85,1.2213908532665467,0.9592869715577818,0.8044510765134602,0.8071565556383672,0.6964166666666667,0.9295618649978994,0.7212415724723665,0.8273291655783441,716,False
2024-10-20,2024,10,F003,华北工厂,1200,2,S002,电子元件供应商B,核心,0.8,1.7194120187990458,0.9426862660400318,0.7618686874647332,0.8198424723882198,0.6964166666666667,0.9488704747692482,0.78675058385305,0.7868902499260275,742,False
2024-10-20,2024,10,F003,华北工厂,1200,2,S003,结构件供应商C,普通,0.9,8.10326949799562,0.7298910167334793,0.7785429792720086,0.8031396238914624,0.6964166666666667,0.9636645434742569,0.7091782358707666,0.7646245892568235,650,False
2024-10-20,2024,10,F003,华北工厂,1200,2,S004,配件供应商D,普通,0.88,1.9317513740063454,0.9356082875331219,0.8636048901360589,0.8566357553239738,0.6964166666666667,0.9405850295940374,0.8851658952666565,0.8475230575602718,900,False
2024-10-20,2024,10,F003,华北工厂,1200,2,S005,新材料供应商E,普通,0.75,1.9908699184785568,0.9336376693840481,0.7729294493143726,0.7842422121266469,0.6964166666666667,0.9380006044036618,0.8072873729895804,0.7808450469114717,756,False
2024-10-21,2024,10,F001,华东工厂,1000,3,S001,核心零部件供应商A,核心,0.85,0.23354683370364682,0.9922151055432118,0.8323901554431166,0.8140931325569589,0.6789999999999999,0.9415077894811233,0.715486629644747,0.826364719948602,591,False
2024-10-21,2024,10,F001,华东工厂,1000,3,S002,电子元件供应商B,核心,0.8,2.5797873369424007,0.9140070887685866,0.7891537300028264,0.7827763711631693,0.6789999999999999,0.8995827266969829,0.7099806331409377,0.7612886715789566,540,False
2024-10-21,2024,10,F001,华东工厂,1000,3,S003,结构件供应商C,普通,0.9,1.7884889216254156,0.9403837026124862,0.9068642610959569,0.9621812218560154,0.6789999999999999,0.8852943901046746,0.7266559047341494,0.8364491842517665,607,False
2024-10-21,2024,10,F001,华东工厂,1000,3,S004,配件供应商D,普通,0.88,1.370898896427871,0.954303370119071,0.8642418143661256,0.8544431096935585,0.6789999999999999,0.9156106468111052,0.8752164243109699,0.8673776649818712,759,False
2024-10-21,2024,10,F001,华东工厂,1000,3,S005,新材料供应商E,普通,0.75,1.007281840912502,0.96642393863625,0.7228359287021902,0.7872904141766535,0.6789999999999999,0.9424195193249878,0.7704795888993129,0.8021608637158842,618,False
2024-10-21,2024,10,F002,华南工厂,800,5,S001,核心零部件供应商A,核心,0.85,1.1483511134669968,0.9617216295511001,0.8512042626007081,0.8502921796047932,0.695625,0.8685373377150392,0.7624360448073387,0.874245713247872,533,False
2024-10-21,2024,10,F002,华南工厂,800,5,S002,电子元件供应商B,核心,0.8,1.2614719862357806,0.9579509337921407,0.7870315782075088,0.8213743665510778,0.695625,0.8311907942042849,0.7040070391137807,0.8019877862549226,451,False
2024-10-21,2024,10,F002,华南工厂,800,5,S003,结构件供应商C,普通,0.9,9.946588787342385,0.6684470404219205,0.778202041413284,0.7292157062585728,0.695625,0.854706359228782,0.9331416771764902,0.7491443485699145,559,False
2024-10-21,2024,10,F002,华南工厂,800,5,S004,配件供应商D,普通,0.88,2.571697912775748,0.9142767362408084,0.8466979341037175,0.8163912620403618,0.695625,0.8399750772353304,0.919959436985367,0.8538930809520948,628,False
2024-10-21,2024,10,F002,华南工厂,800,5,S005,新材料供应商E,普通,0.75,3.138198589284275,0.8953933803571908,0.7157784238376074,0.740051905884865,0.695625,0.8420770782012535,0.7504487370631142,0.7518199496015867,451,False
2024-10-21,2024,10,F003,华北工厂,1200,2,S001,核心零部件供应商A,核心,0.85,7.184972907777906,0.7605009030740698,0.7634868381234406,0.7973080584368073,0.6964166666666667,0.9217143737840671,0.8891127719972279,0.7828580461610201,835,False
2024-10-21,2024,10,F003,华北工厂,1200,2,S002,电子元件供应商B,核心,0.8,1.928263166020041,0.9357245611326653,0.7855525335564314,0.7458299286604548,0.6964166666666667,0.9381403441682099,0.8171392486477836,0.8014497810768128,785,False
2024-10-21,2024,10,F003,华北工厂,1200,2,S003,结构件供应商C,普通,0.9,0.48035954916332035,0.9839880150278894,0.8869938579704227,0.876144882261908,0.6964166666666667,0.9318523726523638,0.8413539849381344,0.8923079602072012,900,False
2024-10-21,2024,10,F003,华北工厂,1200,2,S004,配件供应商D,普通,0.88,0.06369896970989183,0.9978767010096703,0.8778904541987204,0.8627399486877003,0.6964166666666667,0.9415900946473539,0.72167664189891,0.8510465840954663,737,False
2024-10-21,2024,10,F003,华北工厂,1200,2,S005,新材料供应商E,普通,0.75,2.318929896579151,0.922702336780695,0.7168908861477078,0.7397005424082035,0.6964166666666667,0.9364036673723991,0.9338486224169497,0.8072285029742245,904,False
2024-10-22,2024,10,F001,华东工厂,1000,3,S001,核心零部件供应商A,核心,0.85,4.176011699051768,0.8607996100316078,0.7941805742779604,0.806702428199978,0.6789999999999999,0.9211730183002762,0.7688916940772945,0.7973047446542163,613,False
2024-10-22,2024,10,F001,华东工厂,1000,3,S002,电子元件供应商B,核心,0.8,1.2111762160845672,0.9596274594638478,0.8042047120402663,0.8273122254793983,0.6789999999999999,0.9229872936867506,0.7159486390633995,0.8334699106120728,596,False
2024-10-22,2024,10,F001,华东工厂,1000,3,S003,结构件供应商C,普通,0.9,1.4692632730208544,0.9510245575659715,0.8583529027087264,0.8256724028111615,0.6789999999999999,0.9342431737710066,0.8086327408261238,0.8247615727771754,666,False
2024-10-22,2024,10,F001,华东工厂,1000,3,S004,配件供应商D,普通,0.88,6.1099203212502236,0.7963359892916593,0.7768630111234817,0.7440320671969773,0.6789999999999999,0.898236912860245,0.8520528441916116,0.8060934638678392,686,False
2024-10-22,2024,10,F001,华东工厂,1000,3,S005,新材料供应商E,普通,0.75,1.7640569814400857,0.9411981006186638,0.7111371391826061,0.7336356383021435,0.6789999999999999,0.9070949741149003,0.8185771662171075,0.7785699666341485,637,False
2024-10-22,2024,10,F002,华南工厂,800,5,S001,核心零部件供应商A,核心,0.85,0.5518408189334705,0.981605306035551,0.819016535137789,0.7685692221447659,0.695625,0.8523919735643489,0.9210858569928219,0.808619501309412,595,False
2024-10-22,2024,10,F002,华南工厂,800,5,S002,电子元件供应商B,核心,0.8,0.49371456134740865,0.9835428479550864,0.8271041095045342,0.8571047609573188,0.695625,0.8839486436267354,0.8026828858727529,0.8242411608994004,529,False
2024-10-22,2024,10,F002,华南工厂,800,5,S003,结构件供应商C,普通,0.9,2.107395099552186,0.9297534966815938,0.8627530258929828,0.8657079763337232,0.695625,0.8530809615540355,0.8051841406421542,0.8320611625561045,535,False
2024-10-22,2024,10,F002,华南工厂,800,5,S004,配件供应商D,普通,0.88,2.0911367391507234,0.9302954420283092,0.8544544312140956,0.8689576279719967,0.695625,0.876760508052577,0.9160915666139933,0.8545748820341844,626,False
2024-10-22,2024,10,F002,华南工厂,800,5,S005,新材料供应商E,普通,0.75,1.8313195526779449,0.9389560149107352,0.6799618210995362,0.6645133651807219,0.695625,0.8346838003988257,0.8374293137908277,0.7563460821390016,506,False
2024-10-22,2024,10,F003,华北工厂,1200,2,S001,核心零部件供应商A,核心,0.85,1.6195497433777297,0.9460150085540757,0.8220601806417973,0.8316240813765653,0.6964166666666667,0.9444618245011979,0.7136525758033672,0.850684961209911,728,False
2024-10-22,2024,10,F003,华北工厂,1200,2,S002,电子元件供应商B,核心,0.8,10.710123068135893,0.6429958977288035,0.6199593563940405,0.616227760676776,0.6964166666666667,0.9629235652140972,0.7762257810962658,0.7028849455782812,654,False
2024-10-22,2024,10,F003,华北工厂,1200,2,S003,结构件供应商C,普通,0.9,0.6420920862301187,0.9785969304589961,0.8825097786704201,0.8608782777847305,0.6964166666666667,0.9369437776586528,0.756870400923385,0.880062463953765,799,False
2024-10-22,2024,10,F003,华北工厂,1200,2,S004,配件供应商D,普通,0.88,0.5452311699107556,0.9818256276696414,0.8811988878556485,0.8759542769367322,0.6964166666666667,0.9134162973331023,0.9227850229483773,0.8657927580355325,958,False
2024-10-22,2024,10,F003,华北工厂,1200,2,S005,新材料供应商E,普通,0.75,1.8505333633903445,0.9383155545536552,0.7074252849935674,0.7368948694762307,0.6964166666666667,0.9380433837580011,0.8514742037948707,0.7740632711593617,790,False
2024-10-23,2024,10,F001,华东工厂,1000,3,S001,核心零部件供应商A,核心,0.85,1.6776945383221853,0.9440768487225938,0.8230343402503937,0.8511294637523084,0.6789999999999999,0.8758376121078374,0.7973021546558596,0.877508799325065,699,False
2024-10-23,2024,10,F001,华东工厂,1000,3,S002,电子元件供应商B,核心,0.8,6.5523944565399095,0.7815868514486697,0.7065114234223577,0.7285493672714476,0.6789999999999999,0.923543633734501,0.9405146247353379,0.7773856761901737,731,False
2024-10-23,2024,10,F001,华东工厂,1000,3,S003,结构件供应商C,普通,0.9,2.1336832018137137,0.9288772266062095,0.8331606809111908,0.8220224395327632,0.6789999999999999,0.8770627228341431,0.7697520725869491,0.8262377585886673,635,False
2024-10-23,2024,10,F001,华东工厂,1000,3,S004,配件供应商D,普通,0.88,1.557423241513035,0.9480858919495655,0.8412820619774295,0.845762748021403,0.6789999999999999,0.9058954323488838,0.8276150328366103,0.8108285670497382,671,False
2024-10-23,2024,10,F001,华东工厂,1000,3,S005,新材料供应商E,普通,0.75,0.8984236267972621,0.9700525457734246,0.727154342530025,0.7194119212341035,0.6789999999999999,0.906806296250234,0.8427134840696904,0.7991276201420537,673,False
2024-10-23,2024,10,F002,华南工厂,800,5,S001,核心零部件供应商A,核心,0.85,7.210380088792787,0.7596539970402404,0.7414436977469093,0.7421866038897834,0.695625,0.8432152606548076,0.8732272277561919,0.7307902499916963,510,False
2024-10-23,2024,10,F002,华南工厂,800,5,S002,电子元件供应商B,核心,0.8,3.9633224047011453,0.8678892531766285,0.7869223811422634,0.8553373603365917,0.695625,0.8264795973549448,0.9443641407959606,0.812881440507243,614,False
2024-10-23,2024,10,F002,华南工厂,800,5,S003,结构件供应商C,普通,0.9,5.758448267663576,0.8080517244112141,0.8638540679224492,0.8626375494549822,0.695625,0.8548842180509351,0.8737425332803689,0.7907545432155807,552,False
2024-10-23,2024,10,F002,华南工厂,800,5,S004,配件供应商D,普通,0.88,2.1718525073577686,0.9276049164214077,0.87387867942749,0.8555791407819336,0.695625,0.8420736726686316,0.7867397375943964,0.8056093433826672,507,False
2024-10-23,2024,10,F002,华南工厂,800,5,S005,新材料供应商E,普通,0.75,1.6958828898903506,0.9434705703369883,0.7271050703831758,0.7724083907810881,0.695625,0.857108638481875,0.7855173586643888,0.8172562552413315,513,False
2024-10-23,2024,10,F003,华北工厂,1200,2,S001,核心零部件供应商A,核心,0.85,4.981858013187258,0.8339380662270914,0.7642335449183848,0.7425980082128412,0.6964166666666667,0.9056587610311589,0.702271758737804,0.7713811717427307,650,False
2024-10-23,2024,10,F003,华北工厂,1200,2,S002,电子元件供应商B,核心,0.8,3.134909126446554,0.8955030291184483,0.7001119237158375,0.7178543889944291,0.6964166666666667,0.9414376187143775,0.9158578944473461,0.8003194030888714,879,False
2024-10-23,2024,10,F003,华北工厂,1200,2,S003,结构件供应商C,普通,0.9,0.45055150124342214,0.9849816166252192,0.9143820531403114,0.920345890790477,0.6964166666666667,0.9726314347530951,0.7930108919530519,0.8919090771230959,848,False
2024-10-23,2024,10,F003,华北工厂,1200,2,S004,配件供应商D,普通,0.88,0.2910182573431558,0.9902993914218948,0.830505911690631,0.8034401984764661,0.6964166666666667,0.9323800718813321,0.9416835568837769,0.8582150170810595,969,False
2024-10-23,2024,10,F003,华北工厂,1200,2,S005,新材料供应商E,普通,0.75,9.520138940077315,0.6826620353307562,0.6159910426781974,0.5786031222601644,0.6964166666666667,0.9022493619398374,0.8315235033128855,0.6852934798501152,683,False
2024-10-24,2024,10,F001,华东工厂,1000,3,S001,核心零部件供应商A,核心,0.85,3.4920379243387663,0.8835987358553745,0.8193210509856378,0.7923194240057103,0.6789999999999999,0.8785310047979557,0.778908303841788,0.7745667558496901,603,False
2024-10-24,2024,10,F001,华东工厂,1000,3,S002,电子元件供应商B,核心,0.8,2.026038268940681,0.9324653910353107,0.7528543480859289,0.73526352750679,0.6789999999999999,0.883581493878734,0.8441362474877849,0.7468910312289755,630,False
2024-10-24,2024,10,F001,华东工厂,1000,3,S003,结构件供应商C,普通,0.9,12.284372299830206,0.5905209233389932,0.7313150128551495,0.6751585173792742,0.6789999999999999,0.9251984548609494,0.722144584909161,0.7444453303837362,537,False
2024-10-24,2024,10,F001,华东工厂,1000,3,S004,配件供应商D,普通,0.88,3.3891228091418637,0.8870292396952713,0.8331944784561043,0.813460856777237,0.6789999999999999,0.893514328846425,0.9104055018856935,0.8359316792226151,761,False
2024-10-24,2024,10,F001,华东工厂,1000,3,S005,新材料供应商E,普通,0.75,0.09247206598079821,0.99691759780064,0.7460630927794961,0.782215962382997,0.6789999999999999,0.9011515402151287,0.9383267918955931,0.8149830127911981,764,False
2024-10-24,2024,10,F002,华南工厂,800,5,S001,核心零部件供应商A,核心,0.85,0.22632309457176927,0.9924558968476077,0.8354635362556038,0.8018580330949876,0.695625,0.8662884979723318,0.7314108731030784,0.8605760185376693,503,False
2024-10-24,2024,10,F002,华南工厂,800,5,S002,电子元件供应商B,核心,0.8,1.026321782470812,0.9657892739176396,0.7714092398929141,0.7510172430649027,0.695625,0.882995673724816,0.754363233054309,0.7809751518067642,471,False
2024-10-24,2024,10,F002,华南工厂,800,5,S003,结构件供应商C,普通,0.9,1.3703330592695946,0.9543222313576801,0.8853179795882176,0.883301092723688,0.695625,0.8272564244839488,0.8264814500365985,0.8247763215526973,545,False
2024-10-24,2024,10,F002,华南工厂,800,5,S004,配件供应商D,普通,0.88,4.511559051768931,0.849614698274369,0.8158641751496682,0.8190337899004501,0.695625,0.8778925077642235,0.778208549381055,0.7823057223450429,487,False
2024-10-24,2024,10,F002,华南工厂,800,5,S005,新材料供应商E,普通,0.75,0.18851763569767893,0.9937160788100774,0.7132200130479845,0.6857357675505442,0.695625,0.8709334965456187,0.7760236589928209,0.7900460159740728,490,False
2024-10-24,2024,10,F003,华北工厂,1200,2,S001,核心零部件供应商A,核心,0.85,5.007993947682405,0.8330668684105865,0.7697395142721225,0.7160975494209815,0.6964166666666667,0.9586386908463261,0.94684211807805,0.8191417389010609,930,False
2024-10-24,2024,10,F003,华北工厂,1200,2,S002,电子元件供应商B,核心,0.8,0.7653001331954266,0.9744899955601525,0.8114744175547731,0.8595971551590903,0.6964166666666667,0.9484421718697981,0.7686664674469763,0.872347893346446,804,False
2024-10-24,2024,10,F003,华北工厂,1200,2,S003,结构件供应商C,普通,0.9,1.9298437237163182,0.9356718758761228,0.8882668376890576,0.8341501639087967,0.6964166666666667,0.9434040409898673,0.8579306045816459,0.8678218239944394,893,False
2024-10-24,2024,10,F003,华北工厂,1200,2,S004,配件供应商D,普通,0.88,2.1940917595868186,0.9268636080137727,0.8085014076431205,0.806015587467043,0.6964166666666667,0.9403491093050531,0.7807024483619626,0.7933325374569341,743,False
2024-10-24,2024,10,F003,华北工厂,1200,2,S005,新材料供应商E,普通,0.75,0.8956533540028561,0.9701448881999049,0.7168113871939791,0.7135715476890631,0.6964166666666667,0.9279407019969568,0.8939693136174232,0.8056658659078811,864,False
2024-10-25,2024,10,F001,华东工厂,1000,3,S001,核心零部件供应商A,核心,0.85,4.950113046647727,0.8349962317784091,0.7716708736021288,0.780205142486063,0.6789999999999999,0.9307025783235346,0.8443383503049169,0.8048018648331683,679,False
2024-10-25,2024,10,F001,华东工厂,1000,3,S002,电子元件供应商B,核心,0.8,3.1188294179450127,0.896039019401833,0.7927837492137023,0.7180134553758004,0.6789999999999999,0.9119335224228047,0.7203618032227898,0.7709743378029357,555,False
2024-10-25,2024,10,F001,华东工厂,1000,3,S003,结构件供应商C,普通,0.9,1.7128661365799251,0.9429044621140025,0.8822309959589848,0.8279803029864624,0.6789999999999999,0.9180687372574259,0.8987528842321175,0.8287167690657786,744,False
2024-10-25,2024,10,F001,华东工厂,1000,3,S004,配件供应商D,普通,0.88,0.5350643237392796,0.982164522542024,0.8737279444758173,0.9053455718180109,0.6789999999999999,0.8906099298830803,0.8623890016892404,0.8587365396142224,740,False
2024-10-25,2024,10,F001,华东工厂,1000,3,S005,新材料供应商E,普通,0.75,6.074850794090043,0.7975049735303319,0.6825762501431304,0.7158175358946274,0.6789999999999999,0.9018751510226095,0.7962645139297404,0.7393376740285963,588,False
2024-10-25,2024,10,F002,华南工厂,800,5,S001,核心零部件供应商A,核心,0.85,8.5932060687327,0.71355979770891,0.750706985380241,0.7618001884936927,0.695625,0.8375329863941947,0.8839801015934872,0.7700107032414966,544,False
2024-10-25,2024,10,F002,华南工厂,800,5,S002,电子元件供应商B,核心,0.8,0.9651600653598392,0.9678279978213387,0.7591881529975725,0.7958501112234581,0.695625,0.8564175302236915,0.7061611011590806,0.7929274706857096,447,False
2024-10-25,2024,10,F002,华南工厂,800,5,S003,结构件供应商C,普通,0.9,3.578989671726352,0.8807003442757882,0.8615818379427823,0.8769216372676529,0.695625,0.8766076337131612,0.7320874816536737,0.8508188646391097,498,False
2024-10-25,2024,10,F002,华南工厂,800,5,S004,配件供应商D,普通,0.88,3.1510710864233342,0.8949642971192222,0.822954110723533,0.8208047041491835,0.695625,0.8716344338879018,0.8753747753662915,0.811168850606774,568,False
2024-10-25,2024,10,F002,华南工厂,800,5,S005,新材料供应商E,普通,0.75,1.8449142746536624,0.9385028575115446,0.7248526013392748,0.7058106446312766,0.695625,0.8655329205678829,0.8602715258955398,0.7798153850009867,536,False
2024-10-25,2024,10,F003,华北工厂,1200,2,S001,核心零部件供应商A,核心,0.85,1.1203862599507295,0.9626537913349756,0.8191870749033793,0.8204946428550666,0.6964166666666667,0.9386372177242528,0.819466838728284,0.8390274139837168,825,False
2024-10-25,2024,10,F003,华北工厂,1200,2,S002,电子元件供应商B,核心,0.8,1.3168359878054414,0.9561054670731519,0.8049389280315749,0.8429022936283245,0.6964166666666667,0.9201741923671936,0.7789171202910165,0.8484953717445405,793,False
2024-10-25,2024,10,F003,华北工厂,1200,2,S003,结构件供应商C,普通,0.9,0.40145566531359084,0.986618144489547,0.8875384776911112,0.8908025889822734,0.6964166666666667,0.9600273291258172,0.9227080370724083,0.8846740677026961,979,False
2024-10-25,2024,10,F003,华北工厂,1200,2,S004,配件供应商D,普通,0.88,1.7882670083836287,0.9403910997205457,0.8377188560723658,0.8354023327683273,0.6964166666666667,0.9599156245675505,0.7611637636511782,0.8455402541804137,772,False
2024-10-25,2024,10,F003,华北工厂,1200,2,S005,新材料供应商E,普通,0.75,1.6409177816271265,0.9453027406124291,0.7357056915455571,0.6883454354884674,0.6964166666666667,0.9357499727061767,0.7855987808239648,0.8060222990022045,759,False
2024-10-26,2024,10,F001,华东工厂,1000,3,S001,核心零部件供应商A,核心,0.85,2.3721236554569343,0.9209292114847689,0.8204039449678331,0.8108288475297553,0.6789999999999999,0.884525651985491,0.7470580499422613,0.8137922640584209,607,False
2024-10-26,2024,10,F001,华东工厂,1000,3,S002,电子元件供应商B,核心,0.8,0.610937071557523,0.9796354309480826,0.7943350747477674,0.7755585388207229,0.6789999999999999,0.9119147166773313,0.904873921346513,0.8111933124032106,734,False
2024-10-26,2024,10,F001,华东工厂,1000,3,S003,结构件供应商C,普通,0.9,1.1868661386865498,0.960437795377115,0.9040904406473074,0.8528308132330287,0.6789999999999999,0.9249414568769311,0.8451889997639147,0.8799188773123737,743,False
2024-10-26,2024,10,F001,华东工厂,1000,3,S004,配件供应商D,普通,0.88,4.060716410036997,0.8646427863321001,0.7992948688312461,0.8181942940416722,0.6789999999999999,0.8926149528956817,0.7324642533544702,0.7902185867315862,578,False
2024-10-26,2024,10,F001,华东工厂,1000,3,S005,新材料供应商E,普通,0.75,3.3828483035599537,0.8872383898813349,0.684786390071145,0.6987595896258696,0.6789999999999999,0.9473444840862464,0.8953655221886773,0.8027965258407334,718,False
2024-10-26,2024,10,F002,华南工厂,800,5,S001,核心零部件供应商A,核心,0.85,3.644871008406067,0.8785042997197978,0.8111187173245523,0.8246157242068342,0.695625,0.8679723567919729,0.778540515959243,0.7794050268820009,485,False
2024-10-26,2024,10,F002,华南工厂,800,5,S002,电子元件供应商B,核心,0.8,9.508191013805746,0.6830602995398085,0.6748021764388147,0.6609610099964109,0.695625,0.8604097568954846,0.7439725708546655,0.6951447843219333,413,False
2024-10-26,2024,10,F002,华南工厂,800,5,S003,结构件供应商C,普通,0.9,0.8051416999247019,0.9731619433358433,0.9052018072465269,0.9048501021502511,0.695625,0.8407833532040647,0.8897442079635076,0.854715418001555,608,False
2024-10-26,2024,10,F002,华南工厂,800,5,S004,配件供应商D,普通,0.88,2.083161040509381,0.9305612986496873,0.824716564678929,0.8449818646093226,0.695625,0.8594372467606202,0.8484211549771833,0.809760540194499,549,False
2024-10-26,2024,10,F002,华南工厂,800,5,S005,新材料供应商E,普通,0.75,4.217379194171599,0.8594206935276134,0.6871280940082599,0.6313456942298721,0.695625,0.8545829366899822,0.773062239184847,0.7335424944147114,453,False
2024-10-26,2024,10,F003,华北工厂,1200,2,S001,核心零部件供应商A,核心,0.85,1.0478948201347498,0.965070172662175,0.8525250207238145,0.7938541735041846,0.6964166666666667,0.9462856551014607,0.7664213912165658,0.8252224035979365,758,False
2024-10-26,2024,10,F003,华北工厂,1200,2,S002,电子元件供应商B,核心,0.8,6.784782407180005,0.7738405864273332,0.7154017338761396,0.6931184885402784,0.6964166666666667,0.9390159016765326,0.9364287771102561,0.7802262440394443,876,False
2024-10-26,2024,10,F003,华北工厂,1200,2,S003,结构件供应商C,普通,0.9,3.3886379113210676,0.8870454029559645,0.8306120053411511,0.8128917684846055,0.6964166666666667,0.928533203215681,0.7359669915858325,0.8075017712282524,713,False
2024-10-26,2024,10,F003,华北工厂,1200,2,S004,配件供应商D,普通,0.88,0.33165670919678913,0.988944776360107,0.9023073589908037,0.8916819963247327,0.6964166666666667,0.9171288108046899,0.7244025095272478,0.8667341390475932,753,False
2024-10-26,2024,10,F003,华北工厂,1200,2,S005,新材料供应商E,普通,0.75,0.5476196234106525,0.9817460125529782,0.7700876233360564,0.7322512677804871,0.6964166666666667,0.9794562150943618,0.8706677881156898,0.8274099387839949,864,False
2024-10-27,2024,10,F001,华东工厂,1000,3,S001,核心零部件供应商A,核心,0.85,2.9725095981440908,0.9009163467285303,0.8273418002137802,0.8240257323035498,0.6789999999999999,0.9343539628838283,0.947906085740307,0.8410808535212573,797,False
2024-10-27,2024,10,F001,华东工厂,1000,3,S002,电子元件供应商B,核心,0.8,0.5360030558584603,0.9821332314713846,0.8146629870867067,0.8506592516001272,0.6789999999999999,0.8881820682005447,0.8996389595326497,0.8570614745066324,771,False
2024-10-27,2024,10,F001,华东工厂,1000,3,S003,结构件供应商C,普通,0.9,0.3396039712025859,0.9886798676265804,0.8974477954088173,0.900056901936078,0.6789999999999999,0.9404705062445808,0.8075356830242065,0.8382285666405558,676,False
2024-10-27,2024,10,F001,华东工厂,1000,3,S004,配件供应商D,普通,0.88,1.7275063944753961,0.9424164535174868,0.8760461248264124,0.8528430000703826,0.6789999999999999,0.9126437293902978,0.8843578603567805,0.8448181397309116,747,False
2024-10-27,2024,10,F001,华东工厂,1000,3,S005,新材料供应商E,普通,0.75,0.8744173433318867,0.9708527552222704,0.7365205238440038,0.7293884715328522,0.6789999999999999,0.914657426154805,0.880263665224468,0.813893531885586,716,False
2024-10-27,2024,10,F002,华南工厂,800,5,S001,核心零部件供应商A,核心,0.85,0.891792911666305,0.9702735696111232,0.8663633374801942,0.8235796664173589,0.695625,0.8555659795825566,0.7587578247029796,0.8186276878285721,496,False
2024-10-27,2024,10,F002,华南工厂,800,5,S002,电子元件供应商B,核心,0.8,3.1690827633165837,0.8943639078894472,0.7903243276686505,0.7420874834757784,0.695625,0.8451143812044692,0.9049192506951147,0.8032951099727482,581,False
2024-10-27,2024,10,F002,华南工厂,800,5,S003,结构件供应商C,普通,0.9,22.017001700625997,0.2660999433124668,0.6162732630613035,0.4708011996013324,0.695625,0.8544447127326105,0.9289535870476859,0.6117985448708805,454,False
2024-10-27,2024,10,F002,华南工厂,800,5,S004,配件供应商D,普通,0.88,2.096744464804025,0.9301085178398658,0.8413582939809805,0.8509460734748306,0.695625,0.8398679438344837,0.7250387493766917,0.7990790169380881,463,False
2024-10-27,2024,10,F002,华南工厂,800,5,S005,新材料供应商E,普通,0.75,0.9511991772092367,0.9682933607596921,0.7291339342616289,0.7640937567956937,0.695625,0.8449179309192889,0.94534583356032,0.7927766730004496,599,False
2024-10-27,2024,10,F003,华北工厂,1200,2,S001,核心零部件供应商A,核心,0.85,2.9801924724793696,0.9006602509173544,0.784042982047994,0.7750907938902788,0.6964166666666667,0.933226313518028,0.7141563893443894,0.793718217238679,680,False
2024-10-27,2024,10,F003,华北工厂,1200,2,S002,电子元件供应商B,核心,0.8,0.3847895376335415,0.9871736820788819,0.8093800402923126,0.813480196427199,0.6964166666666667,0.9645587469477066,0.8114716549649519,0.8377342112166872,815,False
2024-10-27,2024,10,F003,华北工厂,1200,2,S003,结构件供应商C,普通,0.9,3.6990057620360686,0.8766998079321311,0.8291236659461565,0.8455427461894657,0.6964166666666667,0.9672816387493003,0.7176741520460915,0.7958261358877425,685,False
2024-10-27,2024,10,F003,华北工厂,1200,2,S004,配件供应商D,普通,0.88,1.3460896391632569,0.9551303453612248,0.8631143722187805,0.8634149099237627,0.6964166666666667,0.9669076249525543,0.8080168212666544,0.8515434984633279,825,False
2024-10-27,2024,10,F003,华北工厂,1200,2,S005,新材料供应商E,普通,0.75,4.7746572859291785,0.8408447571356941,0.7088464214279896,0.7157063122720911,0.6964166666666667,0.9745977079736688,0.8575046701547068,0.7530634141411411,774,False
2024-10-28,2024,10,F001,华东工厂,1000,3,S001,核心零部件供应商A,核心,0.85,1.620675466347729,0.9459774844550757,0.8123751290236801,0.7922810282814043,0.6789999999999999,0.8924855282900029,0.8265111731029591,0.8371160147766352,691,False
2024-10-28,2024,10,F001,华东工厂,1000,3,S002,电子元件供应商B,核心,0.8,0.5320416829970067,0.9822652772334332,0.7875936744577625,0.8186891419628956,0.6789999999999999,0.8987263467533672,0.7021547506479451,0.8192810069044684,575,False
2024-10-28,2024,10,F001,华东工厂,1000,3,S003,结构件供应商C,普通,0.9,0.06052526364180287,0.9979824912119399,0.8756677975778275,0.9438860287381435,0.6789999999999999,0.9052081535069258,0.8056716549143563,0.8693427087181829,700,False
2024-10-28,2024,10,F001,华东工厂,1000,3,S004,配件供应商D,普通,0.88,3.7982698309372536,0.8733910056354248,0.8576396893383592,0.8452955541142204,0.6789999999999999,0.9234339636764252,0.847107810113363,0.8185507355342367,693,False
2024-10-28,2024,10,F001,华东工厂,1000,3,S005,新材料供应商E,普通,0.75,0.7100662469866792,0.9763311251004441,0.7539222399323372,0.71444566766255,0.6789999999999999,0.9038588336218258,0.764575107281898,0.8100009366727565,619,False
2024-10-28,2024,10,F002,华南工厂,800,5,S001,核心零部件供应商A,核心,0.85,6.052480273719437,0.7982506575426854,0.7523060154229523,0.8107533451769956,0.695625,0.8210613586039428,0.8567006575162109,0.7820421352931349,535,False
2024-10-28,2024,10,F002,华南工厂,800,5,S002,电子元件供应商B,核心,0.8,1.3329726093002439,0.9555675796899918,0.78208455963183,0.787429782174913,0.695625,0.9053778461925521,0.9291890007796866,0.813486389934125,604,False
2024-10-28,2024,10,F002,华南工厂,800,5,S003,结构件供应商C,普通,0.9,4.840610402128978,0.838646319929034,0.862362362249236,0.8506404048169903,0.695625,0.845329750848302,0.7480789431960876,0.8613072656102541,515,False
2024-10-28,2024,10,F002,华南工厂,800,5,S004,配件供应商D,普通,0.88,1.8705066405479613,0.9376497786484013,0.8582042783678228,0.8530221736128126,0.695625,0.8573419168346772,0.8332638225236777,0.8310143658666506,553,False
2024-10-28,2024,10,F002,华南工厂,800,5,S005,新材料供应商E,普通,0.75,2.9953050156157692,0.9001564994794744,0.6910593947502865,0.6947957988110022,0.695625,0.8340074035166593,0.8557385110458454,0.757227018619239,518,False
2024-10-28,2024,10,F003,华北工厂,1200,2,S001,核心零部件供应商A,核心,0.85,1.7765094246484363,0.9407830191783855,0.8110050908472494,0.8316320214070735,0.6964166666666667,0.9335304115624674,0.9316463458045953,0.8199854880523207,916,False
2024-10-28,2024,10,F003,华北工厂,1200,2,S002,电子元件供应商B,核心,0.8,3.717989848168232,0.876067005061059,0.7615993326795139,0.6829327580432856,0.6964166666666667,0.9153030857266181,0.8464520985538111,0.7967582406000523,809,False
2024-10-28,2024,10,F003,华北工厂,1200,2,S003,结构件供应商C,普通,0.9,0.3478571225032061,0.9884047625832265,0.8696216492578761,0.8915696823226293,0.6964166666666667,0.9586253919199115,0.8683549322278581,0.8861472158243761,923,False
2024-10-28,2024,10,F003,华北工厂,1200,2,S004,配件供应商D,普通,0.88,2.859638057590503,0.90467873141365,0.8145771591898264,0.7909170012552855,0.6964166666666667,0.9579508714060758,0.7530203093693444,0.8365000243222716,755,False
2024-10-28,2024,10,F003,华北工厂,1200,2,S005,新材料供应商E,普通,0.75,0.8193566183485562,0.9726881127217148,0.7267137724720331,0.6785609235507146,0.6964166666666667,0.9145717763565184,0.7017729531935927,0.7462510558723082,628,False
2024-10-29,2024,10,F001,华东工厂,1000,3,S001,核心零部件供应商A,核心,0.85,3.420653973719187,0.8859782008760271,0.7956587658961989,0.8037838613712175,0.6789999999999999,0.9186694566328475,0.8540726870885361,0.8020279524969054,684,False
2024-10-29,2024,10,F001,华东工厂,1000,3,S002,电子元件供应商B,核心,0.8,0.13769380861497202,0.995410206379501,0.7682437914088118,0.7970270073713045,0.6789999999999999,0.9357077055802855,0.9027337981681526,0.8177227744111703,738,False
2024-10-29,2024,10,F001,华东工厂,1000,3,S003,结构件供应商C,普通,0.9,1.5342605356351324,0.9488579821454955,0.8745250601456751,0.892172423524224,0.6789999999999999,0.9081538921239846,0.924383081630521,0.8921381019759869,824,False
2024-10-29,2024,10,F001,华东工厂,1000,3,S004,配件供应商D,普通,0.88,7.150124657629567,0.7616625114123478,0.7849330975864629,0.8013627707440387,0.6789999999999999,0.9213261307746717,0.9125331836712591,0.7864799972926038,717,False
2024-10-29,2024,10,F001,华东工厂,1000,3,S005,新材料供应商E,普通,0.75,1.0238829371983555,0.9658705687600548,0.739729719873693,0.7044013896393397,0.6789999999999999,0.9474620884924956,0.7042422823288665,0.7998453695576001,563,False
2024-10-29,2024,10,F002,华南工厂,800,5,S001,核心零部件供应商A,核心,0.85,9.68426246343745,0.6771912512187517,0.7135588082448698,0.7053537787908709,0.695625,0.8539735171506017,0.9056643671201068,0.7530888198850104,545,False
2024-10-29,2024,10,F002,华南工厂,800,5,S002,电子元件供应商B,核心,0.8,0.040110562185914064,0.9986629812604695,0.7588051777907868,0.8221756690753594,0.695625,0.8342023138166615,0.8711088402673268,0.8204922595659851,571,False
2024-10-29,2024,10,F002,华南工厂,800,5,S003,结构件供应商C,普通,0.9,2.0988265257534406,0.9300391158082186,0.8667551252935646,0.9144103441241734,0.695625,0.8581345493892223,0.7430965905262915,0.8210388664132046,488,False
2024-10-29,2024,10,F002,华南工厂,800,5,S004,配件供应商D,普通,0.88,6.176436906125731,0.794118769795809,0.7677308490120713,0.7784625320962386,0.695625,0.8504420549969971,0.7182246129679137,0.7785352795007534,447,False
2024-10-29,2024,10,F002,华南工厂,800,5,S005,新材料供应商E,普通,0.75,2.9571869466322784,0.901427101778924,0.7284018430129029,0.7096698946052955,0.695625,0.7880065895443346,0.8883689013616201,0.7706277528969946,547,False
2024-10-29,2024,10,F003,华北工厂,1200,2,S001,核心零部件供应商A,核心,0.85,0.4263178265722374,0.9857894057809254,0.8839379321756876,0.9447701229701293,0.6964166666666667,0.9366975415555632,0.9133211996418005,0.871241412541951,954,False
2024-10-29,2024,10,F003,华北工厂,1200,2,S002,电子元件供应商B,核心,0.8,5.817028104811094,0.8060990631729635,0.7341332909075438,0.7230265231515531,0.6964166666666667,0.9478355304469388,0.7252914049032757,0.7525620720461289,654,False
2024-10-29,2024,10,F003,华北工厂,1200,2,S003,结构件供应商C,普通,0.9,2.927627454637593,0.902412418178747,0.8797706565010655,0.8620713257784871,0.6964166666666667,0.9532220507146993,0.7589206336439712,0.8157086512878187,742,False
2024-10-29,2024,10,F003,华北工厂,1200,2,S004,配件供应商D,普通,0.88,3.7517290553330103,0.874942364822233,0.8301981766612727,0.8608942058617123,0.6964166666666667,0.9360003420288644,0.7402150733712745,0.8041161864478258,714,False
2024-10-29,2024,10,F003,华北工厂,1200,2,S005,新材料供应商E,普通,0.75,3.6153993203153196,0.8794866893228227,0.6967225965121139,0.7046864762969857,0.6964166666666667,0.967213520722154,0.9340407603877491,0.7909035165059076,886,False
2024-10-30,2024,10,F001,华东工厂,1000,3,S001,核心零部件供应商A,核心,0.85,2.16166530927187,0.9279444896909377,0.8203838460521085,0.8394497520470954,0.6789999999999999,0.931570670921259,0.8232456776145223,0.8234171137675118,677,False
2024-10-30,2024,10,F001,华东工厂,1000,3,S002,电子元件供应商B,核心,0.8,1.9154231197116909,0.936152562676277,0.7986346652872169,0.7976217218452873,0.6789999999999999,0.903217394581442,0.7833249649676313,0.8325743202038894,652,False
2024-10-30,2024,10,F001,华东工厂,1000,3,S003,结构件供应商C,普通,0.9,2.031396469433033,0.9322867843522322,0.8394230117383376,0.8519824523628448,0.6789999999999999,0.9086621811681055,0.7835113871049899,0.8582956779665958,672,False
2024-10-30,2024,10,F001,华东工厂,1000,3,S004,配件供应商D,普通,0.88,0.33890478716045247,0.9887031737613182,0.8573393349937797,0.8417215096633661,0.6789999999999999,0.8721619219749276,0.7087898125677985,0.8171263300011145,579,False
2024-10-30,2024,10,F001,华东工厂,1000,3,S005,新材料供应商E,普通,0.75,1.1708955906894158,0.9609701469770194,0.7783548703910386,0.833359407706348,0.6789999999999999,0.8949820105807783,0.9413794795586916,0.7925451201817296,746,False
2024-10-30,2024,10,F002,华南工厂,800,5,S001,核心零部件供应商A,核心,0.85,1.421304810572733,0.9526231729809089,0.8126551670492296,0.7883258980314579,0.695625,0.8816510993862506,0.7514970460471182,0.8032445636021287,482,False
2024-10-30,2024,10,F002,华南工厂,800,5,S002,电子元件供应商B,核心,0.8,3.7063504469306197,0.8764549851023127,0.7494431848664292,0.7393530342573938,0.695625,0.8364925352239342,0.8409342753613498,0.8005213001098188,538,False
2024-10-30,2024,10,F002,华南工厂,800,5,S003,结构件供应商C,普通,0.9,0.6881611273122779,0.9770612957562574,0.8825751499805059,0.8950198844415821,0.695625,0.8431684673556328,0.8806708936186216,0.8737116586744961,615,False
2024-10-30,2024,10,F002,华南工厂,800,5,S004,配件供应商D,普通,0.88,1.153571583971294,0.9615476138676236,0.8625048962082659,0.8226498203378122,0.695625,0.8636043091180564,0.8362061689183579,0.8275795999850277,553,False
2024-10-30,2024,10,F002,华南工厂,800,5,S005,新材料供应商E,普通,0.75,0.9430740617397747,0.9685641979420075,0.7583434885338067,0.7968075607446107,0.695625,0.8424329623480047,0.7284115096741798,0.7994754995836582,465,False
2024-10-30,2024,10,F003,华北工厂,1200,2,S001,核心零部件供应商A,核心,0.85,0.011778215685428656,0.9996073928104857,0.8508438688003146,0.8955379477474552,0.6964166666666667,0.9237902283525337,0.7711686847116159,0.847127723191768,783,False
2024-10-30,2024,10,F003,华北工厂,1200,2,S002,电子元件供应商B,核心,0.8,1.4146763789185242,0.9528441207027158,0.786093391902128,0.8341323418554556,0.6964166666666667,0.9360303108296987,0.9332982292622545,0.8247534828077415,923,False
2024-10-30,2024,10,F003,华北工厂,1200,2,S003,结构件供应商C,普通,0.9,3.0433854705366485,0.8985538176487784,0.8512219551932189,0.8933280151518441,0.6964166666666667,0.9237527621142495,0.9189832555465511,0.8498035501891391,937,False
2024-10-30,2024,10,F003,华北工厂,1200,2,S004,配件供应商D,普通,0.88,4.585786975373551,0.8471404341542149,0.8136863528738179,0.7753337552031034,0.6964166666666667,0.9867602280841266,0.9365467234978153,0.8191900984497925,920,False
2024-10-30,2024,10,F003,华北工厂,1200,2,S005,新材料供应商E,普通,0.75,2.60086958832171,0.913304347055943,0.704759022892988,0.7064668155191113,0.6964166666666667,0.926456195246934,0.9090197251988201,0.7967909593418576,869,False
2024-10-31,2024,10,F001,华东工厂,1000,3,S001,核心零部件供应商A,核心,0.85,0.5044964114344419,0.9831834529521852,0.8219222205749667,0.7970547275547805,0.6789999999999999,0.882697186462864,0.822237731609613,0.8062472824616346,662,False
2024-10-31,2024,10,F001,华东工厂,1000,3,S002,电子元件供应商B,核心,0.8,1.569746830652698,0.9476751056449101,0.7683852368187055,0.7729125657274576,0.6789999999999999,0.9108921544886858,0.8317519061453834,0.8313878019588695,691,False
2024-10-31,2024,10,F001,华东工厂,1000,3,S003,结构件供应商C,普通,0.9,2.473833046194157,0.9175388984601948,0.8538303525195859,0.8390286300282892,0.6789999999999999,0.9273732608471144,0.7525294439850536,0.7919545847881553,595,False
2024-10-31,2024,10,F001,华东工厂,1000,3,S004,配件供应商D,普通,0.88,0.3710206311272279,0.9876326456290924,0.8862409937731769,0.9046569841574003,0.6789999999999999,0.8951087891921394,0.7364071616763558,0.8426648732620433,620,False
2024-10-31,2024,10,F001,华东工厂,1000,3,S005,新材料供应商E,普通,0.75,3.586343905015916,0.8804552031661361,0.7292930698827867,0.747568326885994,0.6789999999999999,0.9134301909638969,0.7389628841378608,0.7828839517028259,578,False
2024-10-31,2024,10,F002,华南工厂,800,5,S001,核心零部件供应商A,核心,0.85,0.8369306851461598,0.972102310495128,0.829649037637655,0.8446480384054504,0.695625,0.854020299614173,0.8006315888725355,0.8202616264568054,525,False
2024-10-31,2024,10,F002,华南工厂,800,5,S002,电子元件供应商B,核心,0.8,7.578688279507574,0.7473770573497476,0.6850846080281157,0.6927148533070713,0.695625,0.8297394097675432,0.7128060741010782,0.6891700070099726,392,False
2024-10-31,2024,10,F002,华南工厂,800,5,S003,结构件供应商C,普通,0.9,2.05860659203045,0.9313797802656516,0.8640378140661462,0.8350358265218127,0.695625,0.8741786427940513,0.9007926279081827,0.8251728001115861,594,False
2024-10-31,2024,10,F002,华南工厂,800,5,S004,配件供应商D,普通,0.88,0.49962650288828775,0.9833457832370571,0.8451398586578515,0.8016233654603904,0.695625,0.8576190567138683,0.8768070820838558,0.8212283017555564,576,False
2024-10-31,2024,10,F002,华南工厂,800,5,S005,新材料供应商E,普通,0.75,0.6335774506177193,0.978880751646076,0.7258418486851186,0.7176064796986509,0.695625,0.8320773906405498,0.9464835421562294,0.7997637165110438,605,False
2024-10-31,2024,10,F003,华北工厂,1200,2,S001,核心零部件供应商A,核心,0.85,4.551698664387864,0.8482767111870713,0.8121591261088408,0.7563279282288773,0.6964166666666667,0.9422531537750128,0.7436246215994887,0.8102628950488674,723,False
2024-10-31,2024,10,F003,华北工厂,1200,2,S002,电子元件供应商B,核心,0.8,1.427839868490827,0.9524053377169724,0.7893814056293371,0.8194310107306502,0.6964166666666667,0.9578104435529093,0.9234932643656262,0.8487481772457379,940,False
2024-10-31,2024,10,F003,华北工厂,1200,2,S003,结构件供应商C,普通,0.9,7.569417441584133,0.7476860852805289,0.7884170131284108,0.7614466364668818,0.6964166666666667,0.9573048990068788,0.8516790504925009,0.8050232333787268,822,False
2024-10-31,2024,10,F003,华北工厂,1200,2,S004,配件供应商D,普通,0.88,0.5473991084976519,0.9817533630500783,0.8850279572524302,0.9114913704146954,0.6964166666666667,0.9385002076174556,0.7434943498804508,0.8451464886301241,754,False
2024-10-31,2024,10,F003,华北工厂,1200,2,S005,新材料供应商E,普通,0.75,1.2351002212247022,0.9588299926258432,0.7335400339323915,0.7261334720353309,0.6964166666666667,0.9829007284153741,0.8658725862821774,0.8265881160651878,858,False
2024-11-01,2024,11,F001,华东工厂,1000,3,S001,核心零部件供应商A,核心,0.85,5.42900019016104,0.8190333269946319,0.7657428110393482,0.757481112274806,0.6789999999999999,0.9063226140036676,0.9436900203340488,0.7969687583617762,752,False
2024-11-01,2024,11,F001,华东工厂,1000,3,S002,电子元件供应商B,核心,0.8,5.545717729559422,0.8151427423480193,0.7338404931436767,0.7338617519740924,0.6789999999999999,0.9041880304531373,0.8595561037601528,0.7613144256515038,654,False
2024-11-01,2024,11,F001,华东工厂,1000,3,S003,结构件供应商C,普通,0.9,1.2923804490902928,0.9569206516969903,0.9247248846289539,0.9607049880568014,0.6789999999999999,0.8848186874813851,0.791141606879966,0.8858003726661141,700,False
2024-11-01,2024,11,F001,华东工厂,1000,3,S004,配件供应商D,普通,0.88,5.567560437093859,0.8144146520968714,0.808120991715404,0.7944319007397254,0.6789999999999999,0.9405785798962748,0.8784018415658679,0.814022711342107,715,False
2024-11-01,2024,11,F001,华东工厂,1000,3,S005,新材料供应商E,普通,0.75,0.697731835660248,0.9767422721446584,0.7624539655240518,0.768397915058128,0.6789999999999999,0.9195888338348654,0.8130537750254294,0.8066275484080353,655,False
2024-11-01,2024,11,F002,华南工厂,800,5,S001,核心零部件供应商A,核心,0.85,0.46220177825810826,0.9845932740580631,0.8539129341339479,0.8500721280944508,0.695625,0.8660153085347918,0.9203126704204724,0.8415088953507286,619,False
2024-11-01,2024,11,F002,华南工厂,800,5,S002,电子元件供应商B,核心,0.8,1.2932097533526279,0.9568930082215791,0.7871942536246925,0.7748426061900248,0.695625,0.8706761075201724,0.8106637120651082,0.792341813799973,513,False
2024-11-01,2024,11,F002,华南工厂,800,5,S003,结构件供应商C,普通,0.9,1.992319376385812,0.933589354120473,0.8590358383826638,0.8982973387503324,0.695625,0.8085541462765512,0.7918351288193199,0.8140213455818839,515,False
2024-11-01,2024,11,F002,华南工厂,800,5,S004,配件供应商D,普通,0.88,2.2393057700371988,0.9253564743320933,0.8369428764359258,0.8711687729042482,0.695625,0.8908605160369798,0.7673598615759137,0.837432090717744,514,False
2024-11-01,2024,11,F002,华南工厂,800,5,S005,新材料供应商E,普通,0.75,0.9752082701173306,0.9674930576627556,0.7407080560101514,0.7491369556451044,0.695625,0.8871585752011649,0.7073248607758545,0.8058617753707165,456,False
2024-11-01,2024,11,F003,华北工厂,1200,2,S001,核心零部件供应商A,核心,0.85,2.887812750192386,0.9037395749935871,0.8693835535583186,0.8881813975581955,0.6964166666666667,0.9266249657284491,0.748334808403013,0.8366319192334072,751,False
2024-11-01,2024,11,F003,华北工厂,1200,2,S002,电子元件供应商B,核心,0.8,9.032215713568808,0.6989261428810397,0.6620213623523539,0.5898848765768422,0.6964166666666667,0.9462530198241464,0.8271764960540666,0.7512013651727281,745,False
2024-11-01,2024,11,F003,华北工厂,1200,2,S003,结构件供应商C,普通,0.9,0.8356696327770321,0.9721443455740989,0.8733268599255927,0.8889719356926883,0.6964166666666667,0.9365533968655086,0.7715699655279852,0.8287859110757319,767,False
2024-11-01,2024,11,F003,华北工厂,1200,2,S004,配件供应商D,普通,0.88,0.8529152675836604,0.9715694910805447,0.8943769402351838,0.9331747185430883,0.6964166666666667,0.933773042257746,0.7182712727565375,0.8889181299498072,766,False
2024-11-01,2024,11,F003,华北工厂,1200,2,S005,新材料供应商E,普通,0.75,0.959237534415004,0.9680254155194998,0.739151887630836,0.747696645989545,0.6964166666666667,0.9288911041426999,0.842307553022862,0.8062858260706055,814,False
2024-11-02,2024,11,F001,华东工厂,1000,3,S001,核心零部件供应商A,核心,0.85,7.6062329631861445,0.7464589012271285,0.7431006910640161,0.75792609749244,0.6789999999999999,0.9233341212171722,0.8684024579991737,0.7728035108270164,671,False
2024-11-02,2024,11,F001,华东工厂,1000,3,S002,电子元件供应商B,核心,0.8,0.2013030992288393,0.993289896692372,0.7654366840804828,0.7591270242153672,0.6789999999999999,0.8605688018337148,0.8455362007036855,0.7695138478464658,650,False
2024-11-02,2024,11,F001,华东工厂,1000,3,S003,结构件供应商C,普通,0.9,1.3237610482130253,0.9558746317262324,0.8804232205961912,0.8425617498997011,0.6789999999999999,0.9198213208689071,0.7845919664813039,0.8580905996890855,673,False
2024-11-02,2024,11,F001,华东工厂,1000,3,S004,配件供应商D,普通,0.88,8.224341182691465,0.7258552939102845,0.7640260616889125,0.7910709576831945,0.6789999999999999,0.9006150832467469,0.7616641117111944,0.7689059548839662,585,False
2024-11-02,2024,11,F001,华东工厂,1000,3,S005,新材料供应商E,普通,0.75,1.8464189132160835,0.9384527028927973,0.7452511271976849,0.8069692831475053,0.6789999999999999,0.8925241075751762,0.8412381519131182,0.8273539313257628,696,False
2024-11-02,2024,11,F002,华南工厂,800,5,S001,核心零部件供应商A,核心,0.85,0.2768138091072956,0.9907728730297568,0.8762387165134422,0.8606255469516789,0.695625,0.8497062717121625,0.7823826034434991,0.8039972663404125,503,False
2024-11-02,2024,11,F002,华南工厂,800,5,S002,电子元件供应商B,核心,0.8,1.7426881950424171,0.9419103934985861,0.7853477197969345,0.8102968465654818,0.695625,0.8455673022685839,0.9183402794603595,0.825174791267158,606,False
2024-11-02,2024,11,F002,华南工厂,800,5,S003,结构件供应商C,普通,0.9,0.18486760764487345,0.9938377464118375,0.890712376780318,0.9129287377565511,0.695625,0.8525892387025039,0.9351725469308079,0.8317320763003464,622,False
2024-11-02,2024,11,F002,华南工厂,800,5,S004,配件供应商D,普通,0.88,0.14688183483074221,0.9951039388389753,0.8966453494510056,0.884959065613511,0.695625,0.8245924105758319,0.8061985453328528,0.8396571963196549,541,False
2024-11-02,2024,11,F002,华南工厂,800,5,S005,新材料供应商E,普通,0.75,1.4610953741003223,0.9512968208633226,0.7345953000260538,0.7413966506162708,0.695625,0.8561287766851033,0.8163193828189808,0.7874734329274077,514,False
2024-11-02,2024,11,F003,华北工厂,1200,2,S001,核心零部件供应商A,核心,0.85,0.18000753184285778,0.9939997489385715,0.8387057443599352,0.7899322964176797,0.6964166666666667,0.9245517001797882,0.8477011333794789,0.8529159244208259,867,False
2024-11-02,2024,11,F003,华北工厂,1200,2,S002,电子元件供应商B,核心,0.8,3.8344640295798342,0.8721845323473388,0.7797477681587839,0.7823094264628326,0.6964166666666667,0.9748475216940508,0.7286854895845479,0.8428359810440939,736,False
2024-11-02,2024,11,F003,华北工厂,1200,2,S003,结构件供应商C,普通,0.9,0.40449725754764276,0.9865167580817452,0.8592631511760617,0.8659079503900466,0.6964166666666667,0.9417286037817508,0.8347984485318285,0.8488843664282795,850,False
2024-11-02,2024,11,F003,华北工厂,1200,2,S004,配件供应商D,普通,0.88,10.403424440714847,0.6532191853095051,0.7127074631283413,0.7078750655700834,0.6964166666666667,0.9640918915873677,0.9492123210703599,0.7643268747743259,870,False
2024-11-02,2024,11,F003,华北工厂,1200,2,S005,新材料供应商E,普通,0.75,1.688163475702608,0.9437278841432464,0.74143705151884,0.7331254585104673,0.6964166666666667,0.9490412802030322,0.8014286060452369,0.773654200335578,744,False
2024-11-03,2024,11,F001,华东工厂,1000,3,S001,核心零部件供应商A,核心,0.85,0.12585028224219097,0.995804990591927,0.8226904025890382,0.79778390102227,0.6789999999999999,0.9162622353714779,0.7670117968446594,0.8247574375486606,632,False
2024-11-03,2024,11,F001,华东工厂,1000,3,S002,电子元件供应商B,核心,0.8,5.005429782785279,0.833152340573824,0.7344129807496345,0.7142569584231196,0.6789999999999999,0.9241225709821865,0.905974095406166,0.8025297553127483,727,False
2024-11-03,2024,11,F001,华东工厂,1000,3,S003,结构件供应商C,普通,0.9,3.128282447857699,0.8957239184047434,0.8537257605398918,0.8778935755897471,0.6789999999999999,0.9115083548522492,0.7317182070157733,0.8070903583368314,590,False
2024-11-03,2024,11,F001,华东工厂,1000,3,S004,配件供应商D,普通,0.88,2.693095033224476,0.9102301655591841,0.8872838518774192,0.8772612071141592,0.6789999999999999,0.92290075710898,0.7959022600887895,0.8425194795787444,670,False
2024-11-03,2024,11,F001,华东工厂,1000,3,S005,新材料供应商E,普通,0.75,1.6568811165629977,0.9447706294479,0.7442692651444451,0.7907494929475769,0.6789999999999999,0.8953039258557929,0.7544249497143081,0.7634475908843541,575,False
2024-11-03,2024,11,F002,华南工厂,800,5,S001,核心零部件供应商A,核心,0.85,10.146078313542091,0.6617973895485969,0.6997606359097212,0.6701863414171383,0.695625,0.8369936864027581,0.7200158506322414,0.7206634011911759,415,False
2024-11-03,2024,11,F002,华南工厂,800,5,S002,电子元件供应商B,核心,0.8,1.9299479887174846,0.9356684003760838,0.7860373758756574,0.8060435462279311,0.695625,0.8432588502791075,0.8957121544966643,0.8177101264046377,585,False
2024-11-03,2024,11,F002,华南工厂,800,5,S003,结构件供应商C,普通,0.9,5.602893474511885,0.8132368841829372,0.8167688796216325,0.8597464631683913,0.695625,0.8616536162603037,0.8817907024350345,0.8069760127153776,569,False
2024-11-03,2024,11,F002,华南工厂,800,5,S004,配件供应商D,普通,0.88,11.85247462358738,0.6049175125470874,0.6972703241667404,0.6620029874267664,0.695625,0.8626424189445562,0.7467268241125296,0.691568016416664,413,False
2024-11-03,2024,11,F002,华南工厂,800,5,S005,新材料供应商E,普通,0.75,0.20695663897339683,0.9931014453675534,0.7389150602287764,0.7706557318722508,0.695625,0.8538326392413478,0.92540780737159,0.8361777379732971,619,False
2024-11-03,2024,11,F003,华北工厂,1200,2,S001,核心零部件供应商A,核心,0.85,7.818904550577281,0.7393698483140907,0.7551933830005354,0.7198932281284335,0.6964166666666667,0.937957338835186,0.8517432790685663,0.789108034594141,806,False
2024-11-03,2024,11,F003,华北工厂,1200,2,S002,电子元件供应商B,核心,0.8,0.6266121318886637,0.9791129289370445,0.7908604421008429,0.7382167798371714,0.6964166666666667,0.9423931860903786,0.8256958604616701,0.7965127375855023,789,False
2024-11-03,2024,11,F003,华北工厂,1200,2,S003,结构件供应商C,普通,0.9,0.46798483285662135,0.984400505571446,0.8543631687220905,0.834134459944544,0.6964166666666667,0.9910234850500529,0.7021238946518024,0.8555018595543269,720,False
2024-11-03,2024,11,F003,华北工厂,1200,2,S004,配件供应商D,普通,0.88,4.2939502818771045,0.8568683239374298,0.799393564409122,0.8415185426121339,0.6964166666666667,0.9201591287844573,0.8442340308362098,0.8094756215769296,820,False
2024-11-03,2024,11,F003,华北工厂,1200,2,S005,新材料供应商E,普通,0.75,0.5046929117882526,0.9831769029403916,0.7710639310445895,0.7410937440677938,0.6964166666666667,0.8987911392518182,0.8050624004518854,0.8248371388713786,796,False
2024-11-04,2024,11,F001,华东工厂,1000,3,S001,核心零部件供应商A,核心,0.85,2.4773686719878727,0.9174210442670709,0.824105030642434,0.8309001912058926,0.6789999999999999,0.894250493902245,0.8422303514611791,0.795227454935969,669,False
2024-11-04,2024,11,F001,华东工厂,1000,3,S002,电子元件供应商B,核心,0.8,6.403821995979336,0.7865392668006888,0.7197042358688099,0.7010511552838139,0.6789999999999999,0.8939618159110009,0.7122870975862943,0.6932228255411789,493,False
2024-11-04,2024,11,F001,华东工厂,1000,3,S003,结构件供应商C,普通,0.9,0.6360995248300615,0.9787966825056647,0.8858979465318516,0.9290627379154783,0.6789999999999999,0.892194911599027,0.91359987833142,0.8425108095221583,769,False
2024-11-04,2024,11,F001,华东工厂,1000,3,S004,配件供应商D,普通,0.88,4.146895275410185,0.8617701574863271,0.8074607500803604,0.7969978161393712,0.6789999999999999,0.9152780623443753,0.8453972094624388,0.8041545310951594,679,False
2024-11-04,2024,11,F001,华东工厂,1000,3,S005,新材料供应商E,普通,0.75,2.2873645038307933,0.9237545165389736,0.6872246725983059,0.7241173265150453,0.6789999999999999,0.9121051940204667,0.7291869756921988,0.7959747054487263,580,False
2024-11-04,2024,11,F002,华南工厂,800,5,S001,核心零部件供应商A,核心,0.85,0.4145642253230543,0.9861811924892315,0.8586140970332369,0.8604487908313082,0.695625,0.8652004588488207,0.8910238966447198,0.8419558342042964,600,False
2024-11-04,2024,11,F002,华南工厂,800,5,S002,电子元件供应商B,核心,0.8,0.8543087253060229,0.9715230424897993,0.7717226480201296,0.7909938257693766,0.695625,0.8506149516617499,0.8813670421125407,0.7675004239568984,541,False
2024-11-04,2024,11,F002,华南工厂,800,5,S003,结构件供应商C,普通,0.9,0.360513032301832,0.9879828989232723,0.8864722912373026,0.8100703278844371,0.695625,0.8764150025565232,0.7429195487608042,0.8319525667801867,494,False
2024-11-04,2024,11,F002,华南工厂,800,5,S004,配件供应商D,普通,0.88,4.948147310922269,0.835061756302591,0.8180569665360732,0.8731015708736742,0.695625,0.8352985403274529,0.7345993964920311,0.8374631759496807,492,False
2024-11-04,2024,11,F002,华南工厂,800,5,S005,新材料供应商E,普通,0.75,3.287734978344944,0.8904088340551686,0.7531511255225084,0.7649003327191763,0.695625,0.8635295733754608,0.8468424671438942,0.7857107177426189,532,False
2024-11-04,2024,11,F003,华北工厂,1200,2,S001,核心零部件供应商A,核心,0.85,0.26781355206390106,0.99107288159787,0.8778352491487613,0.8685454547831907,0.6964166666666667,0.9394649750885172,0.9236868927078252,0.8991709216147774,996,False
2024-11-04,2024,11,F003,华北工厂,1200,2,S002,电子元件供应商B,核心,0.8,0.9345657387636553,0.9688478087078781,0.8050861336179453,0.7991827051516358,0.6964166666666667,0.9461967518639984,0.914745136780555,0.8517951829813944,935,False
2024-11-04,2024,11,F003,华北工厂,1200,2,S003,结构件供应商C,普通,0.9,0.2788905869885908,0.9907036471003803,0.8877983373242886,0.9122712922739884,0.6964166666666667,0.9290602783308912,0.8044921270034717,0.8554329569363017,825,False
2024-11-04,2024,11,F003,华北工厂,1200,2,S004,配件供应商D,普通,0.88,0.8678180287926135,0.9710727323735795,0.8509619482069706,0.8389357295193214,0.6964166666666667,0.9522398526382897,0.810463427022766,0.8116913033307641,789,False
2024-11-04,2024,11,F003,华北工厂,1200,2,S005,新材料供应商E,普通,0.75,1.2772426655711782,0.9574252444809608,0.7432590765520934,0.751925024962684,0.6964166666666667,0.9246987533417814,0.8861105419593884,0.8330712695692977,885,False
2024-11-05,2024,11,F001,华东工厂,1000,3,S001,核心零部件供应商A,核心,0.85,0.49455382121791647,0.9835148726260694,0.835738094315396,0.8096748037855863,0.6789999999999999,0.8978986642377053,0.7158133522246699,0.8320527885420104,595,False
2024-11-05,2024,11,F001,华东工厂,1000,3,S002,电子元件供应商B,核心,0.8,0.4236869503235242,0.9858771016558825,0.8015713435652082,0.8306144234785044,0.6789999999999999,0.9172197216507416,0.8318949056063376,0.8001199321975504,665,False
2024-11-05,2024,11,F001,华东工厂,1000,3,S003,结构件供应商C,普通,0.9,3.196426100175499,0.8934524633274834,0.8623470395851321,0.8510419092002354,0.6789999999999999,0.9322635658660142,0.7040311615930537,0.8003109025641563,563,False
2024-11-05,2024,11,F001,华东工厂,1000,3,S004,配件供应商D,普通,0.88,1.3987861366166374,0.9533737954461121,0.8716810515495592,0.809292053082148,0.6789999999999999,0.9235441704270037,0.9008030308110233,0.8189021607322521,737,False
2024-11-05,2024,11,F001,华东工厂,1000,3,S005,新材料供应商E,普通,0.75,2.475766458701426,0.9174744513766191,0.7355072667562409,0.7722387168597677,0.6789999999999999,0.9324169688729562,0.7736753424713819,0.7835513616547551,606,False
2024-11-05,2024,11,F002,华南工厂,800,5,S001,核心零部件供应商A,核心,0.85,2.540384385098022,0.9153205204967326,0.8002724928522262,0.8420521395007478,0.695625,0.8422992639514756,0.9044908735872883,0.7864109260955661,569,False
2024-11-05,2024,11,F002,华南工厂,800,5,S002,电子元件供应商B,核心,0.8,7.9744289751375455,0.7341857008287485,0.7339482586781266,0.7508157671732182,0.695625,0.8652895644061158,0.9059361154780748,0.7478266912296228,541,False
2024-11-05,2024,11,F002,华南工厂,800,5,S003,结构件供应商C,普通,0.9,5.835340993941885,0.8054886335352704,0.7960401879583981,0.7909455973927034,0.695625,0.8199906457443397,0.772799113749156,0.7704350401512726,476,False
2024-11-05,2024,11,F002,华南工厂,800,5,S004,配件供应商D,普通,0.88,4.43875150203997,0.8520416165986676,0.8530442680319449,0.8099615226558932,0.695625,0.8447964930040881,0.7224252297537114,0.783211661012267,452,False
2024-11-05,2024,11,F002,华南工厂,800,5,S005,新材料供应商E,普通,0.75,9.774700026862824,0.6741766657712391,0.6242126330367573,0.665356876500985,0.695625,0.830310890070718,0.8407910971134887,0.6998229465498117,470,False
2024-11-05,2024,11,F003,华北工厂,1200,2,S001,核心零部件供应商A,核心,0.85,8.635134407973933,0.7121621864008689,0.7311724282065494,0.7022141380185627,0.6964166666666667,0.93856833056795,0.9486410641711311,0.7896179850621828,898,False
2024-11-05,2024,11,F003,华北工厂,1200,2,S002,电子元件供应商B,核心,0.8,3.4105475654490407,0.8863150811516987,0.7223356127990599,0.701416338278089,0.6964166666666667,0.9036891674094932,0.721614376780038,0.7743893487237719,670,False
2024-11-05,2024,11,F003,华北工厂,1200,2,S003,结构件供应商C,普通,0.9,0.004288092400637241,0.9998570635866454,0.9244450895202799,0.9189427899015187,0.6964166666666667,0.919889599709694,0.739937365058486,0.8501166012079637,754,False
2024-11-05,2024,11,F003,华北工厂,1200,2,S004,配件供应商D,普通,0.88,0.537608193926037,0.9820797268691321,0.8903517153926855,0.8702854343593951,0.6964166666666667,0.9487015667637171,0.7820637723193342,0.8521216199239883,799,False
2024-11-05,2024,11,F003,华北工厂,1200,2,S005,新材料供应商E,普通,0.75,0.359191630201813,0.9880269456599395,0.752240872259897,0.7796888739563481,0.6964166666666667,0.9349605362568302,0.7718144237192669,0.7885924847048917,730,False
2024-11-06,2024,11,F001,华东工厂,1000,3,S001,核心零部件供应商A,核心,0.85,4.004461332432991,0.866517955585567,0.7984865944774165,0.7977416144463039,0.6789999999999999,0.9068285981530757,0.8204750417774943,0.7933183540179741,650,False
2024-11-06,2024,11,F001,华东工厂,1000,3,S002,电子元件供应商B,核心,0.8,2.09830203247588,0.9300565989174707,0.7947520497343291,0.7673768165025081,0.6789999999999999,0.9181591381950129,0.8376363251549989,0.8149535170268475,682,False
2024-11-06,2024,11,F001,华东工厂,1000,3,S003,结构件供应商C,普通,0.9,5.2441734274377545,0.8251942190854082,0.8047552149757528,0.7566125653384237,0.6789999999999999,0.9030239369025406,0.771394904059659,0.7428751288074669,573,False
2024-11-06,2024,11,F001,华东工厂,1000,3,S004,配件供应商D,普通,0.88,9.779987517504477,0.6740004160831841,0.7239904689503859,0.7152115503404797,0.6789999999999999,0.8962016804394215,0.7276357915771451,0.7323308247110812,532,False
2024-11-06,2024,11,F001,华东工厂,1000,3,S005,新材料供应商E,普通,0.75,0.7430364935691376,0.9752321168810287,0.6922290314896397,0.6533878760690732,0.6789999999999999,0.9228531346370975,0.8065795734976753,0.7844371942771496,632,False
2024-11-06,2024,11,F002,华南工厂,800,5,S001,核心零部件供应商A,核心,0.85,1.2180647228105679,0.9593978425729811,0.8541833904454994,0.8326422260433449,0.695625,0.8477701842574977,0.732720284638394,0.8485964041463905,497,False
2024-11-06,2024,11,F002,华南工厂,800,5,S002,电子元件供应商B,核心,0.8,0.8058585081429526,0.9731380497285682,0.7861144860795747,0.8417168100165695,0.695625,0.8589240367257895,0.9414426109710717,0.8368065820369346,630,False
2024-11-06,2024,11,F002,华南工厂,800,5,S003,结构件供应商C,普通,0.9,0.7272430602942362,0.9757585646568588,0.8786041549819548,0.8947686628273884,0.695625,0.863193995398616,0.801250274646887,0.8291121302376409,531,False
2024-11-06,2024,11,F002,华南工厂,800,5,S004,配件供应商D,普通,0.88,8.044710068594712,0.7318429977135096,0.7625068916865163,0.7359782215968668,0.695625,0.8420003594434218,0.854780350011674,0.7384472824224447,504,False
2024-11-06,2024,11,F002,华南工厂,800,5,S005,新材料供应商E,普通,0.75,0.5208998136550815,0.9826366728781639,0.7363864210204493,0.6973972909245768,0.695625,0.8935410529497675,0.7179338359368562,0.7546592275657683,433,False
2024-11-06,2024,11,F003,华北工厂,1200,2,S001,核心零部件供应商A,核心,0.85,0.7714920356108514,0.9742835988129717,0.8609125887158996,0.8166186794672455,0.6964166666666667,0.9491300467033559,0.8584723654581105,0.8419229675084161,867,False
2024-11-06,2024,11,F003,华北工厂,1200,2,S002,电子元件供应商B,核心,0.8,0.22386909334381805,0.9925376968885394,0.7982602758820024,0.773886320371541,0.6964166666666667,0.9228452223842599,0.7449128044888355,0.7828143889084345,699,False
2024-11-06,2024,11,F003,华北工厂,1200,2,S003,结构件供应商C,普通,0.9,2.5887625121799274,0.913707916260669,0.8612480614476448,0.8790224009712663,0.6964166666666667,0.9441611006364811,0.7850557486128142,0.8309494442288053,782,False
2024-11-06,2024,11,F003,华北工厂,1200,2,S004,配件供应商D,普通,0.88,5.8122677927433966,0.8062577402418868,0.7680701905263304,0.759558365392732,0.6964166666666667,0.9517359475596945,0.76639689957684,0.7712339101001846,709,False
2024-11-06,2024,11,F003,华北工厂,1200,2,S005,新材料供应商E,普通,0.75,4.3731570573459075,0.8542280980884698,0.6826512729094656,0.651268902433868,0.6964166666666667,0.9536741907381605,0.9329328561884561,0.7679120274192763,859,False
2024-11-07,2024,11,F001,华东工厂,1000,3,S001,核心零部件供应商A,核心,0.85,0.695311502830072,0.9768229499056643,0.8205545147550278,0.8086682044865947,0.6789999999999999,0.8485769802420194,0.9251900406126831,0.8429386691876567,779,False
2024-11-07,2024,11,F001,华东工厂,1000,3,S002,电子元件供应商B,核心,0.8,7.9780105964122985,0.7340663134529234,0.6902115925912032,0.6180244480609063,0.6789999999999999,0.8808663711735184,0.7498929039739847,0.7026351627441199,526,False
2024-11-07,2024,11,F001,华东工厂,1000,3,S003,结构件供应商C,普通,0.9,0.1155505433524387,0.9961483152215854,0.8719833266676167,0.8957838063781984,0.6789999999999999,0.9183714577198231,0.8207665612983256,0.8669887915360932,711,False
2024-11-07,2024,11,F001,华东工厂,1000,3,S004,配件供应商D,普通,0.88,1.6139259433503188,0.9462024685549894,0.8423767571520142,0.8137551235288766,0.6789999999999999,0.9016964943767258,0.9277085567474384,0.8130262304278011,754,False
2024-11-07,2024,11,F001,华东工厂,1000,3,S005,新材料供应商E,普通,0.75,2.866247505697475,0.9044584164767508,0.727779580947255,0.7236422433959107,0.6789999999999999,0.9499847939266701,0.7098893766406532,0.7978324195056545,566,False
2024-11-07,2024,11,F002,华南工厂,800,5,S001,核心零部件供应商A,核心,0.85,1.5477092664434287,0.9484096911185523,0.8548346619810231,0.885062082463905,0.695625,0.8217914559235154,0.7233800308994773,0.8482003214439626,490,False
2024-11-07,2024,11,F002,华南工厂,800,5,S002,电子元件供应商B,核心,0.8,1.671197469284437,0.9442934176905188,0.7381332498913943,0.7300657640504602,0.695625,0.8497554482956015,0.7775085060031125,0.8109661620767579,504,False
2024-11-07,2024,11,F002,华南工厂,800,5,S003,结构件供应商C,普通,0.9,5.013425243529665,0.8328858252156779,0.8325854692314498,0.8573729519116345,0.695625,0.8517191477603443,0.8908237279993203,0.8083860939283373,576,False
2024-11-07,2024,11,F002,华南工厂,800,5,S004,配件供应商D,普通,0.88,0.4402946088839609,0.9853235130372013,0.8818019570468695,0.8730133185739631,0.695625,0.7976169558989332,0.7017741331237217,0.8014566523074877,449,False
2024-11-07,2024,11,F002,华南工厂,800,5,S005,新材料供应商E,普通,0.75,5.134382528203019,0.8288539157265661,0.6982139968297044,0.6342888569090281,0.695625,0.8736836203273443,0.938995014706518,0.7724325908532211,580,False
2024-11-07,2024,11,F003,华北工厂,1200,2,S001,核心零部件供应商A,核心,0.85,2.2736328610524676,0.9242122379649178,0.8283656947022677,0.8248595008512813,0.6964166666666667,0.9125222176482285,0.7316160613508927,0.8377702967297888,735,False
2024-11-07,2024,11,F003,华北工厂,1200,2,S002,电子元件供应商B,核心,0.8,5.546027764953717,0.8151324078348761,0.7541975633616232,0.717939847634353,0.6964166666666667,0.911774899896606,0.8504216521551162,0.7732402530262523,789,False
2024-11-07,2024,11,F003,华北工厂,1200,2,S003,结构件供应商C,普通,0.9,0.18780701089956311,0.9937397663033479,0.9213427756337143,0.8539726624855394,0.6964166666666667,0.9716254390323831,0.9069812386363281,0.8683474511262294,945,False
2024-11-07,2024,11,F003,华北工厂,1200,2,S004,配件供应商D,普通,0.88,4.425285893502814,0.8524904702165729,0.8298026299792479,0.8316598731001478,0.6964166666666667,0.9459112120357349,0.7758020484399186,0.8247895942992035,767,False
2024-11-07,2024,11,F003,华北工厂,1200,2,S005,新材料供应商E,普通,0.75,1.6834523559872547,0.9438849214670915,0.7045731289948554,0.7014459896099143,0.6964166666666667,0.9242638668620723,0.7208447634421898,0.7569476732308431,654,False
2024-11-08,2024,11,F001,华东工厂,1000,3,S001,核心零部件供应商A,核心,0.85,7.9144987618620695,0.7361833746045977,0.7738629551206778,0.799629799020474,0.6789999999999999,0.9049584806818005,0.855376827784521,0.7969365530077409,681,False
2024-11-08,2024,11,F001,华东工厂,1000,3,S002,电子元件供应商B,核心,0.8,0.1187166235150318,0.9960427792161656,0.8072496846548447,0.7947215056216883,0.6789999999999999,0.8962949890492581,0.7942026569435531,0.8433173964071877,669,False
2024-11-08,2024,11,F001,华东工厂,1000,3,S003,结构件供应商C,普通,0.9,2.287841851515831,0.9237386049494722,0.8523196536266303,0.8288814786357985,0.6789999999999999,0.8975772382237521,0.747880330512537,0.8361017730053596,625,False
2024-11-08,2024,11,F001,华东工厂,1000,3,S004,配件供应商D,普通,0.88,2.1051319929965056,0.9298289335667831,0.8414604340302122,0.857712563458698,0.6789999999999999,0.905607099689325,0.8869129561412444,0.8275603875484772,733,False
2024-11-08,2024,11,F001,华东工厂,1000,3,S005,新材料供应商E,普通,0.75,2.4001302558065465,0.9199956581397818,0.7292268684615885,0.7682551138525394,0.6789999999999999,0.898447715642702,0.9460804947035103,0.8044551220476155,761,False
2024-11-08,2024,11,F002,华南工厂,800,5,S001,核心零部件供应商A,核心,0.85,1.450999009590893,0.9516333663469703,0.8382545728250808,0.8106854991934375,0.695625,0.8629466537102696,0.8466919769611477,0.7918330426477179,536,False
2024-11-08,2024,11,F002,华南工厂,800,5,S002,电子元件供应商B,核心,0.8,1.7703090696449693,0.940989697678501,0.766193464281823,0.7880790448114091,0.695625,0.8839658078485391,0.8659061801918249,0.7651186031177947,530,False
2024-11-08,2024,11,F002,华南工厂,800,5,S003,结构件供应商C,普通,0.9,4.597039674167188,0.8467653441944271,0.863852350506153,0.8284066556562142,0.695625,0.8790250931390923,0.7050852704705444,0.7903933205050049,445,False
2024-11-08,2024,11,F002,华南工厂,800,5,S004,配件供应商D,普通,0.88,0.6889457757568986,0.9770351408081034,0.8909910182410986,0.8899103871684654,0.695625,0.8654153761287028,0.820949224145699,0.8546911331494751,561,False
2024-11-08,2024,11,F002,华南工厂,800,5,S005,新材料供应商E,普通,0.75,2.0226765691167135,0.9325774476961095,0.7289148535657108,0.7210028024367704,0.695625,0.8579644190284058,0.927706055082599,0.785021744844115,582,False
2024-11-08,2024,11,F003,华北工厂,1200,2,S001,核心零部件供应商A,核心,0.85,8.610478272254943,0.7129840575915019,0.7683797721307447,0.7752958859655938,0.6964166666666667,0.9310610454483467,0.8502392987493743,0.7867422273021957,802,False
2024-11-08,2024,11,F003,华北工厂,1200,2,S002,电子元件供应商B,核心,0.8,0.1046996363185438,0.9965100121227152,0.7742544011043694,0.7739968450485812,0.6964166666666667,0.9304429520792965,0.8081092916791257,0.7963198460519747,772,False
2024-11-08,2024,11,F003,华北工厂,1200,2,S003,结构件供应商C,普通,0.9,2.9279026669701205,0.9024032444343293,0.8562207444642869,0.8321365034158241,0.6964166666666667,0.9459407894175974,0.8593511530652959,0.8134495885518725,838,False
2024-11-08,2024,11,F003,华北工厂,1200,2,S004,配件供应商D,普通,0.88,2.4405882553850073,0.9186470581538331,0.8274139208456732,0.8639229867261129,0.6964166666666667,0.9323624131120861,0.8210461245806492,0.869248023711187,856,False
2024-11-08,2024,11,F003,华北工厂,1200,2,S005,新材料供应商E,普通,0.75,3.1332428392366074,0.8955585720254464,0.6804291428916494,0.7088716745147321,0.6964166666666667,0.9444883441588823,0.731775653442685,0.7777860495232344,682,False
2024-11-09,2024,11,F001,华东工厂,1000,3,S001,核心零部件供应商A,核心,0.85,1.3235403526491605,0.955881988245028,0.8544568086234764,0.8640505084601574,0.6789999999999999,0.8811288593163256,0.7167477735989618,0.8409450573667179,602,False
2024-11-09,2024,11,F001,华东工厂,1000,3,S002,电子元件供应商B,核心,0.8,0.08578903863484319,0.9971403653788385,0.8085795181108656,0.7988205503811586,0.6789999999999999,0.9423962646848465,0.9295712588449894,0.8283162224590259,769,False
2024-11-09,2024,11,F001,华东工厂,1000,3,S003,结构件供应商C,普通,0.9,1.5729509812079092,0.9475683006264031,0.8779409942884958,0.8364082996577428,0.6789999999999999,0.9136759874598687,0.8429743806147384,0.83178950949282,701,False
2024-11-09,2024,11,F001,华东工厂,1000,3,S004,配件供应商D,普通,0.88,7.140445860389446,0.7619851379870185,0.7771636137752359,0.7457160788636643,0.6789999999999999,0.9053994938417199,0.8204987294332167,0.7903631513800871,648,False
2024-11-09,2024,11,F001,华东工厂,1000,3,S005,新材料供应商E,普通,0.75,0.2191985036771824,0.9926933832107606,0.7285310976710551,0.693015818439505,0.6789999999999999,0.9083028191002129,0.8152171838174129,0.7884807912864686,642,False
2024-11-09,2024,11,F002,华南工厂,800,5,S001,核心零部件供应商A,核心,0.85,3.337869768474488,0.8887376743841837,0.8017101262606005,0.7642079207214727,0.695625,0.8622448002981382,0.8565648186656066,0.8066992477754329,552,False
2024-11-09,2024,11,F002,华南工厂,800,5,S002,电子元件供应商B,核心,0.8,3.317395783113085,0.8894201405628972,0.7627961896020047,0.7486940446143436,0.695625,0.8540933687578012,0.8799898848423698,0.7880236852335931,554,False
2024-11-09,2024,11,F002,华南工厂,800,5,S003,结构件供应商C,普通,0.9,4.205000295942463,0.8598333234685845,0.8309966866877679,0.7871368732929616,0.695625,0.8766677460044084,0.7259898439780974,0.8052703452816284,467,False
2024-11-09,2024,11,F002,华南工厂,800,5,S004,配件供应商D,普通,0.88,9.83948765714327,0.6720170780952244,0.7292977129504453,0.7455839133935555,0.695625,0.8514972261250006,0.8154516203905047,0.7713603014874294,503,False
2024-11-09,2024,11,F002,华南工厂,800,5,S005,新材料供应商E,普通,0.75,1.1325319766056758,0.9622489341131442,0.7678244406020028,0.7847203927060222,0.695625,0.8854521333662841,0.874828230288826,0.7906806055543336,553,False
2024-11-09,2024,11,F003,华北工厂,1200,2,S001,核心零部件供应商A,核心,0.85,3.7252505756836425,0.8758249808105453,0.763591046137905,0.7547259774519124,0.6964166666666667,0.9378694178961183,0.9217078848672398,0.7743373123343726,856,False
2024-11-09,2024,11,F003,华北工厂,1200,2,S002,电子元件供应商B,核心,0.8,1.4261224662952197,0.952462584456826,0.7731665725922356,0.7804305672624564,0.6964166666666667,0.944987405654553,0.8926094506980842,0.8240015364015227,882,False
2024-11-09,2024,11,F003,华北工厂,1200,2,S003,结构件供应商C,普通,0.9,0.7091745902783811,0.9763608469907207,0.8576217059153044,0.8578793500705498,0.6964166666666667,0.9677097268103617,0.8928062038226009,0.8543401681938646,915,False
2024-11-09,2024,11,F003,华北工厂,1200,2,S004,配件供应商D,普通,0.88,0.7767022818021799,0.9741099239399273,0.8718770017453106,0.8942404202070185,0.6964166666666667,0.9407699697139054,0.8512678133594359,0.8182179050158794,835,False
2024-11-09,2024,11,F003,华北工厂,1200,2,S005,新材料供应商E,普通,0.75,2.4621953752609946,0.9179268208246335,0.7449033779459633,0.6387376461938705,0.6964166666666667,0.9490217642501113,0.8354400799852538,0.7649546311219316,766,False
2024-11-10,2024,11,F001,华东工厂,1000,3,S001,核心零部件供应商A,核心,0.85,0.4215121759072007,0.9859495941364267,0.8410496316099869,0.8563093657383821,0.6789999999999999,0.9111316037861091,0.7281523073373051,0.8109959544604249,590,False
2024-11-10,2024,11,F001,华东工厂,1000,3,S002,电子元件供应商B,核心,0.8,8.153729779578976,0.7282090073473675,0.6797515674040877,0.6576128107143372,0.6789999999999999,0.875670336465111,0.8986657230994722,0.7051815187919388,633,False
2024-11-10,2024,11,F001,华东工厂,1000,3,S003,结构件供应商C,普通,0.9,1.8281657775006703,0.9390611407499777,0.861866371743514,0.8391434485009303,0.6789999999999999,0.8863742638665435,0.8529139189115035,0.8345832503702951,711,False
2024-11-10,2024,11,F001,华东工厂,1000,3,S004,配件供应商D,普通,0.88,2.5023860140490823,0.9165871328650306,0.8490063259950471,0.8532061382741402,0.6789999999999999,0.8991305378549291,0.775569175124112,0.818835719158377,635,False
2024-11-10,2024,11,F001,华东工厂,1000,3,S005,新材料供应商E,普通,0.75,6.763819281610114,0.7745393572796628,0.6622066100365253,0.6614461917940125,0.6789999999999999,0.8981834377818505,0.8359694802902793,0.7334983215606858,613,False
2024-11-10,2024,11,F002,华南工厂,800,5,S001,核心零部件供应商A,核心,0.85,1.2399809186781756,0.9586673027107275,0.8794690404315003,0.8629077319766083,0.695625,0.8574767429000334,0.8085122171195451,0.8570766440173695,554,False
2024-11-10,2024,11,F002,华南工厂,800,5,S002,电子元件供应商B,核心,0.8,5.134874635235316,0.8288375121588228,0.6954686597897548,0.7034856183152177,0.695625,0.8525725738130885,0.9156926943648064,0.7561841583860149,553,False
2024-11-10,2024,11,F002,华南工厂,800,5,S003,结构件供应商C,普通,0.9,0.5334447370827816,0.9822185087639073,0.8992335687858353,0.9088278600930328,0.695625,0.8456462868099774,0.9259882662974723,0.8756811230066825,648,False
2024-11-10,2024,11,F002,华南工厂,800,5,S004,配件供应商D,普通,0.88,1.1599127862000118,0.9613362404599997,0.8504390890928699,0.8526308348573568,0.695625,0.8175252283576554,0.7476033740062276,0.8140399204123977,486,False
2024-11-10,2024,11,F002,华南工厂,800,5,S005,新材料供应商E,普通,0.75,3.325565092986057,0.8891478302337981,0.7020284268106727,0.6298763403133664,0.695625,0.8226385178293601,0.9409790030182971,0.7306347104889679,550,False
2024-11-10,2024,11,F003,华北工厂,1200,2,S001,核心零部件供应商A,核心,0.85,3.0781467195872017,0.8973951093470933,0.8052718101537106,0.7937940086670893,0.6964166666666667,0.932417965033025,0.7236390861935971,0.8196793917803495,711,False
2024-11-10,2024,11,F003,华北工厂,1200,2,S002,电子元件供应商B,核心,0.8,4.261226350227583,0.8579591216590806,0.7690496385684574,0.8275488897983404,0.6964166666666667,0.9150851509953265,0.826017519937106,0.820536595864269,813,False
2024-11-10,2024,11,F003,华北工厂,1200,2,S003,结构件供应商C,普通,0.9,2.361593589386043,0.9212802136871319,0.8668849488824949,0.8652129306856865,0.6964166666666667,0.9498036303498147,0.7194984666023523,0.853329714933904,736,False
2024-11-10,2024,11,F003,华北工厂,1200,2,S004,配件供应商D,普通,0.88,0.3365848495622641,0.9887805050145912,0.8501680847230365,0.8493735758743717,0.6964166666666667,0.8946100427100517,0.8598466053635244,0.8434588503730006,870,False
2024-11-10,2024,11,F003,华北工厂,1200,2,S005,新材料供应商E,普通,0.75,0.4144653127623173,0.9861844895745894,0.7116915730476505,0.6963220537338777,0.6964166666666667,0.9593308850104122,0.7078033900846868,0.7691985648912841,653,False
2024-11-11,2024,11,F001,华东工厂,1000,3,S001,核心零部件供应商A,核心,0.85,10.221545283590956,0.6592818238803015,0.6670960596007703,0.6726066013587304,0.6789999999999999,0.8982694201381473,0.9473373785105097,0.7286647750121585,690,False
2024-11-11,2024,11,F001,华东工厂,1000,3,S002,电子元件供应商B,核心,0.8,0.12025412774146743,0.9959915290752844,0.7837992199008619,0.8430311222352628,0.6789999999999999,0.8788385452829297,0.8757166110125253,0.8895937480368149,779,False
2024-11-11,2024,11,F001,华东工厂,1000,3,S003,结构件供应商C,普通,0.9,0.2113003285395945,0.9929566557153469,0.8853345667198165,0.8668355599241528,0.6789999999999999,0.8943034019313474,0.8433729409727442,0.8647605369741619,729,False
2024-11-11,2024,11,F001,华东工厂,1000,3,S004,配件供应商D,普通,0.88,0.7271466264299213,0.9757617791190026,0.825645328111325,0.8338511912455778,0.6789999999999999,0.9269828521186438,0.8334042328273027,0.811371332850323,676,False
2024-11-11,2024,11,F001,华东工厂,1000,3,S005,新材料供应商E,普通,0.75,8.649422916621441,0.7116859027792852,0.6738507426493887,0.648194551180056,0.6789999999999999,0.9663197180744546,0.7669435786510294,0.6795058070990815,521,False
2024-11-11,2024,11,F002,华南工厂,800,5,S001,核心零部件供应商A,核心,0.85,1.820637512028574,0.9393120829323809,0.8612287187832571,0.8533776889687821,0.695625,0.8465662984526143,0.7105501171453246,0.8294552609436702,471,False
2024-11-11,2024,11,F002,华南工厂,800,5,S002,电子元件供应商B,核心,0.8,2.0572942466738824,0.9314235251108706,0.7474364650317673,0.7524918671017702,0.695625,0.8575766726537896,0.8134616409517279,0.802967175018114,522,False
2024-11-11,2024,11,F002,华南工厂,800,5,S003,结构件供应商C,普通,0.9,2.333573762804984,0.9222142079065005,0.8636420496108711,0.8993941846855139,0.695625,0.8475095515112226,0.8447824510087623,0.7966932135526784,538,False
2024-11-11,2024,11,F002,华南工厂,800,5,S004,配件供应商D,普通,0.88,0.628748940307766,0.9790417019897412,0.8766222947731529,0.8967978857233835,0.695625,0.8343798211290363,0.8510434845431479,0.8571330572673362,583,False
2024-11-11,2024,11,F002,华南工厂,800,5,S005,新材料供应商E,普通,0.75,0.38677688832331936,0.9871074370558893,0.7462295328380294,0.7216037322331422,0.695625,0.8811636726152537,0.7223055420143096,0.7498188646328445,433,False
2024-11-11,2024,11,F003,华北工厂,1200,2,S001,核心零部件供应商A,核心,0.85,1.6915352363213736,0.9436154921226209,0.8627206248692394,0.880672565097852,0.6964166666666667,0.9270137924925922,0.9439677156958841,0.8582564268136452,972,False
2024-11-11,2024,11,F003,华北工厂,1200,2,S002,电子元件供应商B,核心,0.8,1.0117055313683183,0.9662764822877227,0.8237357403946998,0.7953474714427988,0.6964166666666667,0.9047110365553888,0.7154019963231173,0.8196890269612929,703,False
2024-11-11,2024,11,F003,华北工厂,1200,2,S003,结构件供应商C,普通,0.9,0.5319963699416674,0.9822667876686111,0.8982928617990313,0.9182738990007271,0.6964166666666667,0.953452515217439,0.8011298811145587,0.9094807339124091,874,False
2024-11-11,2024,11,F003,华北工厂,1200,2,S004,配件供应商D,普通,0.88,1.3558379197100745,0.9548054026763308,0.8733584438565093,0.8401896788050761,0.6964166666666667,0.9108682405348126,0.8116721804361662,0.8786696751840725,855,False
2024-11-11,2024,11,F003,华北工厂,1200,2,S005,新材料供应商E,普通,0.75,0.8796813741430007,0.9706772875285666,0.7378166337985844,0.7770907330574828,0.6964166666666667,0.9026239388343505,0.7454521164167374,0.8080784102937281,722,False
2024-11-12,2024,11,F001,华东工厂,1000,3,S001,核心零部件供应商A,核心,0.85,0.2694800063765072,0.9910173331207831,0.8283748254111312,0.8472031617889046,0.6789999999999999,0.8918638454794628,0.8039437002474128,0.8661296861973896,696,False
2024-11-12,2024,11,F001,华东工厂,1000,3,S002,电子元件供应商B,核心,0.8,1.8999827436442116,0.9366672418785262,0.7588899117565845,0.7510509084395176,0.6789999999999999,0.9316470774632462,0.8664461003672177,0.7791196752000563,675,False
2024-11-12,2024,11,F001,华东工厂,1000,3,S003,结构件供应商C,普通,0.9,1.0115595653944032,0.9662813478201866,0.8573221041598398,0.8519526009180891,0.6789999999999999,0.9068269763306198,0.7568834692341158,0.8383926521263899,634,False
2024-11-12,2024,11,F001,华东工厂,1000,3,S004,配件供应商D,普通,0.88,0.9838519630871896,0.9672049345637603,0.8722680600431004,0.8453881844480069,0.6789999999999999,0.8828006161976165,0.8769869566752972,0.8677427831572369,760,False
2024-11-12,2024,11,F001,华东工厂,1000,3,S005,新材料供应商E,普通,0.75,2.445434281356348,0.9184855239547884,0.7351114245073845,0.6970671149584395,0.6789999999999999,0.9119273848012,0.8092870262612586,0.7555115662608767,611,False
2024-11-12,2024,11,F002,华南工厂,800,5,S001,核心零部件供应商A,核心,0.85,0.9354062365886053,0.9688197921137132,0.8563790691543105,0.8646264504779357,0.695625,0.8221821173748246,0.7642740223487778,0.8191693301465343,500,False
2024-11-12,2024,11,F002,华南工厂,800,5,S002,电子元件供应商B,核心,0.8,1.9586366920711842,0.9347121102642939,0.7881482914106898,0.7812862406229272,0.695625,0.8221881027813588,0.7958836281084942,0.7668487267602113,488,False
2024-11-12,2024,11,F002,华南工厂,800,5,S003,结构件供应商C,普通,0.9,5.435033371999834,0.8188322209333389,0.8422815399991307,0.8894462043962121,0.695625,0.8704489654571185,0.7095909653389252,0.801511421659034,454,False
2024-11-12,2024,11,F002,华南工厂,800,5,S004,配件供应商D,普通,0.88,6.1391154058356365,0.7953628198054787,0.740002698323065,0.7493925874591099,0.695625,0.8918315273955709,0.7031913566294743,0.7601640377928656,427,False
2024-11-12,2024,11,F002,华南工厂,800,5,S005,新材料供应商E,普通,0.75,6.156690024900687,0.7947769991699771,0.6332450643127584,0.6129987094198549,0.695625,0.8463253345046639,0.8240806928210946,0.6939750849867871,457,False
2024-11-12,2024,11,F003,华北工厂,1200,2,S001,核心零部件供应商A,核心,0.85,1.5507659792279842,0.9483078006924005,0.8123332903671178,0.8655140401941153,0.6964166666666667,0.9420206697596558,0.9018694839129772,0.8606396338340038,931,False
2024-11-12,2024,11,F003,华北工厂,1200,2,S002,电子元件供应商B,核心,0.8,0.34743112089693096,0.988418962636769,0.7623215992874648,0.7311166101308261,0.6964166666666667,0.961772294026387,0.7195845544405016,0.8050871090972871,695,False
2024-11-12,2024,11,F003,华北工厂,1200,2,S003,结构件供应商C,普通,0.9,0.22602939763396182,0.9924656867455346,0.8886394206778403,0.9032245579218166,0.6964166666666667,0.9501172381968118,0.9082233987218074,0.9204130571878804,1003,False
2024-11-12,2024,11,F003,华北工厂,1200,2,S004,配件供应商D,普通,0.88,0.4008990270866958,0.9866366990971102,0.8773814744804399,0.8455062472151309,0.6964166666666667,0.9376860703416866,0.7817355250636737,0.8612403967737963,807,False
2024-11-12,2024,11,F003,华北工厂,1200,2,S005,新材料供应商E,普通,0.75,2.799466359600345,0.9066844546799885,0.7200808048948321,0.6931631570698886,0.6964166666666667,0.9286673615076111,0.7598027720085546,0.7887860854488936,719,False
2024-11-13,2024,11,F001,华东工厂,1000,3,S001,核心零部件供应商A,核心,0.85,4.6390485053943165,0.8453650498201895,0.7811233057527789,0.7650408518991533,0.6789999999999999,0.9678340597991354,0.8821537891981942,0.8099911175293305,714,False
2024-11-13,2024,11,F001,华东工厂,1000,3,S002,电子元件供应商B,核心,0.8,1.3147974069233062,0.9561734197692231,0.8096185952213553,0.8633687165370613,0.6789999999999999,0.9517598736502019,0.764862292767019,0.8499154893644069,650,False
2024-11-13,2024,11,F001,华东工厂,1000,3,S003,结构件供应商C,普通,0.9,0.2653422345129331,0.9911552588495689,0.8901783604501752,0.8780656994348044,0.6789999999999999,0.9347987361457718,0.875323335522096,0.8652830298664576,757,False
2024-11-13,2024,11,F001,华东工厂,1000,3,S004,配件供应商D,普通,0.88,4.668268803002904,0.8443910398999033,0.7895589582935159,0.7380436581976474,0.6789999999999999,0.8852667406662987,0.715304164535893,0.7611897144773431,544,False
2024-11-13,2024,11,F001,华东工厂,1000,3,S005,新材料供应商E,普通,0.75,2.6815049759053835,0.9106165008031539,0.7305424907360047,0.7147119349034959,0.6789999999999999,0.915139148763679,0.802231808939168,0.7804975192784542,626,False
2024-11-13,2024,11,F002,华南工厂,800,5,S001,核心零部件供应商A,核心,0.85,3.2538604652565546,0.8915379844914482,0.8480720252319596,0.8302415296497714,0.695625,0.8231988621927838,0.8269743540008452,0.8094658487914255,535,False
2024-11-13,2024,11,F002,华南工厂,800,5,S002,电子元件供应商B,核心,0.8,2.2560443247244133,0.9247985225091863,0.7819786910724997,0.8058342969217454,0.695625,0.8346081307099539,0.8801540726659287,0.8163276706680923,574,False
2024-11-13,2024,11,F002,华南工厂,800,5,S003,结构件供应商C,普通,0.9,2.0812730387567635,0.9306242320414412,0.8666071500869156,0.8552588537495933,0.695625,0.8267040120526176,0.8865784531422691,0.8379881576162838,594,False
2024-11-13,2024,11,F002,华南工厂,800,5,S004,配件供应商D,普通,0.88,0.025169400985248967,0.9991610199671583,0.8854898854559263,0.8494422398117107,0.695625,0.8590632720812115,0.8763741629836559,0.855343693352835,599,False
2024-11-13,2024,11,F002,华南工厂,800,5,S005,新材料供应商E,普通,0.75,3.3422068211750005,0.8885931059608333,0.7101080006075982,0.6790170540836353,0.695625,0.8333875683891071,0.8826697528820975,0.7972020933143313,562,False
2024-11-13,2024,11,F003,华北工厂,1200,2,S001,核心零部件供应商A,核心,0.85,2.213569508700287,0.9262143497099904,0.8286131949964906,0.851225264111844,0.6964166666666667,0.9587744723247631,0.7441705785440762,0.8090842334822,722,False
2024-11-13,2024,11,F003,华北工厂,1200,2,S002,电子元件供应商B,核心,0.8,2.6041345202332007,0.9131955159922267,0.7595799594393414,0.778785048523033,0.6964166666666667,0.9194933221893509,0.8561988496796813,0.819626546565751,842,False
2024-11-13,2024,11,F003,华北工厂,1200,2,S003,结构件供应商C,普通,0.9,1.2304548009119785,0.9589848399696007,0.8682544343442135,0.83744091161765,0.6964166666666667,0.9112928816801783,0.8121019602539832,0.82904650400549,807,False
2024-11-13,2024,11,F003,华北工厂,1200,2,S004,配件供应商D,普通,0.88,1.1593538172722861,0.9613548727575905,0.8849858845200014,0.8793245365278064,0.6964166666666667,0.9164496276818671,0.8726556855203353,0.8653238600926134,906,False
2024-11-13,2024,11,F003,华北工厂,1200,2,S005,新材料供应商E,普通,0.75,2.161151236087425,0.9279616254637525,0.7388000299197154,0.7479679737349008,0.6964166666666667,0.9581013309671909,0.8876672535704137,0.8060838787130974,858,False
2024-11-14,2024,11,F001,华东工厂,1000,3,S001,核心零部件供应商A,核心,0.85,2.011838544943641,0.9329387151685453,0.7887873734103068,0.817825738804535,0.6789999999999999,0.9077841704862445,0.8558286084397644,0.8144360459798077,697,False
2024-11-14,2024,11,F001,华东工厂,1000,3,S002,电子元件供应商B,核心,0.8,0.17394667106723957,0.994201777631092,0.7968101217223436,0.7843690501205346,0.6789999999999999,0.895946845097667,0.7656733274700013,0.7733967978957804,592,False
2024-11-14,2024,11,F001,华东工厂,1000,3,S003,结构件供应商C,普通,0.9,0.5399567509096419,0.9820014416363453,0.8949252701796921,0.9538178467201373,0.6789999999999999,0.8976808761297317,0.8479519769158315,0.8547661804885395,724,False
2024-11-14,2024,11,F001,华东工厂,1000,3,S004,配件供应商D,普通,0.88,0.22491215782704949,0.9925029280724317,0.8884739975477954,0.9103243539398818,0.6789999999999999,0.9265541599646854,0.8673463559174672,0.8906299986666936,772,False
2024-11-14,2024,11,F001,华东工厂,1000,3,S005,新材料供应商E,普通,0.75,1.9444750706062948,0.9351841643131236,0.718598691194246,0.7218789084844733,0.6789999999999999,0.9359165414354539,0.8250895900960975,0.798562096231907,658,False
2024-11-14,2024,11,F002,华南工厂,800,5,S001,核心零部件供应商A,核心,0.85,1.3272276211853007,0.9557590792938233,0.8484369038216046,0.8081327954357179,0.695625,0.8650138559025797,0.7855835206152476,0.8279011055734244,520,False
2024-11-14,2024,11,F002,华南工厂,800,5,S002,电子元件供应商B,核心,0.8,4.406059475595696,0.8531313508134768,0.7611704086371757,0.7659586560592007,0.695625,0.8853210060810457,0.8444692703602272,0.8457260046368441,571,False
2024-11-14,2024,11,F002,华南工厂,800,5,S003,结构件供应商C,普通,0.9,4.150678574298077,0.8616440475233974,0.884159901306765,0.9022642425568045,0.695625,0.8318410857295476,0.8920223446046666,0.8397545841445927,599,False
2024-11-14,2024,11,F002,华南工厂,800,5,S004,配件供应商D,普通,0.88,4.12576232983524,0.862474589005492,0.7969835213662634,0.7641775527724732,0.695625,0.843173803075803,0.8482461869388734,0.8010796661732632,543,False
2024-11-14,2024,11,F002,华南工厂,800,5,S005,新材料供应商E,普通,0.75,8.246343739983674,0.7251218753338775,0.6302321285798511,0.6823404168704302,0.695625,0.8285588387631392,0.7693146040872965,0.7402753059249427,455,False
2024-11-14,2024,11,F003,华北工厂,1200,2,S001,核心零部件供应商A,核心,0.85,17.126334940522778,0.4291221686492407,0.6221533873449345,0.5893000070558585,0.6964166666666667,0.9311113341415416,0.7077642190087888,0.6518897065567504,553,False
2024-11-14,2024,11,F003,华北工厂,1200,2,S002,电子元件供应商B,核心,0.8,2.4235284357523694,0.9192157188082544,0.7721914565932038,0.81956414027534,0.6964166666666667,0.9140633230566405,0.8118182420392804,0.8030325332105893,782,False
2024-11-14,2024,11,F003,华北工厂,1200,2,S003,结构件供应商C,普通,0.9,0.22538767375993396,0.9924870775413356,0.8939086595140235,0.9170780970472447,0.6964166666666667,0.9406744620584274,0.9327082160439518,0.8919418746009937,998,False
2024-11-14,2024,11,F003,华北工厂,1200,2,S004,配件供应商D,普通,0.88,0.016090037262908276,0.9994636654245698,0.8877329736970506,0.895095095533225,0.6964166666666667,0.9540662612291518,0.8355966400476096,0.8703597386313616,872,False
2024-11-14,2024,11,F003,华北工厂,1200,2,S005,新材料供应商E,普通,0.75,2.248876188064582,0.9250374603978473,0.7360136671445341,0.742853402055806,0.6964166666666667,0.9524916461863449,0.7196746441768773,0.7669749026066087,662,False
2024-11-15,2024,11,F001,华东工厂,1000,3,S001,核心零部件供应商A,核心,0.85,2.7771688055056947,0.9074277064831435,0.8208563136001426,0.7990655343608282,0.6789999999999999,0.9031044510928221,0.8498576355069054,0.7778209997068528,661,False
2024-11-15,2024,11,F001,华东工厂,1000,3,S002,电子元件供应商B,核心,0.8,0.5635949581363301,0.9812135013954557,0.7751084789918137,0.807021698505381,0.6789999999999999,0.8909222182317338,0.8720294148015875,0.8309100859250699,724,False
2024-11-15,2024,11,F001,华东工厂,1000,3,S003,结构件供应商C,普通,0.9,0.41154467449172305,0.9862818441836092,0.8631310833007214,0.8495355940318347,0.6789999999999999,0.8930757342942454,0.920429326598849,0.8692647819408095,800,False
2024-11-15,2024,11,F001,华东工厂,1000,3,S004,配件供应商D,普通,0.88,6.671882180257151,0.7776039273247617,0.7913909773119793,0.7544136956735148,0.6789999999999999,0.9059363852675825,0.878330432375318,0.7680298037871023,674,False
2024-11-15,2024,11,F001,华东工厂,1000,3,S005,新材料供应商E,普通,0.75,3.23134429717505,0.8922885234274983,0.6807752933550957,0.7055763825865401,0.6789999999999999,0.8935340786148458,0.8797557051084002,0.7651010150127048,673,False
2024-11-15,2024,11,F002,华南工厂,800,5,S001,核心零部件供应商A,核心,0.85,2.102865532106052,0.9299044822631316,0.8001324104212131,0.8251749021005121,0.695625,0.8265699118366077,0.706435602436804,0.7747414347501367,437,False
2024-11-15,2024,11,F002,华南工厂,800,5,S002,电子元件供应商B,核心,0.8,1.2513131753337021,0.95828956082221,0.7838850932972671,0.7845369780269588,0.695625,0.793353633630615,0.7077061546748425,0.8095510289242478,458,False
2024-11-15,2024,11,F002,华南工厂,800,5,S003,结构件供应商C,普通,0.9,6.340964703869591,0.7886345098710137,0.7621032469533391,0.7577251238699401,0.695625,0.8765523090321061,0.7548301003028455,0.8123164802100119,490,False
2024-11-15,2024,11,F002,华南工厂,800,5,S004,配件供应商D,普通,0.88,1.6805068372856282,0.9439831054238124,0.8811635309018366,0.9071182274054445,0.695625,0.8402201542084304,0.765868361423462,0.829981662409635,508,False
2024-11-15,2024,11,F002,华南工厂,800,5,S005,新材料供应商E,普通,0.75,0.11566163265505891,0.9961446122448314,0.7342063863186231,0.7238687902465841,0.695625,0.8563213628480326,0.9136421660081602,0.7881369767194497,576,False
2024-11-15,2024,11,F003,华北工厂,1200,2,S001,核心零部件供应商A,核心,0.85,0.8909851094132681,0.9703004963528911,0.8077294281288012,0.7964513565313939,0.6964166666666667,0.9064811796180179,0.9351343252757369,0.8367545200757701,938,False
2024-11-15,2024,11,F003,华北工厂,1200,2,S002,电子元件供应商B,核心,0.8,7.091593765229868,0.7636135411590044,0.6666573083007643,0.6933576121055572,0.6964166666666667,0.9137072520841598,0.881894830533736,0.7169573633374564,758,False
2024-11-15,2024,11,F003,华北工厂,1200,2,S003,结构件供应商C,普通,0.9,1.8024643248739816,0.939917855837534,0.8871868841953218,0.8295174610317028,0.6964166666666667,0.9131374946471091,0.9191401226971794,0.8417010385980576,928,False
2024-11-15,2024,11,F003,华北工厂,1200,2,S004,配件供应商D,普通,0.88,0.5169458823296087,0.9827684705890131,0.9171851902945829,0.8890165658555168,0.6964166666666667,0.9213822951259361,0.9172747671811821,0.9070139326543641,998,False
2024-11-15,2024,11,F003,华北工厂,1200,2,S005,新材料供应商E,普通,0.75,2.520206218231735,0.9159931260589422,0.7039554314685841,0.7009063560367125,0.6964166666666667,0.9663126372437648,0.8536352545553288,0.784915809479022,804,False
2024-11-16,2024,11,F001,华东工厂,1000,3,S001,核心零部件供应商A,核心,0.85,5.354276261684313,0.8215241246105229,0.7533551713910939,0.7528656550207132,0.6789999999999999,0.9296276798455007,0.7739382086550823,0.7904746048214918,611,False
2024-11-16,2024,11,F001,华东工厂,1000,3,S002,电子元件供应商B,核心,0.8,2.0534777449291832,0.9315507418356939,0.7367004671060833,0.6892012994172698,0.6789999999999999,0.899791155864669,0.7491721395578033,0.7606815360571957,569,False
2024-11-16,2024,11,F001,华东工厂,1000,3,S003,结构件供应商C,普通,0.9,0.17076643742623754,0.9943077854191255,0.867930275416726,0.8986056592276065,0.6789999999999999,0.8847246184555891,0.7021128740156151,0.815295923260839,572,False
2024-11-16,2024,11,F001,华东工厂,1000,3,S004,配件供应商D,普通,0.88,5.482930147983099,0.8172356617338967,0.8013484062406336,0.8305655598404305,0.6789999999999999,0.9510970923962634,0.7967625029837218,0.8202207154041623,653,False
2024-11-16,2024,11,F001,华东工厂,1000,3,S005,新材料供应商E,普通,0.75,3.12575135520847,0.8958082881597177,0.7541228932731141,0.6982783597564495,0.6789999999999999,0.8999232149222465,0.7985209121275079,0.7839128909967004,625,False
2024-11-16,2024,11,F002,华南工厂,800,5,S001,核心零部件供应商A,核心,0.85,1.1420355063653054,0.9619321497878232,0.812102713074032,0.80279608285654,0.695625,0.8784316571334535,0.8103835025947241,0.81906885029866,531,False
2024-11-16,2024,11,F002,华南工厂,800,5,S002,电子元件供应商B,核心,0.8,2.0236451026619684,0.932545163244601,0.7823531693946121,0.8060536316639575,0.695625,0.8159996046437957,0.9212316867112416,0.8110568199851144,597,False
2024-11-16,2024,11,F002,华南工厂,800,5,S003,结构件供应商C,普通,0.9,2.581293996137865,0.9139568667954046,0.8467852208930227,0.8205244100604787,0.695625,0.8408700540306328,0.8230540458218667,0.8424920694107131,554,False
2024-11-16,2024,11,F002,华南工厂,800,5,S004,配件供应商D,普通,0.88,6.377099293865665,0.7874300235378111,0.8068647409004026,0.7358040046948379,0.695625,0.8658330841218704,0.7303162233397842,0.7427514775354236,433,False
2024-11-16,2024,11,F002,华南工厂,800,5,S005,新材料供应商E,普通,0.75,0.36230908482427215,0.9879230305058576,0.7808116263276138,0.7488842849696171,0.695625,0.8329447566953271,0.7198970368430105,0.7998361615586487,460,False
2024-11-16,2024,11,F003,华北工厂,1200,2,S001,核心零部件供应商A,核心,0.85,8.460149820404283,0.7179950059865239,0.7433269602398934,0.7299369978768778,0.6964166666666667,0.9474280806884605,0.7422084016631425,0.7672085263126684,683,False
2024-11-16,2024,11,F003,华北工厂,1200,2,S002,电子元件供应商B,核心,0.8,5.1745708585059,0.82751430471647,0.7411099423683017,0.7833010545187966,0.6964166666666667,0.9154902304156234,0.7304723030200897,0.7639717981792646,669,False
2024-11-16,2024,11,F003,华北工厂,1200,2,S003,结构件供应商C,普通,0.9,2.1385626867051495,0.9287145771098284,0.8318534850148775,0.8646471742913362,0.6964166666666667,0.895424234679475,0.8602515143301752,0.8318214689093253,858,False
2024-11-16,2024,11,F003,华北工厂,1200,2,S004,配件供应商D,普通,0.88,6.945771369173562,0.7684742876942146,0.7703836992658754,0.7374605119698265,0.6964166666666667,0.9468773562629587,0.8822176273721489,0.7649626367771246,809,False
2024-11-16,2024,11,F003,华北工厂,1200,2,S005,新材料供应商E,普通,0.75,8.06089515729964,0.7313034947566787,0.6522594687148573,0.6330499059394749,0.6964166666666667,0.9807001821866957,0.9078934814776131,0.7501387624921056,817,False
2024-11-17,2024,11,F001,华东工厂,1000,3,S001,核心零部件供应商A,核心,0.85,0.4886533035090772,0.9837115565496974,0.8275881786551351,0.8159990437007979,0.6789999999999999,0.9578383986423904,0.7077426508556275,0.8105971299589995,573,False
2024-11-17,2024,11,F001,华东工厂,1000,3,S002,电子元件供应商B,核心,0.8,0.964319144512514,0.9678560285162495,0.7855869574012115,0.7719038119087186,0.6789999999999999,0.8892073211435044,0.9264623474998264,0.8262414335907032,765,False
2024-11-17,2024,11,F001,华东工厂,1000,3,S003,结构件供应商C,普通,0.9,2.1785476044103005,0.9273817465196567,0.8835333443404455,0.9105545759117054,0.6789999999999999,0.8916359325429801,0.7527516729268815,0.8569156807651388,645,False
2024-11-17,2024,11,F001,华东工厂,1000,3,S004,配件供应商D,普通,0.88,3.4970748897727386,0.8834308370075754,0.8223372434387884,0.7786538805444194,0.6789999999999999,0.9233924526476057,0.8133154431314649,0.819469543802226,666,False
2024-11-17,2024,11,F001,华东工厂,1000,3,S005,新材料供应商E,普通,0.75,4.7133923437638225,0.8428869218745393,0.7001119874342281,0.7297440404649873,0.6789999999999999,0.8949221694289062,0.7787102888521837,0.7436758979857622,579,False
2024-11-17,2024,11,F002,华南工厂,800,5,S001,核心零部件供应商A,核心,0.85,0.3726247633110181,0.9875791745562994,0.8273100620735042,0.8069152307746675,0.695625,0.8676183033806649,0.7261200791884894,0.8139150139842002,472,False
2024-11-17,2024,11,F002,华南工厂,800,5,S002,电子元件供应商B,核心,0.8,3.821769015441358,0.872607699485288,0.7367157712104684,0.7452824478966803,0.695625,0.8525212465600681,0.7909313802839211,0.7893751911570973,499,False
2024-11-17,2024,11,F002,华南工厂,800,5,S003,结构件供应商C,普通,0.9,4.238390408382338,0.8587203197205887,0.8536478346295406,0.8212536495987458,0.695625,0.8914755736560657,0.7553094549516709,0.7948198360330162,480,False
2024-11-17,2024,11,F002,华南工厂,800,5,S004,配件供应商D,普通,0.88,3.3909935831063542,0.8869668805631216,0.8272236097248374,0.8735956039894429,0.695625,0.8336459169602786,0.9235228423144614,0.876135369673767,647,False
2024-11-17,2024,11,F002,华南工厂,800,5,S005,新材料供应商E,普通,0.75,2.066683789964335,0.9311105403345221,0.7322253440955179,0.7459365460634089,0.695625,0.8214777256571378,0.8015205331399426,0.7690261754833622,493,False
2024-11-17,2024,11,F003,华北工厂,1200,2,S001,核心零部件供应商A,核心,0.85,5.24985014052139,0.8250049953159536,0.7784037646636366,0.7319811008125621,0.6964166666666667,0.929248461179985,0.8605524092506743,0.8106932185881068,837,False
2024-11-17,2024,11,F003,华北工厂,1200,2,S002,电子元件供应商B,核心,0.8,0.845623205195337,0.9718125598268221,0.7922805867024285,0.7852019221217331,0.6964166666666667,0.9344015091535598,0.91377735549936,0.8219151538045644,901,False
2024-11-17,2024,11,F003,华北工厂,1200,2,S003,结构件供应商C,普通,0.9,1.27609724831377,0.9574634250562076,0.872217664990398,0.9264453746561672,0.6964166666666667,0.9459906500608641,0.7077937272779803,0.8464995721607281,718,False
2024-11-17,2024,11,F003,华北工厂,1200,2,S004,配件供应商D,普通,0.88,6.125204934177258,0.7958265021940913,0.8096309800151126,0.8283478583074099,0.6964166666666667,0.9069164711954467,0.7586210016957924,0.778399063950112,708,False
2024-11-17,2024,11,F003,华北工厂,1200,2,S005,新材料供应商E,普通,0.75,1.965520358589155,0.9344826547136948,0.7672415935570678,0.791908559018248,0.6964166666666667,0.9397333430592707,0.7833419595291407,0.8049591766680491,756,False
2024-11-18,2024,11,F001,华东工厂,1000,3,S001,核心零部件供应商A,核心,0.85,1.7887334299244049,0.9403755523358531,0.790002136709825,0.8470357586478532,0.6789999999999999,0.9414719927846518,0.8714690687716161,0.8239677437151937,718,False
2024-11-18,2024,11,F001,华东工厂,1000,3,S002,电子元件供应商B,核心,0.8,5.374161692197465,0.8208612769267511,0.7408302699036774,0.6980749369686562,0.6789999999999999,0.8738364415493969,0.8215143854756701,0.7814512582281027,641,False
2024-11-18,2024,11,F001,华东工厂,1000,3,S003,结构件供应商C,普通,0.9,1.1296803789496528,0.9623439873683449,0.8757007477913994,0.8618962189411071,0.6789999999999999,0.9162890164458132,0.8651818482772878,0.8373904537082701,724,False
2024-11-18,2024,11,F001,华东工厂,1000,3,S004,配件供应商D,普通,0.88,9.023801527369393,0.6992066157543535,0.789625558012924,0.7480632762583801,0.6789999999999999,0.9105853796780966,0.9263304570940224,0.7839883997883585,726,False
2024-11-18,2024,11,F001,华东工厂,1000,3,S005,新材料供应商E,普通,0.75,0.2600702204908965,0.9913309926503034,0.7416210711332178,0.7015088178965827,0.6789999999999999,0.9351420556131039,0.9470655287857966,0.8128365618651,769,False
2024-11-18,2024,11,F002,华南工厂,800,5,S001,核心零部件供应商A,核心,0.85,1.4772458981456063,0.9507584700618131,0.8037344155177386,0.8168944543944864,0.695625,0.8840313214010571,0.8926029467671609,0.8276612206541105,591,False
2024-11-18,2024,11,F002,华南工厂,800,5,S002,电子元件供应商B,核心,0.8,2.077152886884576,0.9307615704371808,0.7528969485398472,0.8047235098184676,0.695625,0.8694582214073647,0.7605458613984419,0.7808435953725197,475,False
2024-11-18,2024,11,F002,华南工厂,800,5,S003,结构件供应商C,普通,0.9,0.5651757931772916,0.9811608068940902,0.8548510788225989,0.8626652312947254,0.695625,0.8324210599350429,0.8637352761418303,0.8473608037142504,585,False
2024-11-18,2024,11,F002,华南工厂,800,5,S004,配件供应商D,普通,0.88,0.9992792746948529,0.9666906908435049,0.8800964225737522,0.8589200521519458,0.695625,0.8571929831576423,0.7934014148835147,0.8404505801987645,533,False
2024-11-18,2024,11,F002,华南工厂,800,5,S005,新材料供应商E,普通,0.75,3.4320274381490803,0.8855990853950306,0.7040536974532535,0.6848331883520203,0.695625,0.8508963639420033,0.7719698758337111,0.7642781287455912,471,False
2024-11-18,2024,11,F003,华北工厂,1200,2,S001,核心零部件供应商A,核心,0.85,0.38442399471258365,0.9871858668429139,0.8638748093693855,0.9045945492271789,0.6964166666666667,0.9498703207040575,0.7055507032469626,0.8533674285274147,722,False
2024-11-18,2024,11,F003,华北工厂,1200,2,S002,电子元件供应商B,核心,0.8,1.08602679732388,0.9637991067558707,0.7808577042816053,0.797301494143424,0.6964166666666667,0.9445553400280974,0.9059504374801344,0.7996060565192127,869,False
2024-11-18,2024,11,F003,华北工厂,1200,2,S003,结构件供应商C,普通,0.9,0.326589129986297,0.9891136956671235,0.9065488676963636,0.8807317740136867,0.6964166666666667,0.911661271830487,0.8958225231097166,0.8367802066646483,899,False
2024-11-18,2024,11,F003,华北工厂,1200,2,S004,配件供应商D,普通,0.88,9.873114640367506,0.6708961786544165,0.7308722311842769,0.7003765003187988,0.6964166666666667,0.893472768805216,0.7907972809290562,0.7305742531657888,693,False
2024-11-18,2024,11,F003,华北工厂,1200,2,S005,新材料供应商E,普通,0.75,0.1610526644838855,0.9946315778505371,0.7354088826131039,0.7902887725189223,0.6964166666666667,0.9503467458936727,0.9006401870379069,0.818985359648022,885,False
2024-11-19,2024,11,F001,华东工厂,1000,3,S001,核心零部件供应商A,核心,0.85,1.99888267886779,0.9333705773710737,0.8408149516174162,0.7989285971861652,0.6789999999999999,0.8905141887834674,0.8826286635065816,0.8078630358325263,713,False
2024-11-19,2024,11,F001,华东工厂,1000,3,S002,电子元件供应商B,核心,0.8,0.12348252989702721,0.995883915670099,0.7895595672493235,0.7716968711630423,0.6789999999999999,0.9106801850972216,0.7912045240769642,0.8269776466213314,654,False
2024-11-19,2024,11,F001,华东工厂,1000,3,S003,结构件供应商C,普通,0.9,6.199965895431989,0.7933344701522671,0.7743066411934323,0.74309434293728,0.6789999999999999,0.8996045042073995,0.7791710890042315,0.7446768477826808,580,False
2024-11-19,2024,11,F001,华东工厂,1000,3,S004,配件供应商D,普通,0.88,3.393133347852273,0.8868955550715909,0.8425753051262042,0.792118894475528,0.6789999999999999,0.923144022025921,0.7943129964289238,0.8083678814619801,642,False
2024-11-19,2024,11,F001,华东工厂,1000,3,S005,新材料供应商E,普通,0.75,3.2725942264903773,0.8909135257836541,0.6978102761566384,0.6866972981143252,0.6789999999999999,0.9069499985969938,0.7394152566992269,0.7488473036610471,553,False
2024-11-19,2024,11,F002,华南工厂,800,5,S001,核心零部件供应商A,核心,0.85,0.5735194634132694,0.9808826845528911,0.8004515432833694,0.8302515783316025,0.695625,0.9072227313526736,0.7783419236143195,0.8337710529146924,519,False
2024-11-19,2024,11,F002,华南工厂,800,5,S002,电子元件供应商B,核心,0.8,1.0491356991044505,0.9650288100298516,0.7982750040497721,0.8098390883252194,0.695625,0.8443141977889332,0.8378293476657035,0.8315784960457426,557,False
2024-11-19,2024,11,F002,华南工厂,800,5,S003,结构件供应商C,普通,0.9,1.3367205618034494,0.955442647939885,0.8847044148648461,0.8548259751413491,0.695625,0.8213335214323862,0.8129672611630694,0.8357768531921244,543,False
2024-11-19,2024,11,F002,华南工厂,800,5,S004,配件供应商D,普通,0.88,4.782872197390958,0.8405709267536348,0.7927975074469424,0.79853615525103,0.695625,0.8864174362024695,0.8981758514451879,0.8151705007790077,585,False
2024-11-19,2024,11,F002,华南工厂,800,5,S005,新材料供应商E,普通,0.75,2.975610570444237,0.9008129809851921,0.7222560158571235,0.6988269246423189,0.695625,0.8151087009620392,0.8673530160634109,0.7478606250420088,518,False
2024-11-19,2024,11,F003,华北工厂,1200,2,S001,核心零部件供应商A,核心,0.85,0.7305585108785879,0.9756480496373804,0.8556173821228689,0.8608845439743336,0.6964166666666667,0.9146261604631365,0.9149636225837804,0.8936165108973365,981,False
2024-11-19,2024,11,F003,华北工厂,1200,2,S002,电子元件供应商B,核心,0.8,0.8703138212988193,0.9709895392900394,0.789382312450007,0.7956422169475045,0.6964166666666667,0.9513636800668079,0.7054966305098309,0.8015834771602016,678,False
2024-11-19,2024,11,F003,华北工厂,1200,2,S003,结构件供应商C,普通,0.9,5.092807813697277,0.8302397395434241,0.8497159313198441,0.802330768807226,0.6964166666666667,0.9192288738792822,0.7269906120277089,0.828291355936035,722,False
2024-11-19,2024,11,F003,华北工厂,1200,2,S004,配件供应商D,普通,0.88,0.2165699338454682,0.9927810022051511,0.8886237361923559,0.9648354691227989,0.6964166666666667,0.9413670088730626,0.8056114475077197,0.9184776933845724,887,False
2024-11-19,2024,11,F003,华北工厂,1200,2,S005,新材料供应商E,普通,0.75,1.5229279755174727,0.9492357341494175,0.7488739110543711,0.6966628762859365,0.6964166666666667,0.9360526478598101,0.7044894659375377,0.8023665246310542,678,False
2024-11-20,2024,11,F001,华东工厂,1000,3,S001,核心零部件供应商A,核心,0.85,0.23229735298928952,0.992256754900357,0.8567325461224251,0.8570654027320125,0.6789999999999999,0.9010178506234138,0.7473402189479657,0.8413459628165685,628,False
2024-11-20,2024,11,F001,华东工厂,1000,3,S002,电子元件供应商B,核心,0.8,4.426336133176959,0.8524554622274347,0.7484169054512149,0.7807698277771762,0.6789999999999999,0.9055504373340029,0.9071325648953771,0.7990315911885426,724,False
2024-11-20,2024,11,F001,华东工厂,1000,3,S003,结构件供应商C,普通,0.9,4.657403998164684,0.8447532000611773,0.8477080114874985,0.8172767628080401,0.6789999999999999,0.8994215499522938,0.7844369991837118,0.7975077310045335,625,False
2024-11-20,2024,11,F001,华东工厂,1000,3,S004,配件供应商D,普通,0.88,1.626172384707726,0.9457942538430758,0.7910598928649992,0.8269234742175886,0.6789999999999999,0.8789221399110492,0.7746680393468874,0.8436942980160727,653,False
2024-11-20,2024,11,F001,华东工厂,1000,3,S005,新材料供应商E,普通,0.75,6.050888885983214,0.7983037038005595,0.6866923310215045,0.6994463284229162,0.6789999999999999,0.8879645127412046,0.8740553590303181,0.7537116446706584,658,False
2024-11-20,2024,11,F002,华南工厂,800,5,S001,核心零部件供应商A,核心,0.85,0.6922942316632075,0.9769235256112264,0.8258880793487834,0.8229891932628832,0.695625,0.847204021619785,0.9257743767623274,0.8373836599897105,620,False
2024-11-20,2024,11,F002,华南工厂,800,5,S002,电子元件供应商B,核心,0.8,5.990392311826412,0.800320256272453,0.7533792041312616,0.7461503866455841,0.695625,0.8743585428394903,0.8079512751964779,0.7802663645542254,504,False
2024-11-20,2024,11,F002,华南工厂,800,5,S003,结构件供应商C,普通,0.9,4.622654192210517,0.8459115269263161,0.8445829119562336,0.8428048712782233,0.695625,0.7902121395767358,0.8962679653908782,0.7897621294271268,566,False
2024-11-20,2024,11,F002,华南工厂,800,5,S004,配件供应商D,普通,0.88,5.1708060614106195,0.8276397979529794,0.7782619633266125,0.7848729897917526,0.695625,0.86006520453051,0.8882465482597962,0.7933696357506809,563,False
2024-11-20,2024,11,F002,华南工厂,800,5,S005,新材料供应商E,普通,0.75,5.000606916631353,0.8333131027789549,0.686789541954014,0.6714647973880904,0.695625,0.8708508318418502,0.7123184133956928,0.7461293041303911,425,False
2024-11-20,2024,11,F003,华北工厂,1200,2,S001,核心零部件供应商A,核心,0.85,5.740538563151353,0.8086487145616216,0.7410470506380833,0.7476739803205249,0.6964166666666667,0.9169795058108453,0.8327147585721189,0.7601832362736755,759,False
2024-11-20,2024,11,F003,华北工厂,1200,2,S002,电子元件供应商B,核心,0.8,0.1592078112186919,0.9946930729593769,0.8053669407355766,0.7930986840583384,0.6964166666666667,0.9326963476741252,0.8133426514010393,0.8187408505873501,799,False
2024-11-20,2024,11,F003,华北工厂,1200,2,S003,结构件供应商C,普通,0.9,2.1839668278157323,0.9272011057394756,0.8610669493892683,0.9074164932507393,0.6964166666666667,0.9503446010055477,0.7282749348559556,0.8750937933631,764,False
2024-11-20,2024,11,F003,华北工厂,1200,2,S004,配件供应商D,普通,0.88,0.5099866830912274,0.9830004438969591,0.8318352181244435,0.7945677411803698,0.6964166666666667,0.9502809628137293,0.7970332702505623,0.8634087012439051,825,False
2024-11-20,2024,11,F003,华北工厂,1200,2,S005,新材料供应商E,普通,0.75,0.5617380064102916,0.9812753997863236,0.7510075577572114,0.7074326058445805,0.6964166666666667,0.9504338251916196,0.7426693588255584,0.7393022451065827,658,False
2024-11-21,2024,11,F001,华东工厂,1000,3,S001,核心零部件供应商A,核心,0.85,3.2621826130850047,0.8912605795638332,0.7948338025043008,0.8143903209424098,0.6789999999999999,0.918945043109845,0.7833104351376818,0.8083249134390333,633,False
2024-11-21,2024,11,F001,华东工厂,1000,3,S002,电子元件供应商B,核心,0.8,2.71194795100185,0.909601734966605,0.7679289814166703,0.7442238774909158,0.6789999999999999,0.9283606293735998,0.8760260901929091,0.8140836216482736,713,False
2024-11-21,2024,11,F001,华东工厂,1000,3,S003,结构件供应商C,普通,0.9,2.672812349866374,0.9109062550044542,0.882434765400704,0.8777121253875017,0.6789999999999999,0.9099746429302501,0.9328837622888154,0.8660325246903027,807,False
2024-11-21,2024,11,F001,华东工厂,1000,3,S004,配件供应商D,普通,0.88,2.6264031639805743,0.9124532278673142,0.7968730117661575,0.8532971173299571,0.6789999999999999,0.9112205716711265,0.794989988064938,0.7892559932168217,627,False
2024-11-21,2024,11,F001,华东工厂,1000,3,S005,新材料供应商E,普通,0.75,1.7852599665618332,0.9404913344479389,0.705879548814262,0.7016120959550683,0.6789999999999999,0.9402942922498881,0.7374656997216379,0.7811628619961402,576,False
2024-11-21,2024,11,F002,华南工厂,800,5,S001,核心零部件供应商A,核心,0.85,2.5446962882273265,0.9151767903924224,0.7974604298037092,0.7750525990025434,0.695625,0.8358774277562778,0.9464646101027343,0.8027810704287986,607,False
2024-11-21,2024,11,F002,华南工厂,800,5,S002,电子元件供应商B,核心,0.8,1.1072519205012865,0.9630916026499571,0.7797164198256533,0.7695440686168479,0.695625,0.8365735153946303,0.9156085325352892,0.8126801644045215,595,False
2024-11-21,2024,11,F002,华南工厂,800,5,S003,结构件供应商C,普通,0.9,9.771266118661313,0.6742911293779563,0.7471427125527449,0.6992756951660781,0.695625,0.8506876364451587,0.8034815145131472,0.7327750170435816,471,False
2024-11-21,2024,11,F002,华南工厂,800,5,S004,配件供应商D,普通,0.88,0.9443725157915878,0.9685209161402804,0.8780906543219505,0.8439971561621294,0.695625,0.8251564186054301,0.872277270371706,0.8316195419980172,580,False
2024-11-21,2024,11,F002,华南工厂,800,5,S005,新材料供应商E,普通,0.75,2.49772628880394,0.9167424570398687,0.7319571284870244,0.7645019606917077,0.695625,0.8569339525700332,0.8103868222199575,0.7734318835166069,501,False
2024-11-21,2024,11,F003,华北工厂,1200,2,S001,核心零部件供应商A,核心,0.85,8.700436517238769,0.7099854494253743,0.7342844927623443,0.7059035979718155,0.6964166666666667,0.949328916016796,0.7824937238225691,0.7506382700039034,704,False
2024-11-21,2024,11,F003,华北工厂,1200,2,S002,电子元件供应商B,核心,0.8,9.825220443146787,0.6724926518951071,0.6634529984512092,0.6779937218397615,0.6964166666666667,0.9318781774221687,0.8300451841416898,0.7001860937651636,697,False
2024-11-21,2024,11,F003,华北工厂,1200,2,S003,结构件供应商C,普通,0.9,1.04837940368817,0.965054019877061,0.8753299526501003,0.8234569773271387,0.6964166666666667,0.9421306993410755,0.876227783182834,0.8482700656641698,891,False
2024-11-21,2024,11,F003,华北工厂,1200,2,S004,配件供应商D,普通,0.88,0.26715101661264473,0.9910949661129118,0.9023836652918372,0.9409213868523914,0.6964166666666667,0.9428752928621716,0.9330334788495707,0.8915759079141692,998,False
2024-11-21,2024,11,F003,华北工厂,1200,2,S005,新材料供应商E,普通,0.75,3.825186680808673,0.8724937773063776,0.6968192029487303,0.7020554947473234,0.6964166666666667,0.908527408579164,0.7453045109034042,0.7626306941025807,682,False
2024-11-22,2024,11,F001,华东工厂,1000,3,S001,核心零部件供应商A,核心,0.85,4.986986380377921,0.8337671206540693,0.7774415733922575,0.7440964119712238,0.6789999999999999,0.8849937283408138,0.7790262219852239,0.7783733901085832,606,False
2024-11-22,2024,11,F001,华东工厂,1000,3,S002,电子元件供应商B,核心,0.8,1.6575107904510387,0.9447496403182987,0.7556642901446307,0.7266729173308686,0.6789999999999999,0.9254916099546349,0.7719835235233047,0.7921346929750517,611,False
2024-11-22,2024,11,F001,华东工厂,1000,3,S003,结构件供应商C,普通,0.9,0.6156382274864729,0.9794787257504509,0.9170071149098475,0.9450901879657561,0.6789999999999999,0.8876387914403635,0.7630506005398326,0.8892668190530482,678,False
2024-11-22,2024,11,F001,华东工厂,1000,3,S004,配件供应商D,普通,0.88,9.365165671249471,0.6878278109583509,0.7410316606526781,0.7650200094343654,0.6789999999999999,0.9067338408999699,0.8060972545181275,0.7817203086618975,630,False
2024-11-22,2024,11,F001,华东工厂,1000,3,S005,新材料供应商E,普通,0.75,0.5115214786800899,0.982949284043997,0.7679351770744812,0.6961569326285634,0.6789999999999999,0.9090787719175107,0.8953390545988,0.7904966971749554,707,False
2024-11-22,2024,11,F002,华南工厂,800,5,S001,核心零部件供应商A,核心,0.85,3.4187346591489693,0.8860421780283677,0.8161736020481956,0.8234036096501129,0.695625,0.8508112909619072,0.8968372121024267,0.8107594718489437,581,False
2024-11-22,2024,11,F002,华南工厂,800,5,S002,电子元件供应商B,核心,0.8,2.3383080517968984,0.9220563982734367,0.7522123133438239,0.7401498690901017,0.695625,0.8484898005486639,0.9195287992464253,0.81454777760597,599,False
2024-11-22,2024,11,F002,华南工厂,800,5,S003,结构件供应商C,普通,0.9,2.6445965302330547,0.9118467823255648,0.8810132518565763,0.8987743566311757,0.695625,0.8287201276686889,0.8284083459821627,0.8731183262715692,578,False
2024-11-22,2024,11,F002,华南工厂,800,5,S004,配件供应商D,普通,0.88,4.874348000024316,0.8375217333325228,0.7808741578166389,0.7340592130804082,0.695625,0.8550863125310741,0.8032986197006994,0.7599569869495917,488,False
2024-11-22,2024,11,F002,华南工厂,800,5,S005,新材料供应商E,普通,0.75,1.5607062230129474,0.9479764592329017,0.721091520745738,0.7269394079600674,0.695625,0.8781142610203165,0.9070531894716485,0.8033269225739621,582,False
2024-11-22,2024,11,F003,华北工厂,1200,2,S001,核心零部件供应商A,核心,0.85,0.5609064174598276,0.9813031194180057,0.8478651774644256,0.8700515336803037,0.6964166666666667,0.9392011577283227,0.8355083362743004,0.8763264235926946,878,False
2024-11-22,2024,11,F003,华北工厂,1200,2,S002,电子元件供应商B,核心,0.8,7.541336375726851,0.748622120809105,0.6970643611983239,0.7246568155680367,0.6964166666666667,0.9257305136378592,0.7969410821324374,0.7257219382025115,694,False
2024-11-22,2024,11,F003,华北工厂,1200,2,S003,结构件供应商C,普通,0.9,1.0142614946763424,0.9661912835107885,0.8979791235554,0.8852951579171041,0.6964166666666667,0.9440903200562245,0.743205012864113,0.8462608117497612,754,False
2024-11-22,2024,11,F003,华北工厂,1200,2,S004,配件供应商D,普通,0.88,1.2670978995116062,0.9577634033496131,0.8595779849655161,0.8543230728921474,0.6964166666666667,0.9482533004636364,0.7553817879755917,0.8489954358109786,769,False
2024-11-22,2024,11,F003,华北工厂,1200,2,S005,新材料供应商E,普通,0.75,1.8683336701671924,0.9377222109944269,0.7480574184744756,0.7455060883033349,0.6964166666666667,0.9415928537978778,0.8676868001179433,0.8385443092271996,873,False
2024-11-23,2024,11,F001,华东工厂,1000,3,S001,核心零部件供应商A,核心,0.85,5.638922004520632,0.8120359331826457,0.7700691558552079,0.7697197893901833,0.6789999999999999,0.9148022899544372,0.8357103435835186,0.794475223071874,663,False
2024-11-23,2024,11,F001,华东工厂,1000,3,S002,电子元件供应商B,核心,0.8,2.262799634072511,0.9245733455309163,0.7756345543204375,0.7110362721591285,0.6789999999999999,0.8909651105341656,0.8785382865980434,0.8263187858948496,725,False
2024-11-23,2024,11,F001,华东工厂,1000,3,S003,结构件供应商C,普通,0.9,5.924860328224831,0.802504655725839,0.8077903368485323,0.7721196750717527,0.6789999999999999,0.94355579509491,0.7624668663144822,0.771690018520297,588,False
2024-11-23,2024,11,F001,华东工厂,1000,3,S004,配件供应商D,普通,0.88,3.067045429554527,0.8977651523481824,0.8307096933366348,0.8604984072502238,0.6789999999999999,0.9050061165506642,0.9375949378705233,0.8323372424276098,780,False
2024-11-23,2024,11,F001,华东工厂,1000,3,S005,新材料供应商E,普通,0.75,9.53375494525151,0.6822081684916164,0.6310407885513297,0.5909607017782819,0.6789999999999999,0.8795170618590797,0.9155837291099329,0.7182981808447463,657,False
2024-11-23,2024,11,F002,华南工厂,800,5,S001,核心零部件供应商A,核心,0.85,0.9999684307342298,0.9666677189755257,0.8581974409076126,0.8941567191774765,0.695625,0.8175798343084733,0.9022444374034271,0.8352987868983756,602,False
2024-11-23,2024,11,F002,华南工厂,800,5,S002,电子元件供应商B,核心,0.8,4.833781543924838,0.8388739485358387,0.7805383310982613,0.7533099251012688,0.695625,0.873363368029082,0.8062506035307994,0.7894393809786454,509,False
2024-11-23,2024,11,F002,华南工厂,800,5,S003,结构件供应商C,普通,0.9,0.9665997721713904,0.967780007594287,0.8907515636638957,0.8396205624150078,0.695625,0.808521879900567,0.7227843347724268,0.7861417401820742,454,False
2024-11-23,2024,11,F002,华南工厂,800,5,S004,配件供应商D,普通,0.88,3.8039742825970015,0.8732008572467667,0.811809263242305,0.7942406081873331,0.695625,0.8215175517668413,0.8459645668270038,0.7891326959111185,534,False
2024-11-23,2024,11,F002,华南工厂,800,5,S005,新材料供应商E,普通,0.75,1.3930827667153896,0.9535639077761536,0.766433059829602,0.6966511484279269,0.695625,0.8406174068135183,0.9201054757184012,0.781310262229017,575,False
2024-11-23,2024,11,F003,华北工厂,1200,2,S001,核心零部件供应商A,核心,0.85,1.7060194870422793,0.9431326837652574,0.8165071749563557,0.8138596310744171,0.6964166666666667,0.9995810992760277,0.8397102177386666,0.8383765484233442,844,False
2024-11-23,2024,11,F003,华北工厂,1200,2,S002,电子元件供应商B,核心,0.8,3.6830671666962056,0.8772310944434598,0.739818257915867,0.7181962383006041,0.6964166666666667,0.9398545481000058,0.7535440631848966,0.7551929218009427,682,False
2024-11-23,2024,11,F003,华北工厂,1200,2,S003,结构件供应商C,普通,0.9,0.18585973626956287,0.9938046754576813,0.8799347846280426,0.8672429665972693,0.6964166666666667,0.9458668708385445,0.7359586177475776,0.8891508306308696,785,False
2024-11-23,2024,11,F003,华北工厂,1200,2,S004,配件供应商D,普通,0.88,0.02785367045838713,0.9990715443180538,0.8698923909639784,0.8837379323553218,0.6964166666666667,0.907442043068359,0.8463714845787589,0.8825216344503447,896,False
2024-11-23,2024,11,F003,华北工厂,1200,2,S005,新材料供应商E,普通,0.75,1.1378732886981273,0.9620708903767291,0.7341580848256373,0.7305384965434436,0.6964166666666667,0.9339947056416233,0.8645709458565393,0.7768835516936047,806,False
2024-11-24,2024,11,F001,华东工厂,1000,3,S001,核心零部件供应商A,核心,0.85,0.9187851294964173,0.969373829016786,0.8372226129357618,0.827995910880324,0.6789999999999999,0.9188679590127211,0.8473677007733117,0.8383816136066274,710,False
2024-11-24,2024,11,F001,华东工厂,1000,3,S002,电子元件供应商B,核心,0.8,1.9112792986227203,0.9362906900459094,0.7893314035884259,0.7931434607892126,0.6789999999999999,0.8997277739557212,0.7593135909142843,0.8228748982111239,624,False
2024-11-24,2024,11,F001,华东工厂,1000,3,S003,结构件供应商C,普通,0.9,0.914011129473703,0.9695329623508766,0.9201563457727021,0.9210766010548234,0.6789999999999999,0.8947330162656978,0.8808951751099952,0.8719357303938903,768,False
2024-11-24,2024,11,F001,华东工厂,1000,3,S004,配件供应商D,普通,0.88,4.919229467546899,0.8360256844151034,0.8273365464043746,0.7898498693221901,0.6789999999999999,0.9289829832334969,0.911306389540185,0.8096637128714893,737,False
2024-11-24,2024,11,F001,华东工厂,1000,3,S005,新材料供应商E,普通,0.75,2.2360510766758086,0.9254649641108064,0.7361038750069782,0.7466354494356185,0.6789999999999999,0.8703200663370609,0.8884165344773953,0.7901738145172652,702,False
2024-11-24,2024,11,F002,华南工厂,800,5,S001,核心零部件供应商A,核心,0.85,0.7456389148138033,0.9751453695062066,0.859255945780851,0.8501950150973681,0.695625,0.8366591704842262,0.7536861256020893,0.8588274551105621,517,False
2024-11-24,2024,11,F002,华南工厂,800,5,S002,电子元件供应商B,核心,0.8,1.3200224145709616,0.9559992528476347,0.765746278078675,0.7490962964352487,0.695625,0.832772738941009,0.8135418675419409,0.8078388290086655,525,False
2024-11-24,2024,11,F002,华南工厂,800,5,S003,结构件供应商C,普通,0.9,1.4625943892522681,0.951246853691591,0.8771111352521187,0.8834185218521875,0.695625,0.8838366967504916,0.8046897476206637,0.8781825623345172,565,False
2024-11-24,2024,11,F002,华南工厂,800,5,S004,配件供应商D,普通,0.88,1.6960761255815973,0.9434641291472801,0.8556236420722232,0.8354280849783305,0.695625,0.8261594731603362,0.7259598465277318,0.8146875105035448,473,False
2024-11-24,2024,11,F002,华南工厂,800,5,S005,新材料供应商E,普通,0.75,0.39570384798339764,0.9868098717338868,0.7496676482668961,0.7244985950775709,0.695625,0.8375183050992501,0.7433930360378599,0.7654474955904307,455,False
2024-11-24,2024,11,F003,华北工厂,1200,2,S001,核心零部件供应商A,核心,0.85,9.498516019168779,0.6833827993610406,0.7072078649040167,0.7234511878857087,0.6964166666666667,0.9184418827769683,0.822968989865206,0.7359842114776329,726,False
2024-11-24,2024,11,F003,华北工厂,1200,2,S002,电子元件供应商B,核心,0.8,0.05941611127104225,0.9980194629576319,0.8047274750413023,0.8659952102566261,0.6964166666666667,0.9514425143521678,0.7317952973042217,0.8540087104213607,749,False
2024-11-24,2024,11,F003,华北工厂,1200,2,S003,结构件供应商C,普通,0.9,1.525281627509921,0.9491572790830026,0.8665564952903556,0.8452465205839088,0.6964166666666667,0.9478446135110913,0.8028527329401163,0.8123883664835148,782,False
2024-11-24,2024,11,F003,华北工厂,1200,2,S004,配件供应商D,普通,0.88,8.854158997064516,0.704861366764516,0.7648059660301679,0.7430887203555397,0.6964166666666667,0.921972605703155,0.9144722963115599,0.7671153594472813,841,False
2024-11-24,2024,11,F003,华北工厂,1200,2,S005,新材料供应商E,普通,0.75,1.1082425157244047,0.9630585828091865,0.7520830652145862,0.8092337577206488,0.6964166666666667,0.930090157109642,0.8830594785230719,0.759731479456063,805,False
2024-11-25,2024,11,F001,华东工厂,1000,3,S001,核心零部件供应商A,核心,0.85,0.2755989666927447,0.9908133677769085,0.8603862951262294,0.869494423264741,0.6789999999999999,0.900074449338206,0.800887155203422,0.8802367253210404,704,False
2024-11-25,2024,11,F001,华东工厂,1000,3,S002,电子元件供应商B,核心,0.8,0.441905779417598,0.9852698073527467,0.7725097261238826,0.7730970289865877,0.6789999999999999,0.9417801151754575,0.7645660894717908,0.8076462950136628,617,False
2024-11-25,2024,11,F001,华东工厂,1000,3,S003,结构件供应商C,普通,0.9,1.9663184199214254,0.9344560526692858,0.8647653799853587,0.8992799914863593,0.6789999999999999,0.9049952766868585,0.8004879811538048,0.8399454981099496,672,False
2024-11-25,2024,11,F001,华东工厂,1000,3,S004,配件供应商D,普通,0.88,5.607442239075313,0.8130852586974896,0.8235985864714379,0.7850593986098056,0.6789999999999999,0.9235570794968206,0.789310492042534,0.8279586217104762,653,False
2024-11-25,2024,11,F001,华东工厂,1000,3,S005,新材料供应商E,普通,0.75,2.5815276336877986,0.9139490788770734,0.7049648397502849,0.6977062940105514,0.6789999999999999,0.9301991099341417,0.7822514324155582,0.7441863087041899,582,False
2024-11-25,2024,11,F002,华南工厂,800,5,S001,核心零部件供应商A,核心,0.85,1.49004965601211,0.9503316781329296,0.8123749582047387,0.7748267584955694,0.695625,0.8819581172039281,0.8278840485586979,0.7993722620980424,529,False
2024-11-25,2024,11,F002,华南工厂,800,5,S002,电子元件供应商B,核心,0.8,8.624008780485212,0.7125330406504929,0.6850924418786889,0.6673491272925057,0.695625,0.8654004497426141,0.7122896309053568,0.7197320194072784,410,False
2024-11-25,2024,11,F002,华南工厂,800,5,S003,结构件供应商C,普通,0.9,2.556425816587913,0.9147858061137363,0.8530580942281208,0.8707254277553836,0.695625,0.85460111223091,0.8642994154100155,0.8390724966559334,580,False
2024-11-25,2024,11,F002,华南工厂,800,5,S004,配件供应商D,普通,0.88,1.7342595093766864,0.9421913496874438,0.8449700590713188,0.8440624792195562,0.695625,0.8462593274225055,0.7310863293606027,0.8573565871133654,501,False
2024-11-25,2024,11,F002,华南工厂,800,5,S005,新材料供应商E,普通,0.75,0.7234330791959838,0.9758855640268005,0.7433233094723836,0.722517082788518,0.695625,0.8522319943380302,0.9042755332506537,0.8433300258011325,610,False
2024-11-25,2024,11,F003,华北工厂,1200,2,S001,核心零部件供应商A,核心,0.85,5.920034431538593,0.8026655189487135,0.7517747476950191,0.8030509623256079,0.6964166666666667,0.9787806540159595,0.7875591535817692,0.8158387348884062,771,False
2024-11-25,2024,11,F003,华北工厂,1200,2,S002,电子元件供应商B,核心,0.8,7.470306555900391,0.750989781469987,0.7082226642048873,0.6831679360590122,0.6964166666666667,0.9174777204844251,0.7535750180807196,0.7121891457455384,644,False
2024-11-25,2024,11,F003,华北工厂,1200,2,S003,结构件供应商C,普通,0.9,2.6393098817743175,0.9120230039408561,0.8504176437111357,0.8485807624550764,0.6964166666666667,0.9599058079904406,0.8724253837154671,0.8354586273325957,874,False
2024-11-25,2024,11,F003,华北工厂,1200,2,S004,配件供应商D,普通,0.88,3.8715440046246226,0.8709485331791793,0.8017911880454195,0.8354759528619777,0.6964166666666667,0.9343283775571692,0.9079463250462898,0.8200281463962037,893,False
2024-11-25,2024,11,F003,华北工厂,1200,2,S005,新材料供应商E,普通,0.75,11.807533152106444,0.6064155615964519,0.596818770090403,0.5786382667665783,0.6964166666666667,0.9316991079912472,0.8446463371482373,0.6718537164842919,680,False
2024-11-26,2024,11,F001,华东工厂,1000,3,S001,核心零部件供应商A,核心,0.85,0.23418835590943002,0.9921937214696857,0.8434730605882754,0.8592923513902623,0.6789999999999999,0.9110472579440653,0.8888593181288953,0.8530564055804343,758,False
2024-11-26,2024,11,F001,华东工厂,1000,3,S002,电子元件供应商B,核心,0.8,2.7996971523296987,0.90667676158901,0.7918511516014418,0.8320633442048684,0.6789999999999999,0.9274089833948261,0.9466035046207222,0.874074933442924,827,False
2024-11-26,2024,11,F001,华东工厂,1000,3,S003,结构件供应商C,普通,0.9,3.9535592803828825,0.8682146906539039,0.8494530861191282,0.8592194605787903,0.6789999999999999,0.9548784255100611,0.9072954449874794,0.78769696298392,714,False
2024-11-26,2024,11,F001,华东工厂,1000,3,S004,配件供应商D,普通,0.88,1.7597934437190168,0.9413402185426994,0.8737949552132214,0.9507645024582903,0.6789999999999999,0.9121497143666284,0.907010821443563,0.8646685889295475,784,False
2024-11-26,2024,11,F001,华东工厂,1000,3,S005,新材料供应商E,普通,0.75,0.5141468018727318,0.982861773270909,0.7760061168956173,0.825030347162182,0.6789999999999999,0.9088797065633266,0.7568554321808822,0.8229654392516674,622,False
2024-11-26,2024,11,F002,华南工厂,800,5,S001,核心零部件供应商A,核心,0.85,0.5637800687616351,0.9812073310412788,0.8629382599612869,0.9110046016232372,0.695625,0.8360543263906037,0.9233836458746092,0.8661036296448728,639,False
2024-11-26,2024,11,F002,华南工厂,800,5,S002,电子元件供应商B,核心,0.8,1.4792832486326808,0.9506905583789106,0.7725059029044352,0.7147122547206488,0.695625,0.8700738142222401,0.932315243799473,0.7939554567888126,592,False
2024-11-26,2024,11,F002,华南工厂,800,5,S003,结构件供应商C,普通,0.9,1.0848609555815156,0.9638379681472828,0.8907837585293298,0.9044674082919014,0.695625,0.8174053366950761,0.9060236226210935,0.867774454081568,628,False
2024-11-26,2024,11,F002,华南工厂,800,5,S004,配件供应商D,普通,0.88,0.016015243751149218,0.9994661585416283,0.8415839827512939,0.8646709370647241,0.695625,0.8723676256422116,0.9128711123284985,0.8262221076847966,603,False
2024-11-26,2024,11,F002,华南工厂,800,5,S005,新材料供应商E,普通,0.75,2.8186426983993313,0.906045243386689,0.7057868938625776,0.7259959848338363,0.695625,0.7942918825454863,0.7029112248757741,0.7737976440301176,435,False
2024-11-26,2024,11,F003,华北工厂,1200,2,S001,核心零部件供应商A,核心,0.85,2.4412846281230247,0.9186238457292325,0.8350959634930135,0.8869746537647328,0.6964166666666667,0.9497143168270799,0.7166875637126892,0.8703851497141621,748,False
2024-11-26,2024,11,F003,华北工厂,1200,2,S002,电子元件供应商B,核心,0.8,0.37140698972866365,0.9876197670090445,0.7639822417530782,0.7839607068881002,0.6964166666666667,0.9373599229429145,0.8385806495209138,0.8067114826688792,811,False
2024-11-26,2024,11,F003,华北工厂,1200,2,S003,结构件供应商C,普通,0.9,1.1958229703669938,0.9601392343211002,0.8995684565128257,0.9398291390426231,0.6964166666666667,0.9635298087527006,0.8621737606332588,0.8685094253541416,898,False
2024-11-26,2024,11,F003,华北工厂,1200,2,S004,配件供应商D,普通,0.88,3.043740409918551,0.8985419863360483,0.8301587954828071,0.8310116433941587,0.6964166666666667,0.9213169158590091,0.9356524275396638,0.8677218674005858,974,False
2024-11-26,2024,11,F003,华北工厂,1200,2,S005,新材料供应商E,普通,0.75,5.110994760017887,0.8296335079994037,0.6558768225803977,0.6719259427513108,0.6964166666666667,0.9280634162376857,0.8191419858950046,0.7290580232421544,716,False
2024-11-27,2024,11,F001,华东工厂,1000,3,S001,核心零部件供应商A,核心,0.85,1.0532099435594553,0.9648930018813515,0.8097878235076162,0.8114804071058304,0.6789999999999999,0.9453867464680126,0.8090120744931469,0.8315715915330971,672,False
2024-11-27,2024,11,F001,华东工厂,1000,3,S002,电子元件供应商B,核心,0.8,2.983037191584762,0.9005654269471746,0.734607354778883,0.7037968871320346,0.6789999999999999,0.908697989224894,0.8448840922874952,0.832277220408887,703,False
2024-11-27,2024,11,F001,华东工厂,1000,3,S003,结构件供应商C,普通,0.9,1.013393786294085,0.9662202071235305,0.8707997864847781,0.8640856949532492,0.6789999999999999,0.8848396017746732,0.9178864201770316,0.8694717715442535,798,False
2024-11-27,2024,11,F001,华东工厂,1000,3,S004,配件供应商D,普通,0.88,1.9907201910831223,0.9336426602972292,0.8543076744114321,0.7963589550961259,0.6789999999999999,0.9319308559195043,0.728633217081587,0.7754752264302214,565,False
2024-11-27,2024,11,F001,华东工厂,1000,3,S005,新材料供应商E,普通,0.75,17.41794678460344,0.419401773846552,0.4948776115341287,0.3931820632841452,0.6789999999999999,0.8919228891609533,0.9083185762571894,0.62377814193563,566,False
2024-11-27,2024,11,F002,华南工厂,800,5,S001,核心零部件供应商A,核心,0.85,1.8168967750937937,0.9394367741635402,0.8129022794477854,0.8224316705181044,0.695625,0.8594808462302441,0.7529291946154913,0.8257201304088517,497,False
2024-11-27,2024,11,F002,华南工厂,800,5,S002,电子元件供应商B,核心,0.8,0.4709651409909924,0.9843011619669669,0.78775785320147,0.7381854814925658,0.695625,0.848321962734634,0.8428300038582757,0.7933378323429041,534,False
2024-11-27,2024,11,F002,华南工厂,800,5,S003,结构件供应商C,普通,0.9,9.180787584686954,0.6939737471771015,0.7890158222987594,0.7911184765550164,0.695625,0.8387558860755947,0.7787520687974434,0.7641955887945324,476,False
2024-11-27,2024,11,F002,华南工厂,800,5,S004,配件供应商D,普通,0.88,2.5708797187613457,0.9143040093746218,0.8279887937484818,0.8071634916719213,0.695625,0.8582198040575499,0.7981837785560568,0.8213568726445231,524,False
2024-11-27,2024,11,F002,华南工厂,800,5,S005,新材料供应商E,普通,0.75,2.105841587889601,0.9298052804036799,0.6906386164875443,0.6834706618438307,0.695625,0.8399706115328305,0.7329525933743648,0.7524575086387225,441,False
2024-11-27,2024,11,F003,华北工厂,1200,2,S001,核心零部件供应商A,核心,0.85,6.530226442064518,0.782325785264516,0.7481004954887098,0.794049769473181,0.6964166666666667,0.8941211683030695,0.8851949667901681,0.7960499423696861,845,False
2024-11-27,2024,11,F003,华北工厂,1200,2,S002,电子元件供应商B,核心,0.8,4.600031452518443,0.8466656182493852,0.7544117070597779,0.7823451843115059,0.6964166666666667,0.9279204022678554,0.8174613587459187,0.7739357492828153,759,False
2024-11-27,2024,11,F003,华北工厂,1200,2,S003,结构件供应商C,普通,0.9,1.2049855105902751,0.9598338163136575,0.8663745548620488,0.901222819271763,0.6964166666666667,0.9342488377969772,0.9449786081955951,0.8525473655721849,966,False
2024-11-27,2024,11,F003,华北工厂,1200,2,S004,配件供应商D,普通,0.88,0.7680906115927486,0.9743969796135751,0.8449639619507511,0.9046285635642649,0.6964166666666667,0.9395582737001684,0.875541082162078,0.8512023754648027,894,False
2024-11-27,2024,11,F003,华北工厂,1200,2,S005,新材料供应商E,普通,0.75,2.1598288610694243,0.9280057046310192,0.7152085263906411,0.735818847674087,0.6964166666666667,0.9637292207466064,0.8980007815325489,0.7662511633333519,825,False
2024-11-28,2024,11,F001,华东工厂,1000,3,S001,核心零部件供应商A,核心,0.85,1.1760789313090374,0.9607973689563655,0.8193528130244051,0.8317915750024236,0.6789999999999999,0.8948303680175038,0.9028076396003394,0.8263647021401425,746,False
2024-11-28,2024,11,F001,华东工厂,1000,3,S002,电子元件供应商B,核心,0.8,0.755590787297767,0.9748136404234078,0.7939570584533551,0.7969228418036857,0.6789999999999999,0.9601499047571767,0.8152583920244529,0.8606885883408589,701,False
2024-11-28,2024,11,F001,华东工厂,1000,3,S003,结构件供应商C,普通,0.9,1.1830865680620595,0.960563781064598,0.930782974971209,0.9135452740505677,0.6789999999999999,0.9517549197175029,0.9237666807340534,0.8745017016516787,807,False
2024-11-28,2024,11,F001,华东工厂,1000,3,S004,配件供应商D,普通,0.88,1.497436137514314,0.9500854620828562,0.8562334598163001,0.8710721990035286,0.6789999999999999,0.9414989739861528,0.9376480032689846,0.8746815531400923,820,False
2024-11-28,2024,11,F001,华东工厂,1000,3,S005,新材料供应商E,普通,0.75,0.8415882376743662,0.9719470587441877,0.7423107896720644,0.7925165949235922,0.6789999999999999,0.927533749517502,0.8380555700434615,0.7993325821633603,669,False
2024-11-28,2024,11,F002,华南工厂,800,5,S001,核心零部件供应商A,核心,0.85,3.245033848083616,0.8918322050638795,0.7997551517747514,0.739130624237173,0.695625,0.8224484723987067,0.7495931349619253,0.8099750421490851,485,False
2024-11-28,2024,11,F002,华南工厂,800,5,S002,电子元件供应商B,核心,0.8,9.782258589387396,0.6739247136870867,0.7043631905142438,0.706921712576241,0.695625,0.8145951164804902,0.8017910746167812,0.7032274836349995,451,False
2024-11-28,2024,11,F002,华南工厂,800,5,S003,结构件供应商C,普通,0.9,1.5788161426347713,0.9473727952455077,0.9168538052392166,0.9786513424916508,0.695625,0.8275830569286886,0.8240188696251327,0.8697864716794859,573,False
2024-11-28,2024,11,F002,华南工厂,800,5,S004,配件供应商D,普通,0.88,0.5557515676022992,0.98147494774659,0.9046350546758816,0.936996626199972,0.695625,0.8661732553099457,0.8594826223949164,0.8682813127040898,597,False
2024-11-28,2024,11,F002,华南工厂,800,5,S005,新材料供应商E,普通,0.75,4.398219614632353,0.8533926795122548,0.7031005664434099,0.6996382862974163,0.695625,0.8563674587902933,0.7430485668564385,0.7560335655292783,449,False
2024-11-28,2024,11,F003,华北工厂,1200,2,S001,核心零部件供应商A,核心,0.85,0.9480932368036672,0.9683968921065444,0.8166305399386735,0.7886446465848658,0.6964166666666667,0.9362379424890989,0.7499682436623609,0.8125774275460217,731,False
2024-11-28,2024,11,F003,华北工厂,1200,2,S002,电子元件供应商B,核心,0.8,0.791348304347866,0.9736217231884045,0.7952862897976881,0.8366145132129172,0.6964166666666667,0.939781686378531,0.8019712317125897,0.8334109237116998,802,False
2024-11-28,2024,11,F003,华北工厂,1200,2,S003,结构件供应商C,普通,0.9,0.3629296729468543,0.9879023442351048,0.9183627817179847,0.9494866148232539,0.6964166666666667,0.9593594748854867,0.7000132067330742,0.8952173744226375,751,False
2024-11-28,2024,11,F003,华北工厂,1200,2,S004,配件供应商D,普通,0.88,9.232181122010955,0.6922606292663015,0.7533293279884693,0.7653655428929592,0.6964166666666667,0.9448950065336954,0.9399791724105226,0.774857675264845,874,False
2024-11-28,2024,11,F003,华北工厂,1200,2,S005,新材料供应商E,普通,0.75,3.404714993509545,0.8865095002163486,0.7201044346474518,0.7231121292588065,0.6964166666666667,0.9821032276194483,0.8190845733735915,0.7660811534167233,752,False
2024-11-29,2024,11,F001,华东工厂,1000,3,S001,核心零部件供应商A,核心,0.85,8.102310257909568,0.7299229914030143,0.7352601969888118,0.7108829235194876,0.6789999999999999,0.9303868653449737,0.8457546618610341,0.7704885358129184,651,False
2024-11-29,2024,11,F001,华东工厂,1000,3,S002,电子元件供应商B,核心,0.8,7.187976809980032,0.7604007730006656,0.6976624129074618,0.6956655664511281,0.6789999999999999,0.9186693130011129,0.9276987326274871,0.7188846162535218,666,False
2024-11-29,2024,11,F001,华东工厂,1000,3,S003,结构件供应商C,普通,0.9,5.623226000616874,0.8125591333127709,0.8331102673422561,0.9058960517827481,0.6789999999999999,0.9196067009390696,0.9318416023653884,0.8346310559371849,777,False
2024-11-29,2024,11,F001,华东工厂,1000,3,S004,配件供应商D,普通,0.88,1.5455625607604178,0.9484812479746527,0.8521659758425448,0.8782262339827202,0.6789999999999999,0.9065171856573951,0.7306457891267957,0.8687794681620352,634,False
2024-11-29,2024,11,F001,华东工厂,1000,3,S005,新材料供应商E,普通,0.75,7.890527116753683,0.7369824294415439,0.6851003337610228,0.6751952437227945,0.6789999999999999,0.9083795232652241,0.7251325896729589,0.7262340356305963,526,False
2024-11-29,2024,11,F002,华南工厂,800,5,S001,核心零部件供应商A,核心,0.85,2.056843742808126,0.9314385419063957,0.7991161666247311,0.8366088937711698,0.695625,0.8717957402840834,0.8759839768319577,0.8476786027318151,594,False
2024-11-29,2024,11,F002,华南工厂,800,5,S002,电子元件供应商B,核心,0.8,2.03490489330831,0.932169836889723,0.772418555222398,0.7983048404393902,0.695625,0.8222275597093003,0.776913771839084,0.7908202734370122,491,False
2024-11-29,2024,11,F002,华南工厂,800,5,S003,结构件供应商C,普通,0.9,0.12977015729412605,0.9956743280901958,0.8715434682806744,0.8926598961154022,0.695625,0.8705722062260676,0.7818052957903634,0.8362618162149693,523,False
2024-11-29,2024,11,F002,华南工厂,800,5,S004,配件供应商D,普通,0.88,0.8319910784228256,0.9722669640525725,0.8777074375659355,0.8598093369186849,0.695625,0.8473186950072724,0.8267325290192986,0.8198753367314142,542,False
2024-11-29,2024,11,F002,华南工厂,800,5,S005,新材料供应商E,普通,0.75,3.4883957773073653,0.8837201407564211,0.7293893593681906,0.7441844543953557,0.695625,0.8491623989006986,0.7700335296938449,0.7696420049242345,474,False
2024-11-29,2024,11,F003,华北工厂,1200,2,S001,核心零部件供应商A,核心,0.85,0.47353164349442556,0.9842156118835191,0.8231355884185255,0.7896296092605372,0.6964166666666667,0.981727508351027,0.7952751284029534,0.8401583020883625,801,False
2024-11-29,2024,11,F003,华北工厂,1200,2,S002,电子元件供应商B,核心,0.8,3.813226297276377,0.8728924567574541,0.7241249108536868,0.6947915645249213,0.6964166666666667,0.931558562298206,0.7199472809085,0.7649923406783389,660,False
2024-11-29,2024,11,F003,华北工厂,1200,2,S003,结构件供应商C,普通,0.9,1.6236975060376677,0.9458767497987444,0.8773988375957902,0.8826604213319886,0.6964166666666667,0.9540455285510315,0.9050732401522943,0.8964625761336456,973,False
2024-11-29,2024,11,F003,华北工厂,1200,2,S004,配件供应商D,普通,0.88,1.5530968115916008,0.9482301062802799,0.858539998631883,0.8127204290093496,0.6964166666666667,0.9756654162079167,0.8412684478700263,0.8894063423786791,897,False
2024-11-29,2024,11,F003,华北工厂,1200,2,S005,新材料供应商E,普通,0.75,8.910481210530676,0.7029839596489775,0.6331908836650766,0.6192724445805443,0.6964166666666667,0.9642140250629503,0.8262914278806831,0.721443452762125,715,False
2024-11-30,2024,11,F001,华东工厂,1000,3,S001,核心零部件供应商A,核心,0.85,4.13539216651091,0.8621535944496364,0.7831683437726272,0.7651293298372752,0.6789999999999999,0.89512567829411,0.7878389836637316,0.7972162898312691,628,False
2024-11-30,2024,11,F001,华东工厂,1000,3,S002,电子元件供应商B,核心,0.8,0.923108502491999,0.9692297165836,0.8141815391502616,0.7855450598255272,0.6789999999999999,0.9272540984398003,0.7249829692636024,0.770024128778775,558,False
2024-11-30,2024,11,F001,华东工厂,1000,3,S003,结构件供应商C,普通,0.9,4.904539377214711,0.8365153540928429,0.8554336501852944,0.817326695014468,0.6789999999999999,0.8924721251305049,0.9211687462383374,0.8335185693484737,767,False
2024-11-30,2024,11,F001,华东工厂,1000,3,S004,配件供应商D,普通,0.88,2.8730906566257595,0.904230311445808,0.8122960844510041,0.8036919221709979,0.6789999999999999,0.8976584358157913,0.9024185645220183,0.7968887857887934,719,False
2024-11-30,2024,11,F001,华东工厂,1000,3,S005,新材料供应商E,普通,0.75,3.5690034628373883,0.8810332179054203,0.698650132613722,0.7443314715926072,0.6789999999999999,0.8942859955824332,0.7528157292345491,0.798229189219584,600,False
2024-11-30,2024,11,F002,华南工厂,800,5,S001,核心零部件供应商A,核心,0.85,3.0045414115700337,0.8998486196143323,0.8470661486777445,0.8337318226820137,0.695625,0.874102354792289,0.8904356766173789,0.8326670742334888,593,False
2024-11-30,2024,11,F002,华南工厂,800,5,S002,电子元件供应商B,核心,0.8,0.18019667167777306,0.9939934442774075,0.8050862021999997,0.8321224056147689,0.695625,0.8669170236893801,0.750413802816723,0.8152535509479135,489,False
2024-11-30,2024,11,F002,华南工厂,800,5,S003,结构件供应商C,普通,0.9,0.24441800913135914,0.9918527330289547,0.9069670417818015,0.9206650372427566,0.695625,0.8542712239937849,0.8716919488992924,0.865357773344705,603,False
2024-11-30,2024,11,F002,华南工厂,800,5,S004,配件供应商D,普通,0.88,2.2024243398579193,0.9265858553380694,0.8417972293064673,0.8779948519005936,0.695625,0.8376072715216707,0.8262910045733287,0.8145250736109574,538,False
2024-11-30,2024,11,F002,华南工厂,800,5,S005,新材料供应商E,普通,0.75,2.2735742227667615,0.9242141925744413,0.7329305914412079,0.7507874245962339,0.695625,0.8781459941306917,0.7479433645734177,0.7900660096207064,472,False
2024-11-30,2024,11,F003,华北工厂,1200,2,S001,核心零部件供应商A,核心,0.85,0.15408365985161598,0.9948638780049461,0.8641415856032459,0.8323845372555503,0.6964166666666667,0.959678470744889,0.7744949486655673,0.8428963415059889,783,False
2024-11-30,2024,11,F003,华北工厂,1200,2,S002,电子元件供应商B,核心,0.8,0.035827121369776005,0.9988057626210075,0.8129571546922405,0.7615035560513996,0.6964166666666667,0.9526035918473023,0.9191495297087546,0.7913912245956447,872,False
2024-11-30,2024,11,F003,华北工厂,1200,2,S003,结构件供应商C,普通,0.9,7.307837074226825,0.7564054308591058,0.7848641344778741,0.7336975867508859,0.6964166666666667,0.9526607345250104,0.9496543297910961,0.7931481056029804,903,False
2024-11-30,2024,11,F003,华北工厂,1200,2,S004,配件供应商D,普通,0.88,0.8052358149952904,0.9731588061668237,0.852774126652597,0.8958063680036419,0.6964166666666667,0.9220666701133323,0.7056424241433606,0.785375231538691,665,False
2024-11-30,2024,11,F003,华北工厂,1200,2,S005,新材料供应商E,普通,0.75,3.483960660107316,0.8838679779964228,0.7167231924259615,0.6637252308435431,0.6964166666666667,0.9226998071397831,0.8017934346497188,0.7535406996847306,725,False
2024-12-01,2024,12,F001,华东工厂,1000,3,S001,核心零部件供应商A,核心,0.85,8.964823294026568,0.7011725568657811,0.5508345300642205,0.5081482228298738,0.6789999999999999,0.9192254416863567,0.888484421110356,0.6588832304383503,585,True
2024-12-01,2024,12,F001,华东工厂,1000,3,S002,电子元件供应商B,核心,0.8,6.754653113345377,0.7748448962218207,0.5556973078441928,0.5348257341101802,0.6789999999999999,0.9140224691740305,0.8293652523460727,0.6548219553990989,543,True
2024-12-01,2024,12,F001,华东工厂,1000,3,S003,结构件供应商C,普通,0.9,43.72542937605846,0.0,0.6741703336001834,0.3760978836948806,0.6789999999999999,0.9213237387284212,0.8942964773599024,0.5560983700348497,497,True
2024-12-01,2024,12,F001,华东工厂,1000,3,S004,配件供应商D,普通,0.88,10.040596048802241,0.6653134650399253,0.7281485287911729,0.7627935072915994,0.6789999999999999,0.9180164632747058,0.7472175466907136,0.756101842602837,564,True
2024-12-01,2024,12,F001,华东工厂,1000,3,S005,新材料供应商E,普通,0.75,23.116757425102534,0.2294414191632489,0.5045572751225275,0.3416884174206054,0.6789999999999999,0.9309499382975198,0.757456510448134,0.5277956185370898,399,True
2024-12-01,2024,12,F002,华南工厂,800,5,S001,核心零部件供应商A,核心,0.85,5.013593686441437,0.8328802104519522,0.5783434496656618,0.5379035761346467,0.695625,0.837886400001284,0.94264333315684,0.7045908889535708,531,True
2024-12-01,2024,12,F002,华南工厂,800,5,S002,电子元件供应商B,核心,0.8,23.885046268306507,0.20383179105644977,0.40335651274337364,0.20749135887977638,0.695625,0.8298401152226301,0.747232453441238,0.48847242721253586,292,True
2024-12-01,2024,12,F002,华南工厂,800,5,S003,结构件供应商C,普通,0.9,34.431234439391275,0.0,0.6162159190582993,0.32983769509170524,0.695625,0.8573637007282402,0.7854279698354221,0.5379215720778053,337,True
2024-12-01,2024,12,F002,华南工厂,800,5,S004,配件供应商D,普通,0.88,22.26594068682122,0.2578019771059593,0.6433104596081237,0.5189526901219779,0.695625,0.850531439268086,0.7900355285347345,0.6284851475939226,397,True
2024-12-01,2024,12,F002,华南工厂,800,5,S005,新材料供应商E,普通,0.75,14.383318427000178,0.5205560524333274,0.584305750626413,0.5509296886852634,0.695625,0.8427944630624604,0.7264889778360119,0.654105386751991,380,True
2024-12-01,2024,12,F003,华北工厂,1200,2,S001,核心零部件供应商A,核心,0.85,6.78582575471976,0.773805808176008,0.6261906173996611,0.6400229583685542,0.6964166666666667,0.945012564642066,0.7014078281870134,0.7373526244146359,620,True
2024-12-01,2024,12,F003,华北工厂,1200,2,S002,电子元件供应商B,核心,0.8,8.092762235964692,0.730241258801177,0.5645686667001558,0.49624178849468326,0.6964166666666667,0.9375261362097643,0.7447949186563306,0.6652188366987279,594,True
2024-12-01,2024,12,F003,华北工厂,1200,2,S003,结构件供应商C,普通,0.9,20.62229019617098,0.31259032679430065,0.6215702692829697,0.41886565134354575,0.6964166666666667,0.9511500764206767,0.7536837812803907,0.6003967268360694,543,True
2024-12-01,2024,12,F003,华北工厂,1200,2,S004,配件供应商D,普通,0.88,15.905656289219921,0.4698114570260026,0.6546782845885012,0.6452042128017288,0.6964166666666667,0.9363017456224761,0.8159189514432945,0.7042967829252748,689,True
2024-12-01,2024,12,F003,华北工厂,1200,2,S005,新材料供应商E,普通,0.75,6.3903225053356865,0.7869892498221438,0.6394941564041406,0.6631378105449445,0.6964166666666667,0.9431968115433079,0.8330775658449776,0.7194418475029848,719,True
2024-12-02,2024,12,F001,华东工厂,1000,3,S001,核心零部件供应商A,核心,0.85,6.1835645084638236,0.7938811830512059,0.552006660900708,0.5660628657470901,0.6789999999999999,0.9456581120013029,0.8323589351353191,0.6993366956027838,582,True
2024-12-02,2024,12,F001,华东工厂,1000,3,S002,电子元件供应商B,核心,0.8,12.550033073916051,0.5816655642027984,0.49909843591957676,0.4782060792380412,0.6789999999999999,0.899099605434704,0.8151712433705334,0.6382504624461547,520,True
2024-12-02,2024,12,F001,华东工厂,1000,3,S003,结构件供应商C,普通,0.9,38.221928369323514,0.0,0.6262798461141581,0.3617312875186945,0.6789999999999999,0.9045897023619162,0.8102137781756289,0.5597351031862102,453,True
2024-12-02,2024,12,F001,华东工厂,1000,3,S004,配件供应商D,普通,0.88,20.08679523870145,0.3304401587099517,0.590999489344319,0.5012831141180057,0.6789999999999999,0.884289909539442,0.8172650850552884,0.5876551710950164,480,True
2024-12-02,2024,12,F001,华东工厂,1000,3,S005,新材料供应商E,普通,0.75,11.100056780864989,0.6299981073045003,0.6105894841826427,0.5840680266997258,0.6789999999999999,0.9378066636706435,0.9066819120990705,0.7255620814994289,657,True
2024-12-02,2024,12,F002,华南工厂,800,5,S001,核心零部件供应商A,核心,0.85,6.6961844689282355,0.7767938510357255,0.5995321502146986,0.6499245716813445,0.695625,0.8568421207930084,0.7947902159949858,0.7544055657948721,479,True
2024-12-02,2024,12,F002,华南工厂,800,5,S002,电子元件供应商B,核心,0.8,11.238982557929795,0.6253672480690069,0.4802863153620152,0.49764590483515436,0.695625,0.8428100244670916,0.7255986156982941,0.6522279494299805,378,True
2024-12-02,2024,12,F002,华南工厂,800,5,S003,结构件供应商C,普通,0.9,5.952178030154119,0.8015940656615294,0.8079116688805408,0.792156912959593,0.695625,0.8750057382588247,0.8857053753962164,0.7797364119768522,552,True
2024-12-02,2024,12,F002,华南工厂,800,5,S004,配件供应商D,普通,0.88,5.7828891982304285,0.8072370267256523,0.7806862111227912,0.7538198345812721,0.695625,0.8271480946102547,0.7334853048500001,0.7662498673466105,449,True
2024-12-02,2024,12,F002,华南工厂,800,5,S005,新材料供应商E,普通,0.75,48.17961261045095,0.0,0.5147413079644299,0.2,0.695625,0.8153071932893695,0.8977510185163518,0.4559564152296168,327,True
2024-12-02,2024,12,F003,华北工厂,1200,2,S001,核心零部件供应商A,核心,0.85,15.70676758602295,0.4764410804659016,0.4763171424168713,0.463761783862753,0.6964166666666667,0.9253037820493162,0.824439140901724,0.5913924289445146,585,True
2024-12-02,2024,12,F003,华北工厂,1200,2,S002,电子元件供应商B,核心,0.8,11.303706500464806,0.6232097833178398,0.5047832793760961,0.4901161199789869,0.6964166666666667,0.9277826444358572,0.7109761534076593,0.6513937983823732,555,True
2024-12-02,2024,12,F003,华北工厂,1200,2,S003,结构件供应商C,普通,0.9,20.906690796838262,0.30311030677205797,0.6428755076187587,0.5506668181456801,0.6964166666666667,0.9109240289850745,0.8843069193124566,0.6432766549242098,682,True
2024-12-02,2024,12,F003,华北工厂,1200,2,S004,配件供应商D,普通,0.88,23.045252778628083,0.23182490737906392,0.6234181758127058,0.48596699117403314,0.6964166666666667,0.9484263958846487,0.9346874720699582,0.6409497188211359,718,True
2024-12-02,2024,12,F003,华北工厂,1200,2,S005,新材料供应商E,普通,0.75,24.218811540564335,0.19270628198118878,0.5200039369132935,0.3377122654751398,0.6964166666666667,0.9365127175949568,0.8854007549343021,0.5460926367513537,580,True
2024-12-03,2024,12,F001,华东工厂,1000,3,S001,核心零部件供应商A,核心,0.85,12.32724022359406,0.5890919925468647,0.5396750684513786,0.5240446003368442,0.6789999999999999,0.907422452426225,0.7395601854538156,0.6360137195370316,470,True
2024-12-03,2024,12,F001,华东工厂,1000,3,S002,电子元件供应商B,核心,0.8,22.829084828333453,0.23903050572221818,0.4066703336093652,0.3071354441649891,0.6789999999999999,0.9091198891011635,0.7054067481154485,0.5095374042234806,359,True
2024-12-03,2024,12,F001,华东工厂,1000,3,S003,结构件供应商C,普通,0.9,14.912902368051094,0.5029032543982969,0.6356936130647116,0.5869223688073449,0.6789999999999999,0.9035850722273089,0.8680657349831414,0.6565753164006429,569,True
2024-12-03,2024,12,F001,华东工厂,1000,3,S004,配件供应商D,普通,0.88,27.876162536624616,0.07079458211251277,0.664777134131585,0.5110603638011124,0.6789999999999999,0.8971312986593944,0.7404739025130895,0.5644021458650752,417,True
2024-12-03,2024,12,F001,华东工厂,1000,3,S005,新材料供应商E,普通,0.75,9.301144703146669,0.6899618432284444,0.6359113584877459,0.589747437172976,0.6789999999999999,0.9229457312809206,0.7488926617753807,0.6972728928077773,522,True
2024-12-03,2024,12,F002,华南工厂,800,5,S001,核心零部件供应商A,核心,0.85,20.394752976004213,0.32017490079985955,0.3659078263680214,0.27380903571767845,0.695625,0.8714585922901469,0.7118794393017776,0.49532841129751926,282,True
2024-12-03,2024,12,F002,华南工厂,800,5,S002,电子元件供应商B,核心,0.8,8.713374248394615,0.7095541917201795,0.502657397142384,0.5469293775121543,0.695625,0.8325266221615475,0.7399783112560319,0.6874547491347438,406,True
2024-12-03,2024,12,F002,华南工厂,800,5,S003,结构件供应商C,普通,0.9,12.61619288934481,0.5794602370218397,0.7228311897622803,0.6999017049076143,0.695625,0.8502636052177338,0.782229944552681,0.6998323102720825,437,True
2024-12-03,2024,12,F002,华南工厂,800,5,S004,配件供应商D,普通,0.88,15.648654323062837,0.47837818923123876,0.6548616979974405,0.6372926307723937,0.695625,0.8146914260494859,0.7745106306978389,0.6599534134287293,408,True
2024-12-03,2024,12,F002,华南工厂,800,5,S005,新材料供应商E,普通,0.75,12.2457599994715,0.5918080000176167,0.5558705115996216,0.4979878340951426,0.695625,0.8451524676922718,0.8380045430739127,0.6693298006969741,448,True
2024-12-03,2024,12,F003,华北工厂,1200,2,S001,核心零部件供应商A,核心,0.85,8.938826803615381,0.702039106546154,0.5601143310730539,0.5643756654379702,0.6964166666666667,0.926541893359812,0.8789088876394405,0.7098292599640555,748,True
2024-12-03,2024,12,F003,华北工厂,1200,2,S002,电子元件供应商B,核心,0.8,29.145649838007262,0.028478338733091246,0.3712954236175254,0.2,0.6964166666666667,0.91338381476276,0.9149163869166188,0.48243348943278713,529,True
2024-12-03,2024,12,F003,华北工厂,1200,2,S003,结构件供应商C,普通,0.9,9.471142882157567,0.6842952372614144,0.7557529535534088,0.7093701839442986,0.6964166666666667,0.9100026472147495,0.7679651816814789,0.7458090528192101,687,True
2024-12-03,2024,12,F003,华北工厂,1200,2,S004,配件供应商D,普通,0.88,7.789617615328826,0.7403460794890391,0.7845205834109594,0.807291563716976,0.6964166666666667,0.9759546768115471,0.8839838479843614,0.7983010991229439,846,True
2024-12-03,2024,12,F003,华北工厂,1200,2,S005,新材料供应商E,普通,0.75,7.232295456360901,0.75892348478797,0.6483804174106893,0.6325385840199171,0.6964166666666667,0.9359579681213632,0.8957335431849668,0.7715355933211502,829,True
2024-12-04,2024,12,F001,华东工厂,1000,3,S001,核心零部件供应商A,核心,0.85,25.571375553376768,0.14762081488744105,0.4367409948435596,0.23875966622907616,0.6789999999999999,0.9188979179001977,0.7663424332800859,0.5146275069191704,394,True
2024-12-04,2024,12,F001,华东工厂,1000,3,S002,电子元件供应商B,核心,0.8,22.469494941216976,0.2510168352927675,0.3726946289930012,0.264389630760884,0.6789999999999999,0.909595205574047,0.8921169489160334,0.5015433355358278,447,True
2024-12-04,2024,12,F001,华东工厂,1000,3,S003,结构件供应商C,普通,0.9,8.75863301614923,0.708045566128359,0.7505041011693048,0.7261574948650168,0.6789999999999999,0.9250676891996938,0.7367241422194448,0.7512301726701044,553,True
2024-12-04,2024,12,F001,华东工厂,1000,3,S004,配件供应商D,普通,0.88,58.03166578609242,0.0,0.6275438663437546,0.2,0.6789999999999999,0.9209885901487153,0.7847002924817782,0.4833493347438334,379,True
2024-12-04,2024,12,F001,华东工厂,1000,3,S005,新材料供应商E,普通,0.75,7.896972999575217,0.7367675666808261,0.6785291366438594,0.6675955125953912,0.6789999999999999,0.9540278142457588,0.9487898525500302,0.7117329789444545,675,True
2024-12-04,2024,12,F002,华南工厂,800,5,S001,核心零部件供应商A,核心,0.85,12.640133357154715,0.5786622214281761,0.4654103976756341,0.39053366997508193,0.695625,0.8574529637296011,0.8355897376230803,0.6088760912233927,407,True
2024-12-04,2024,12,F002,华南工厂,800,5,S002,电子元件供应商B,核心,0.8,26.941148397487197,0.10196172008376014,0.4330821355595067,0.21922724219505102,0.695625,0.8431067742807596,0.7661365715565104,0.47751536409574846,292,True
2024-12-04,2024,12,F002,华南工厂,800,5,S003,结构件供应商C,普通,0.9,15.824151074777506,0.47252829750741643,0.6777116118694176,0.6233549107085254,0.695625,0.8288922755731652,0.9325877942832669,0.7210736195284311,537,True
2024-12-04,2024,12,F002,华南工厂,800,5,S004,配件供应商D,普通,0.88,28.048597033991708,0.06504676553360977,0.6090683083676236,0.4201329165600586,0.695625,0.8628341849038265,0.8974184034481889,0.6021224810569896,432,True
2024-12-04,2024,12,F002,华南工厂,800,5,S005,新材料供应商E,普通,0.75,25.137323238677237,0.16208922537742543,0.5049675626901919,0.35620312136453464,0.695625,0.8393547654765685,0.8943255370359795,0.5576526640373451,398,True
2024-12-04,2024,12,F003,华北工厂,1200,2,S001,核心零部件供应商A,核心,0.85,52.23573311984257,0.0,0.38915121027936306,0.2,0.6964166666666667,0.9118541311301519,0.8590931764273976,0.4443813741137572,458,True
2024-12-04,2024,12,F003,华北工厂,1200,2,S002,电子元件供应商B,核心,0.8,25.87099759512452,0.13763341349584934,0.3851518375339177,0.2,0.6964166666666667,0.9375696064359952,0.8341558199338734,0.5209257706957595,521,True
2024-12-04,2024,12,F003,华北工厂,1200,2,S003,结构件供应商C,普通,0.9,27.11941323183732,0.09601955893875602,0.6104552462257048,0.4914130297288139,0.6964166666666667,0.9564184575821941,0.9027538437330173,0.5836157651772993,632,True
2024-12-04,2024,12,F003,华北工厂,1200,2,S004,配件供应商D,普通,0.88,34.383483136381486,0.0,0.6032640979690088,0.36987247104663523,0.6964166666666667,0.9621237367624775,0.791914511514777,0.539826093480908,512,True
2024-12-04,2024,12,F003,华北工厂,1200,2,S005,新材料供应商E,普通,0.75,18.414100315688426,0.3861966561437191,0.5693653398624172,0.4869448748049234,0.6964166666666667,0.9614604198960723,0.8203456779371068,0.6349797119443001,625,True
2024-12-05,2024,12,F001,华东工厂,1000,3,S001,核心零部件供应商A,核心,0.85,6.2267300621468,0.7924423312617733,0.5681404534212555,0.5546343966712802,0.6789999999999999,0.9114772686882177,0.9333191030947666,0.7324712481925089,683,True
2024-12-05,2024,12,F001,华东工厂,1000,3,S002,电子元件供应商B,核心,0.8,29.599732982172007,0.013342233927599811,0.37357769370819865,0.2,0.6789999999999999,0.8755487985049506,0.7524661693197803,0.45286814182964763,340,True
2024-12-05,2024,12,F001,华东工厂,1000,3,S003,结构件供应商C,普通,0.9,18.710623638196225,0.37631254539345915,0.658407596960567,0.5466312964380231,0.6789999999999999,0.86792999816549,0.8414378910561455,0.6718955922908944,565,True
2024-12-05,2024,12,F001,华东工厂,1000,3,S004,配件供应商D,普通,0.88,11.822622986351053,0.6059125671216316,0.7210239199510349,0.7123843131241206,0.6789999999999999,0.8995445010356687,0.773981587245072,0.735322331112299,569,True
2024-12-05,2024,12,F001,华东工厂,1000,3,S005,新材料供应商E,普通,0.75,23.93716685618837,0.2020944381270543,0.5445274734595896,0.43308204025582325,0.6789999999999999,0.9158610218184311,0.8699545313049925,0.5696789056435941,495,True
2024-12-05,2024,12,F002,华南工厂,800,5,S001,核心零部件供应商A,核心,0.85,31.66097052514016,0.0,0.46278768663556963,0.23955002963597966,0.695625,0.8538224846767278,0.9293372253766872,0.46644360618556013,346,True
2024-12-05,2024,12,F002,华南工厂,800,5,S002,电子元件供应商B,核心,0.8,12.450875843551072,0.5849708052149643,0.42639438605921537,0.4676937060920068,0.695625,0.8163820983450701,0.9174764834725802,0.611961376365114,449,True
2024-12-05,2024,12,F002,华南工厂,800,5,S003,结构件供应商C,普通,0.9,18.930795279503364,0.36897349068322116,0.6429289873708453,0.6229588047240979,0.695625,0.8476480309468374,0.9498762974271291,0.6513252420468625,494,True
2024-12-05,2024,12,F002,华南工厂,800,5,S004,配件供应商D,普通,0.88,32.04800619529609,0.0,0.611606079515671,0.38152672168217944,0.695625,0.8486340970541972,0.8692818721434754,0.5208211316623871,362,True
2024-12-05,2024,12,F002,华南工厂,800,5,S005,新材料供应商E,普通,0.75,36.13237569258274,0.0,0.4997223834185177,0.2674393787688078,0.695625,0.8337703692603099,0.767449014473091,0.4590973489952494,281,True
2024-12-05,2024,12,F003,华北工厂,1200,2,S001,核心零部件供应商A,核心,0.85,15.74428451598771,0.47519051613374297,0.5031272281679109,0.4501190051791296,0.6964166666666667,0.9116746228131878,0.7415501342021863,0.5966114254575616,530,True
2024-12-05,2024,12,F003,华北工厂,1200,2,S002,电子元件供应商B,核心,0.8,11.449612944823645,0.6183462351725452,0.48326273967711386,0.503992255180657,0.6964166666666667,0.949570606282998,0.842672415394212,0.6283276293785323,635,True
2024-12-05,2024,12,F003,华北工厂,1200,2,S003,结构件供应商C,普通,0.9,14.932468016390295,0.5022510661203234,0.6662025067035141,0.7064677078069039,0.6964166666666667,0.9741792810405978,0.7274070486008599,0.720417284012255,628,True
2024-12-05,2024,12,F003,华北工厂,1200,2,S004,配件供应商D,普通,0.88,25.771977336359402,0.14093408878801994,0.6142217481819308,0.4358402501226086,0.6964166666666667,0.9387274719236078,0.9075443107498968,0.5658364254453558,616,True
2024-12-05,2024,12,F003,华北工厂,1200,2,S005,新材料供应商E,普通,0.75,50.12064857477889,0.0,0.4966845797388834,0.2,0.6964166666666667,0.9077538052804116,0.9274559102080151,0.5104174451769118,568,True
2024-12-06,2024,12,F001,华东工厂,1000,3,S001,核心零部件供应商A,核心,0.85,35.64959102626782,0.0,0.3961665681979919,0.2,0.6789999999999999,0.8712914008057239,0.8177775887494384,0.4467132753902257,365,True
2024-12-06,2024,12,F001,华东工厂,1000,3,S002,电子元件供应商B,核心,0.8,30.617175918228202,0.0,0.4273913105427625,0.2384727859901736,0.6789999999999999,0.8987122380258855,0.7832280240578507,0.4473884679377136,350,True
2024-12-06,2024,12,F001,华东工厂,1000,3,S003,结构件供应商C,普通,0.9,7.906573303063506,0.7364475565645499,0.7709144281290804,0.8430980988691785,0.6789999999999999,0.9351021083316617,0.8898716422970767,0.8156654869877675,725,True
2024-12-06,2024,12,F001,华东工厂,1000,3,S004,配件供应商D,普通,0.88,37.5830881301435,0.0,0.6221000109041945,0.3511677111951635,0.6789999999999999,0.9108023816487316,0.7035199158207226,0.4820419963727848,339,True
2024-12-06,2024,12,F001,华东工厂,1000,3,S005,新材料供应商E,普通,0.75,5.104728562559363,0.8298423812480212,0.6788083475065582,0.6715993233521107,0.6789999999999999,0.8950205380545991,0.707130006209662,0.7238415827557946,511,True
2024-12-06,2024,12,F002,华南工厂,800,5,S001,核心零部件供应商A,核心,0.85,41.003654577777326,0.0,0.4530187978775084,0.2,0.695625,0.8762121182562692,0.7013347854924221,0.4820651554027001,270,True
2024-12-06,2024,12,F002,华南工厂,800,5,S002,电子元件供应商B,核心,0.8,67.8676890053311,0.0,0.37575812095230365,0.2,0.695625,0.8652021606162937,0.7728792320377981,0.44656285356851233,276,True
2024-12-06,2024,12,F002,华南工厂,800,5,S003,结构件供应商C,普通,0.9,17.407433266414614,0.4197522244528462,0.6312019964666054,0.5420721161184702,0.695625,0.8806265360462846,0.8548378264840747,0.6566056710775591,449,True
2024-12-06,2024,12,F002,华南工厂,800,5,S004,配件供应商D,普通,0.88,8.962098899946819,0.7012633700017727,0.7667515497028032,0.7640616320566143,0.695625,0.863805118582456,0.8192824418489207,0.7119275102664512,466,True
2024-12-06,2024,12,F002,华南工厂,800,5,S005,新材料供应商E,普通,0.75,13.902891119707812,0.5365702960097396,0.5791946550161523,0.5861306569073307,0.695625,0.8274714462223448,0.7094368292418582,0.6310132585724952,358,True
2024-12-06,2024,12,F003,华北工厂,1200,2,S001,核心零部件供应商A,核心,0.85,18.127057712662175,0.39576474291126085,0.45618459407419765,0.3466719218775151,0.6964166666666667,0.9624193404722875,0.8258942240846479,0.5968075318859621,591,True
2024-12-06,2024,12,F003,华北工厂,1200,2,S002,电子元件供应商B,核心,0.8,38.67247191552389,0.0,0.37527314680950125,0.2,0.6964166666666667,0.9227890685490274,0.8105385284466456,0.4519729774068161,439,True
2024-12-06,2024,12,F003,华北工厂,1200,2,S003,结构件供应商C,普通,0.9,5.877799168791856,0.8040733610402715,0.8130312772099475,0.8227565964678574,0.6964166666666667,0.979462097361638,0.8242559119443016,0.8313086465714873,822,True
2024-12-06,2024,12,F003,华北工厂,1200,2,S004,配件供应商D,普通,0.88,5.488832160374641,0.817038927987512,0.8295959720968094,0.8530523673749331,0.6964166666666667,0.9698356432684812,0.7567503248346051,0.8110383738905004,736,True
2024-12-06,2024,12,F003,华北工厂,1200,2,S005,新材料供应商E,普通,0.75,8.751490329422484,0.7082836556859171,0.6325666410594962,0.6006681507663815,0.6964166666666667,0.9459038612341684,0.7957060519908759,0.7182818447891866,685,True
2024-12-07,2024,12,F001,华东工厂,1000,3,S001,核心零部件供应商A,核心,0.85,18.341765023298592,0.3886078325567136,0.3931352175871531,0.2943993123752398,0.6789999999999999,0.9115983052748008,0.945353930458416,0.5643550256909649,533,True
2024-12-07,2024,12,F001,华东工厂,1000,3,S002,电子元件供应商B,核心,0.8,11.181817871946377,0.6272727376017875,0.460091971189704,0.4228784371369319,0.6789999999999999,0.8697418391221329,0.7419053909601461,0.6119324812356164,453,True
2024-12-07,2024,12,F001,华东工厂,1000,3,S003,结构件供应商C,普通,0.9,9.575082952034222,0.6808305682655259,0.7381052531931407,0.7375728524205889,0.6789999999999999,0.8940292097088248,0.888570583258804,0.7604263766583162,675,True
2024-12-07,2024,12,F001,华东工厂,1000,3,S004,配件供应商D,普通,0.88,5.310862842665347,0.8229712385778218,0.811290948320939,0.802453619105939,0.6789999999999999,0.9027506472048116,0.9052815261212949,0.8112033025105199,734,True
2024-12-07,2024,12,F001,华东工厂,1000,3,S005,新材料供应商E,普通,0.75,15.189703265679476,0.4936765578106841,0.5664940199302106,0.5474645672816452,0.6789999999999999,0.9222102200471803,0.8150803475143495,0.6251629334375297,509,True
2024-12-07,2024,12,F002,华南工厂,800,5,S001,核心零部件供应商A,核心,0.85,5.603769125591128,0.8132076958136291,0.6484231564584507,0.6233694213392836,0.695625,0.8830582610246084,0.707964190632065,0.7590226930964995,429,True
2024-12-07,2024,12,F002,华南工厂,800,5,S002,电子元件供应商B,核心,0.8,14.503460528249356,0.5165513157250214,0.4455326364196555,0.3600644218807867,0.695625,0.8635603983093398,0.8298200205988178,0.5993340251869038,397,True
2024-12-07,2024,12,F002,华南工厂,800,5,S003,结构件供应商C,普通,0.9,34.27384798954883,0.0,0.6478304243681166,0.39761776708544144,0.695625,0.8339721745947482,0.7132801560497503,0.513183786997575,292,True
2024-12-07,2024,12,F002,华南工厂,800,5,S004,配件供应商D,普通,0.88,28.813813434245166,0.03953955219182781,0.5871719562524915,0.38579305816459436,0.695625,0.8562297675411412,0.9084791501152591,0.5446997290288086,395,True
2024-12-07,2024,12,F002,华南工厂,800,5,S005,新材料供应商E,普通,0.75,17.095775797859524,0.4301408067380159,0.5259530715602421,0.525204208523006,0.695625,0.8651048599798115,0.7314031758800754,0.6128076660089647,358,True
2024-12-07,2024,12,F003,华北工厂,1200,2,S001,核心零部件供应商A,核心,0.85,13.13079208988924,0.5623069303370254,0.44442238988958555,0.40900478165987486,0.6964166666666667,0.9171611636167737,0.8282853753783193,0.6141447439985704,610,True
2024-12-07,2024,12,F003,华北工厂,1200,2,S002,电子元件供应商B,核心,0.8,9.164368564326066,0.6945210478557977,0.5815744337725026,0.5484769126083924,0.6964166666666667,0.9582851908958824,0.8176251797724206,0.7165302169266478,703,True
2024-12-07,2024,12,F003,华北工厂,1200,2,S003,结构件供应商C,普通,0.9,12.362858117705745,0.5879047294098085,0.7442463100909279,0.6811745253922868,0.6964166666666667,0.9639655207328927,0.918675496081678,0.7455046666965955,821,True
2024-12-07,2024,12,F003,华北工厂,1200,2,S004,配件供应商D,普通,0.88,7.80507440653199,0.7398308531156004,0.7723770120014933,0.743707866460666,0.6964166666666667,0.9347916093369492,0.9323201629214523,0.7929042056883557,887,True
2024-12-07,2024,12,F003,华北工厂,1200,2,S005,新材料供应商E,普通,0.75,23.95767084532403,0.20141097182253231,0.5106262591170222,0.3900185269572809,0.6964166666666667,0.9425295135097674,0.7430249631624655,0.5276614720228199,470,True
2024-12-08,2024,12,F001,华东工厂,1000,3,S001,核心零部件供应商A,核心,0.85,10.466971504342727,0.6511009498552425,0.5384197787247013,0.5190753784257475,0.6789999999999999,0.899240429423561,0.7071143479609806,0.6589233450398659,465,True
2024-12-08,2024,12,F001,华东工厂,1000,3,S002,电子元件供应商B,核心,0.8,19.8876558949776,0.33707813683408006,0.3463403023624702,0.23711928949267538,0.6789999999999999,0.9272969844659783,0.8960154449571196,0.5292848065570818,474,True
2024-12-08,2024,12,F001,华东工厂,1000,3,S003,结构件供应商C,普通,0.9,19.613401200604233,0.3462199599798589,0.6386987410835615,0.4849440630709595,0.6789999999999999,0.9154119543223131,0.8812740047244126,0.6178507859145697,544,True
2024-12-08,2024,12,F001,华东工厂,1000,3,S004,配件供应商D,普通,0.88,55.29966706426129,0.0,0.6522060522000832,0.21118746378589554,0.6789999999999999,0.8980512340505491,0.7654382172592559,0.5090095191988181,389,True
2024-12-08,2024,12,F001,华东工厂,1000,3,S005,新材料供应商E,普通,0.75,15.779772789632444,0.47400757367891855,0.5700140557546487,0.500050130436312,0.6789999999999999,0.9384123658554802,0.8451549401205884,0.6402045102316177,541,True
2024-12-08,2024,12,F002,华南工厂,800,5,S001,核心零部件供应商A,核心,0.85,27.248036600007914,0.09173211333306952,0.42864446856282934,0.27949198441651835,0.695625,0.8208248321493861,0.8188816304065483,0.4967690772389009,325,True
2024-12-08,2024,12,F002,华南工厂,800,5,S002,电子元件供应商B,核心,0.8,10.744738393737668,0.6418420535420777,0.5286089656846802,0.5167407777046149,0.695625,0.8506285401870769,0.8253491196488311,0.650515285818557,429,True
2024-12-08,2024,12,F002,华南工厂,800,5,S003,结构件供应商C,普通,0.9,35.99896539706154,0.0,0.6349767415750276,0.35787949181956946,0.695625,0.8729881858733249,0.9355836237337591,0.5728357601815792,428,True
2024-12-08,2024,12,F002,华南工厂,800,5,S004,配件供应商D,普通,0.88,30.981502743258922,0.0,0.6152622209386219,0.38791834261561825,0.695625,0.8176804733256589,0.8128341812885242,0.5149574793096849,334,True
2024-12-08,2024,12,F002,华南工厂,800,5,S005,新材料供应商E,普通,0.75,12.272354006227149,0.5909215331257618,0.6037349768700659,0.5794994382898238,0.695625,0.8964653396890945,0.9075457416544235,0.681001576894629,494,True
2024-12-08,2024,12,F003,华北工厂,1200,2,S001,核心零部件供应商A,核心,0.85,11.705162712714333,0.6098279095761889,0.4849536253943731,0.42983252094959484,0.6964166666666667,0.9222228060392864,0.8547732738177799,0.6315744721441556,647,True
2024-12-08,2024,12,F003,华北工厂,1200,2,S002,电子元件供应商B,核心,0.8,7.326870437483475,0.7557709854172175,0.5368705933018918,0.5976166615167672,0.6964166666666667,0.9315012842052495,0.9114065750287547,0.7108144218902189,777,True
2024-12-08,2024,12,F003,华北工厂,1200,2,S003,结构件供应商C,普通,0.9,41.32632621596706,0.0,0.6259495400506183,0.31792222014128224,0.6964166666666667,0.9493630395936851,0.7589217785826773,0.5360977081870976,488,True
2024-12-08,2024,12,F003,华北工厂,1200,2,S004,配件供应商D,普通,0.88,40.83171553072367,0.0,0.6180057944501408,0.30326997626727764,0.6964166666666667,0.9037528258714576,0.75587357856396,0.5715642785018259,518,True
2024-12-08,2024,12,F003,华北工厂,1200,2,S005,新材料供应商E,普通,0.75,23.342023867981055,0.22193253773396482,0.5296012080876679,0.3557967477304511,0.6964166666666667,0.9301159690167459,0.7581825604675133,0.5266584627159384,479,True
2024-12-09,2024,12,F001,华东工厂,1000,3,S001,核心零部件供应商A,核心,0.85,15.139899998344449,0.4953366667218517,0.44641212223730065,0.4449523769128444,0.6789999999999999,0.9152751116964516,0.7416035710777349,0.5885760449930784,436,True
2024-12-09,2024,12,F001,华东工厂,1000,3,S002,电子元件供应商B,核心,0.8,28.152462441596068,0.06158458528013111,0.3837636229124879,0.2,0.6789999999999999,0.8878236735742692,0.8761989590330466,0.47746275333643784,418,True
2024-12-09,2024,12,F001,华东工厂,1000,3,S003,结构件供应商C,普通,0.9,40.32051685359293,0.0,0.6198204694321859,0.2327626889179991,0.6789999999999999,0.9107740458951513,0.8218996095123902,0.5215307921661808,428,True
2024-12-09,2024,12,F001,华东工厂,1000,3,S004,配件供应商D,普通,0.88,17.95295200139953,0.40156826662001566,0.603383727094125,0.5334618505187744,0.6789999999999999,0.9048768311355712,0.7180871274743713,0.6529559672498516,468,True
2024-12-09,2024,12,F001,华东工厂,1000,3,S005,新材料供应商E,普通,0.75,28.139498342953917,0.062016721901536065,0.5088362268350372,0.31997581183576707,0.6789999999999999,0.927524261485447,0.9219383773534966,0.5389116584802321,496,True
2024-12-09,2024,12,F002,华南工厂,800,5,S001,核心零部件供应商A,核心,0.85,52.43157628731089,0.0,0.38432993393733583,0.2,0.695625,0.8820019569364096,0.7912563260097057,0.48876704750175737,309,True
2024-12-09,2024,12,F002,华南工厂,800,5,S002,电子元件供应商B,核心,0.8,40.225340839929025,0.0,0.40173115153129363,0.2,0.695625,0.8234395828175155,0.8282673557158595,0.4551905543575642,301,True
2024-12-09,2024,12,F002,华南工厂,800,5,S003,结构件供应商C,普通,0.9,30.231478778459202,0.0,0.6436415639148045,0.46095799491202105,0.695625,0.8297458396667673,0.9155210214600578,0.5840673180463013,427,True
2024-12-09,2024,12,F002,华南工厂,800,5,S004,配件供应商D,普通,0.88,38.58619389712649,0.0,0.609725425538803,0.31607391431869725,0.695625,0.8919539037801065,0.8363407130334104,0.5389755166174822,360,True
2024-12-09,2024,12,F002,华南工厂,800,5,S005,新材料供应商E,普通,0.75,5.788459138581821,0.8070513620472726,0.6783766592948917,0.7289594539250615,0.695625,0.8507892116092821,0.822952830580614,0.798252704548663,525,True
2024-12-09,2024,12,F003,华北工厂,1200,2,S001,核心零部件供应商A,核心,0.85,7.827311874931025,0.7390896041689659,0.5799535104850254,0.5665542190805872,0.6964166666666667,0.9522453962021078,0.8525446440591604,0.6756809135552866,691,True
2024-12-09,2024,12,F003,华北工厂,1200,2,S002,电子元件供应商B,核心,0.8,7.508080105166556,0.7497306631611148,0.5027302103460752,0.5249844725904083,0.6964166666666667,0.9460030190247235,0.9064178614948695,0.6880443024382177,748,True
2024-12-09,2024,12,F003,华北工厂,1200,2,S003,结构件供应商C,普通,0.9,22.94984617095896,0.23500512763470138,0.6269191993994606,0.4738009603092287,0.6964166666666667,0.9135776866634597,0.8120566455270561,0.6102771735048186,594,True
2024-12-09,2024,12,F003,华北工厂,1200,2,S004,配件供应商D,普通,0.88,18.782880800853263,0.3739039733048912,0.6379893816206811,0.5298938888317447,0.6964166666666667,0.9305193692817382,0.9096642886231142,0.6723836126370342,733,True
2024-12-09,2024,12,F003,华北工厂,1200,2,S005,新材料供应商E,普通,0.75,6.6401359274723255,0.7786621357509225,0.661893137773352,0.6693409316680664,0.6964166666666667,0.9445818951242473,0.8179843414388235,0.7327086224562425,719,True
2024-12-10,2024,12,F001,华东工厂,1000,3,S001,核心零部件供应商A,核心,0.85,40.771674236538544,0.0,0.4367565491515441,0.2,0.6789999999999999,0.8691074199239747,0.8734353246745821,0.4574434434299879,399,True
2024-12-10,2024,12,F001,华东工厂,1000,3,S002,电子元件供应商B,核心,0.8,26.379384922471804,0.12068716925093992,0.3567237319658389,0.23902590743066593,0.6789999999999999,0.9045467911955017,0.9484432756919828,0.5378998258854379,510,True
2024-12-10,2024,12,F001,华东工厂,1000,3,S003,结构件供应商C,普通,0.9,24.57913101122195,0.18069563295926838,0.5972864206199956,0.44342104396003884,0.6789999999999999,0.9069949595196669,0.8309982918661667,0.5816893817150525,483,True
2024-12-10,2024,12,F001,华东工厂,1000,3,S004,配件供应商D,普通,0.88,15.549714371816515,0.4816761876061162,0.6610388456173862,0.6062689091779854,0.6789999999999999,0.8880760095286496,0.7901332294629119,0.6331970772005353,500,True
2024-12-10,2024,12,F001,华东工厂,1000,3,S005,新材料供应商E,普通,0.75,29.029187990804978,0.03236040030650078,0.5770831670649123,0.4128376357084292,0.6789999999999999,0.9168311894689593,0.7330528807050749,0.5491384884415128,402,True
2024-12-10,2024,12,F002,华南工厂,800,5,S001,核心零部件供应商A,核心,0.85,23.771972835517907,0.20760090548273646,0.4267041254178254,0.28639426131524454,0.695625,0.8056835514995866,0.7628782599191002,0.49910098175028816,304,True
2024-12-10,2024,12,F002,华南工厂,800,5,S002,电子元件供应商B,核心,0.8,22.795516771445268,0.24014944095182444,0.3818693649328231,0.27152713500737924,0.695625,0.8273613306481133,0.7022514160661187,0.47873045000327474,268,True
2024-12-10,2024,12,F002,华南工厂,800,5,S003,结构件供应商C,普通,0.9,9.02743799736453,0.699085400087849,0.7708087315270958,0.7406734665991112,0.695625,0.8521679649617642,0.8475291055861176,0.7321050998138404,496,True
2024-12-10,2024,12,F002,华南工厂,800,5,S004,配件供应商D,普通,0.88,10.308219141126749,0.656392695295775,0.7493537029736962,0.7273468817452055,0.695625,0.8195907483505822,0.8282206506273934,0.6934169137117907,459,True
2024-12-10,2024,12,F002,华南工厂,800,5,S005,新材料供应商E,普通,0.75,23.725740099858832,0.20914199667137223,0.512840134056635,0.3646653861432223,0.695625,0.8117333549970214,0.8106228284170093,0.5538089217115855,359,True
2024-12-10,2024,12,F003,华北工厂,1200,2,S001,核心零部件供应商A,核心,0.85,20.617043983405352,0.31276520055315493,0.4415979798176385,0.4011400500192377,0.6964166666666667,0.9576479417957996,0.8335474729521548,0.600274348325401,600,True
2024-12-10,2024,12,F003,华北工厂,1200,2,S002,电子元件供应商B,核心,0.8,22.04018128667049,0.265327290444317,0.3312884950567539,0.2,0.6964166666666667,0.9491710994803784,0.7177516950556471,0.5222822016935403,449,True
2024-12-10,2024,12,F003,华北工厂,1200,2,S003,结构件供应商C,普通,0.9,38.39992658642805,0.0,0.6325690213449259,0.33083061631427696,0.6964166666666667,0.9032165922165678,0.7225796400747682,0.5089450923039278,441,True
2024-12-10,2024,12,F003,华北工厂,1200,2,S004,配件供应商D,普通,0.88,17.405463631726796,0.41981787894244016,0.6054309413267244,0.5298427871051573,0.6964166666666667,0.9689682334024478,0.891819575263412,0.6737529334444741,721,True
2024-12-10,2024,12,F003,华北工厂,1200,2,S005,新材料供应商E,普通,0.75,40.36721631361564,0.0,0.5360235340471426,0.22904742363750552,0.6964166666666667,0.9317783676464303,0.7398207593373646,0.5054614296156476,448,True
2024-12-11,2024,12,F001,华东工厂,1000,3,S001,核心零部件供应商A,核心,0.85,13.574284731914892,0.5475238422695037,0.5321888589016955,0.5456888704142161,0.6789999999999999,0.9113157729729793,0.7262056602351914,0.6767556836924967,491,True
2024-12-11,2024,12,F001,华东工厂,1000,3,S002,电子元件供应商B,核心,0.8,34.30972981610984,0.0,0.43097745839510604,0.20172106586641045,0.6789999999999999,0.9249276616196713,0.8475747679388999,0.47207686276098476,400,True
2024-12-11,2024,12,F001,华东工厂,1000,3,S003,结构件供应商C,普通,0.9,19.91407337780642,0.33619755407311935,0.6204598856335729,0.5456450033365055,0.6789999999999999,0.9244716457182012,0.9252408740096909,0.6417094679430759,593,True
2024-12-11,2024,12,F001,华东工厂,1000,3,S004,配件供应商D,普通,0.88,61.25033298004686,0.0,0.6092348671150585,0.2,0.6789999999999999,0.9097061249394889,0.8384590206255551,0.5026904886774667,421,True
2024-12-11,2024,12,F001,华东工厂,1000,3,S005,新材料供应商E,普通,0.75,16.318156928103136,0.45606143572989544,0.5354905394590995,0.46568196265043493,0.6789999999999999,0.9114800802388573,0.7348816951399173,0.6130981971455386,450,True
2024-12-11,2024,12,F002,华南工厂,800,5,S001,核心零部件供应商A,核心,0.85,27.493173576924963,0.0835608807691679,0.38415851697801934,0.2,0.695625,0.8585752251776153,0.8369349773672842,0.48717196308919336,326,True
2024-12-11,2024,12,F002,华南工厂,800,5,S002,电子元件供应商B,核心,0.8,19.107542420687736,0.3630819193104088,0.4049174106153949,0.31029173769230284,0.695625,0.8623319077222911,0.927814037958572,0.531734558747047,394,True
2024-12-11,2024,12,F002,华南工厂,800,5,S003,结构件供应商C,普通,0.9,12.75659485395772,0.5747801715347427,0.720435079835286,0.658140180867843,0.695625,0.8574754974980447,0.9171893076341467,0.729456965054334,535,True
2024-12-11,2024,12,F002,华南工厂,800,5,S004,配件供应商D,普通,0.88,16.53600280237304,0.4487999065875653,0.6256830125257349,0.5726975183857499,0.695625,0.8266959942589353,0.8278239365615085,0.6182460933947561,409,True
2024-12-11,2024,12,F002,华南工厂,800,5,S005,新材料供应商E,普通,0.75,44.6922721591588,0.0,0.515731648577678,0.2,0.695625,0.8665420476352668,0.9256940119411362,0.4588751681733988,339,True
2024-12-11,2024,12,F003,华北工厂,1200,2,S001,核心零部件供应商A,核心,0.85,54.168062763132816,0.0,0.4137963007934842,0.2,0.6964166666666667,0.9424685836340729,0.8387706503594128,0.4474358687570332,450,True
2024-12-11,2024,12,F003,华北工厂,1200,2,S002,电子元件供应商B,核心,0.8,25.34856159928376,0.15504794669054134,0.3940910982326745,0.2,0.6964166666666667,0.9386538866006456,0.8887734918245366,0.5123626676159477,546,True
2024-12-11,2024,12,F003,华北工厂,1200,2,S003,结构件供应商C,普通,0.9,25.843177471382706,0.13856075095390985,0.6398950022507041,0.433043493723994,0.6964166666666667,0.9387813672970543,0.9362793768356364,0.6181313503557702,694,True
2024-12-11,2024,12,F003,华北工厂,1200,2,S004,配件供应商D,普通,0.88,8.62072468278665,0.7126425105737784,0.762428523184611,0.7678917041463308,0.6964166666666667,0.9465845173382063,0.842285392613567,0.7849835288913064,793,True
2024-12-11,2024,12,F003,华北工厂,1200,2,S005,新材料供应商E,普通,0.75,12.227854398325462,0.5924048533891513,0.594941161871196,0.5938902116125082,0.6964166666666667,0.8938870898959156,0.8412045784900493,0.7172811479417173,724,True
2024-12-12,2024,12,F001,华东工厂,1000,3,S001,核心零部件供应商A,核心,0.85,14.537475590602668,0.5154174803132444,0.5095455732393103,0.4943631485340802,0.6789999999999999,0.8888432676277953,0.7008469619956598,0.6217617678597999,435,True
2024-12-12,2024,12,F001,华东工厂,1000,3,S002,电子元件供应商B,核心,0.8,9.221327503399241,0.6926224165533587,0.4878939633331851,0.4693889853038701,0.6789999999999999,0.9189586134675878,0.8535406756540497,0.6599152987030803,563,True
2024-12-12,2024,12,F001,华东工厂,1000,3,S003,结构件供应商C,普通,0.9,8.127518780150533,0.7290827073283156,0.7740050357678732,0.7193884493180359,0.6789999999999999,0.9013193547246198,0.7744618370900054,0.7869628977814976,609,True
2024-12-12,2024,12,F001,华东工厂,1000,3,S004,配件供应商D,普通,0.88,14.12977274797197,0.529007575067601,0.6890526676847146,0.6199296346636991,0.6789999999999999,0.914288578608249,0.9023683024038586,0.6974318322022317,629,True
2024-12-12,2024,12,F001,华东工厂,1000,3,S005,新材料供应商E,普通,0.75,56.56477334831136,0.0,0.5602334046427374,0.2,0.6789999999999999,0.8871082144932045,0.8107689832333622,0.47460118911249105,384,True
2024-12-12,2024,12,F002,华南工厂,800,5,S001,核心零部件供应商A,核心,0.85,7.7183147167363275,0.7427228427754557,0.5334448823825616,0.507909467909137,0.695625,0.8633066906901775,0.8655464714279584,0.7177702880181569,497,True
2024-12-12,2024,12,F002,华南工厂,800,5,S002,电子元件供应商B,核心,0.8,6.852541008148468,0.771581966395051,0.5496246604013427,0.5457138219719623,0.695625,0.8655725472928432,0.7577722305336421,0.6569024550838823,398,True
2024-12-12,2024,12,F002,华南工厂,800,5,S003,结构件供应商C,普通,0.9,15.669772527326687,0.4776742490891104,0.6717056639412035,0.6352804951132127,0.695625,0.8175697981682233,0.8139339535021212,0.6475859307345758,421,True
2024-12-12,2024,12,F002,华南工厂,800,5,S004,配件供应商D,普通,0.88,7.922741498451389,0.7359086167182871,0.7358500990994375,0.7772048057640194,0.695625,0.8587230596301607,0.8526282910230399,0.7802420884551784,532,True
2024-12-12,2024,12,F002,华南工厂,800,5,S005,新材料供应商E,普通,0.75,11.7931208951421,0.6068959701619301,0.6155781776126951,0.5771765994648961,0.695625,0.8191646415059041,0.7487936537600015,0.6630217891729254,397,True
2024-12-12,2024,12,F003,华北工厂,1200,2,S001,核心零部件供应商A,核心,0.85,7.7120569186939445,0.7429314360435352,0.5502376762989791,0.5036915536699353,0.6964166666666667,0.9842865988511319,0.9192887250927986,0.671799266332956,741,True
2024-12-12,2024,12,F003,华北工厂,1200,2,S002,电子元件供应商B,核心,0.8,35.3456221056011,0.0,0.40306873113213726,0.2,0.6964166666666667,0.9627743613571219,0.8628340264500514,0.5223111143527259,540,True
2024-12-12,2024,12,F003,华北工厂,1200,2,S003,结构件供应商C,普通,0.9,7.509881625089177,0.7496706124970274,0.7656239380661114,0.7806731285339371,0.6964166666666667,0.9244363704324899,0.8774738583453634,0.8123896045889334,855,True
2024-12-12,2024,12,F003,华北工厂,1200,2,S004,配件供应商D,普通,0.88,5.73573614803638,0.808808795065454,0.8284981717779114,0.8065080842045405,0.6964166666666667,0.9536968438821117,0.8576949332762329,0.8026613504832395,826,True
2024-12-12,2024,12,F003,华北工厂,1200,2,S005,新材料供应商E,普通,0.75,18.285032526309944,0.39049891578966855,0.5197418560425006,0.3710688187865637,0.6964166666666667,0.9262372587569682,0.87457833098514,0.6436328021972939,675,True
2024-12-13,2024,12,F001,华东工厂,1000,3,S001,核心零部件供应商A,核心,0.85,13.52938835312896,0.5490203882290347,0.5346045239027727,0.47416534590153714,0.6789999999999999,0.8979932268198703,0.9397609992178519,0.6574309458857849,617,True
2024-12-13,2024,12,F001,华东工厂,1000,3,S002,电子元件供应商B,核心,0.8,15.469465272198988,0.4843511575933671,0.4210693650761578,0.39521971518328697,0.6789999999999999,0.9329805612599659,0.7847340549842565,0.5763673157776883,452,True
2024-12-13,2024,12,F001,华东工厂,1000,3,S003,结构件供应商C,普通,0.9,30.66655827816013,0.0,0.6268579754002098,0.41486358148990954,0.6789999999999999,0.8900379217810446,0.7871757027107446,0.5110574980135454,402,True
2024-12-13,2024,12,F001,华东工厂,1000,3,S004,配件供应商D,普通,0.88,26.636434495818563,0.11211885013938128,0.6106052055084982,0.4223193571473531,0.6789999999999999,0.904866909265954,0.793100166508839,0.5547104418669498,439,True
2024-12-13,2024,12,F001,华东工厂,1000,3,S005,新材料供应商E,普通,0.75,27.467869050713396,0.08440436497622017,0.5592910829552201,0.4187905344239992,0.6789999999999999,0.9005110601701104,0.9083023642275656,0.5693550789399126,517,True
2024-12-13,2024,12,F002,华南工厂,800,5,S001,核心零部件供应商A,核心,0.85,23.34324746035641,0.221891751321453,0.42506758258664473,0.3110189982638058,0.695625,0.84358432276296,0.8235107167339333,0.4955715023229084,326,True
2024-12-13,2024,12,F002,华南工厂,800,5,S002,电子元件供应商B,核心,0.8,5.852010063011576,0.8049329978996141,0.5334077676322321,0.5113844660950698,0.695625,0.8408322384629262,0.9311868689660904,0.6870861767359262,511,True
2024-12-13,2024,12,F002,华南工厂,800,5,S003,结构件供应商C,普通,0.9,33.64161454350683,0.0,0.5989270591326011,0.3666821580109344,0.695625,0.8436658511145145,0.7638570702615226,0.5060257833482154,309,True
2024-12-13,2024,12,F002,华南工厂,800,5,S004,配件供应商D,普通,0.88,15.599299008474139,0.4800233663841954,0.6527228167768541,0.6108477940972135,0.695625,0.8561049731923513,0.8188116316468,0.6878234692929663,450,True
2024-12-13,2024,12,F002,华南工厂,800,5,S005,新材料供应商E,普通,0.75,33.92478092798555,0.0,0.5469089896901789,0.3051086254407927,0.695625,0.8360107825290144,0.9138286160907345,0.5063679714342091,370,True
2024-12-13,2024,12,F003,华北工厂,1200,2,S001,核心零部件供应商A,核心,0.85,18.279701462304764,0.39067661792317454,0.34483748769490635,0.2625880468975421,0.6964166666666667,0.9646092009551994,0.7701475539935922,0.5475132131036248,505,True
2024-12-13,2024,12,F003,华北工厂,1200,2,S002,电子元件供应商B,核心,0.8,17.20595747282472,0.4264680842391759,0.39888669846655506,0.31810116863258764,0.6964166666666667,0.9509614231609852,0.7848822297826733,0.5663316327699712,533,True
2024-12-13,2024,12,F003,华北工厂,1200,2,S003,结构件供应商C,普通,0.9,6.716791584106389,0.7761069471964537,0.7818992063047923,0.7823076747362171,0.6964166666666667,0.943236789460852,0.7921551631245721,0.8219498737471148,781,True
2024-12-13,2024,12,F003,华北工厂,1200,2,S004,配件供应商D,普通,0.88,6.021647994222813,0.7992784001925729,0.8168661225149962,0.8710188030287329,0.6964166666666667,0.9494942195479732,0.7760275018357092,0.8144153321834549,758,True
2024-12-13,2024,12,F003,华北工厂,1200,2,S005,新材料供应商E,普通,0.75,13.960068078084063,0.5346643973971978,0.5569437830420351,0.5203899749663027,0.6964166666666667,0.9363802826797135,0.7201948034685859,0.6580667363695101,568,True
2024-12-14,2024,12,F001,华东工厂,1000,3,S001,核心零部件供应商A,核心,0.85,12.347981805982592,0.5884006064672469,0.5352702617593226,0.5158661207464854,0.6789999999999999,0.9080799867653229,0.9048076442100255,0.6560487275920296,593,True
2024-12-14,2024,12,F001,华东工厂,1000,3,S002,电子元件供应商B,核心,0.8,6.248990883000455,0.7917003038999848,0.553696395917025,0.5063251925834872,0.6789999999999999,0.9018454596546277,0.778101474419908,0.6710533515584372,522,True
2024-12-14,2024,12,F001,华东工厂,1000,3,S003,结构件供应商C,普通,0.9,15.835033088553228,0.4721655637148924,0.6895293015649236,0.6436054982279164,0.6789999999999999,0.9324566289099826,0.8029455068714436,0.7233793641218706,580,True
2024-12-14,2024,12,F001,华东工厂,1000,3,S004,配件供应商D,普通,0.88,14.631349106829177,0.512288363105694,0.6883342012724419,0.6334292300989486,0.6789999999999999,0.8873366300825588,0.9225287840774523,0.7111300581623966,656,True
2024-12-14,2024,12,F001,华东工厂,1000,3,S005,新材料供应商E,普通,0.75,34.38986033116797,0.0,0.5742711386426451,0.3271053404768155,0.6789999999999999,0.9290223261460464,0.8487290052297178,0.50819319949109,431,True
2024-12-14,2024,12,F002,华南工厂,800,5,S001,核心零部件供应商A,核心,0.85,10.891730658558611,0.6369423113813797,0.5502435639171853,0.5621107136406269,0.695625,0.8443258654327054,0.8442693606579413,0.6926158752895111,467,True
2024-12-14,2024,12,F002,华南工厂,800,5,S002,电子元件供应商B,核心,0.8,35.94746864630856,0.0,0.34630955840796335,0.2,0.695625,0.8428720598535879,0.748010498389751,0.47161038672878025,282,True
2024-12-14,2024,12,F002,华南工厂,800,5,S003,结构件供应商C,普通,0.9,40.21771371599045,0.0,0.6309839587562153,0.32301820190831776,0.695625,0.8245998646441822,0.7800027473117658,0.5379500695551462,335,True
2024-12-14,2024,12,F002,华南工厂,800,5,S004,配件供应商D,普通,0.88,11.221234136529628,0.6259588621156791,0.7074167365119554,0.7001002158863141,0.695625,0.8355971479967939,0.7202117004108135,0.7256574860654763,418,True
2024-12-14,2024,12,F002,华南工厂,800,5,S005,新材料供应商E,普通,0.75,36.18362418042514,0.0,0.5193404744603849,0.28908730084448103,0.695625,0.8601022122416615,0.9132390284184372,0.5454667178655537,398,True
2024-12-14,2024,12,F003,华北工厂,1200,2,S001,核心零部件供应商A,核心,0.85,10.676272266389681,0.6441242577870107,0.48268238849545125,0.469302687623535,0.6964166666666667,0.9449381212683322,0.8643735574962355,0.6313041195667053,654,True
2024-12-14,2024,12,F003,华北工厂,1200,2,S002,电子元件供应商B,核心,0.8,8.246602060807003,0.7251132646397666,0.5627100031856951,0.5878664709751038,0.6964166666666667,0.9541274139450119,0.8841641838046976,0.709284083015512,752,True
2024-12-14,2024,12,F003,华北工厂,1200,2,S003,结构件供应商C,普通,0.9,14.185252035125158,0.527158265495828,0.7227866042592122,0.7001378301772092,0.6964166666666667,0.9593968172967982,0.7892221655701003,0.7293632237758356,690,True
2024-12-14,2024,12,F003,华北工厂,1200,2,S004,配件供应商D,普通,0.88,10.347675931510189,0.6550774689496603,0.7511577243988393,0.7858921255180731,0.6964166666666667,0.9610825401661923,0.8200667314164068,0.7797817440834367,767,True
2024-12-14,2024,12,F003,华北工厂,1200,2,S005,新材料供应商E,普通,0.75,35.650790783680335,0.0,0.537427806730766,0.274779427850359,0.6964166666666667,0.9188642873370023,0.8410212304221563,0.5278155668982494,532,True
2024-12-15,2024,12,F001,华东工厂,1000,3,S001,核心零部件供应商A,核心,0.85,16.42237198420515,0.45258760052649505,0.44438274878385864,0.40509536203779983,0.6789999999999999,0.9274311193257628,0.8690140012533132,0.6041788719877547,525,True
2024-12-15,2024,12,F001,华东工厂,1000,3,S002,电子元件供应商B,核心,0.8,11.623777893801762,0.6125407368732746,0.4885439255368738,0.4749080694380718,0.6789999999999999,0.9210053372764186,0.9310194513235673,0.6437128183333092,599,True
2024-12-15,2024,12,F001,华东工厂,1000,3,S003,结构件供应商C,普通,0.9,21.648838298430825,0.27837205671897247,0.6267991559653863,0.5305868910479865,0.6789999999999999,0.9114024986492969,0.7105014418547029,0.6151161002938172,437,True
2024-12-15,2024,12,F001,华东工厂,1000,3,S004,配件供应商D,普通,0.88,40.60683980110213,0.0,0.55754582401886,0.21716080746307295,0.6789999999999999,0.887176683686807,0.8172915121418496,0.49285437359379664,402,True
2024-12-15,2024,12,F001,华东工厂,1000,3,S005,新材料供应商E,普通,0.75,31.679144137547592,0.0,0.5419659635860973,0.34462210190039744,0.6789999999999999,0.9127978684694064,0.7636567166632238,0.5280153059663809,403,True
2024-12-15,2024,12,F002,华南工厂,800,5,S001,核心零部件供应商A,核心,0.85,43.684558027166176,0.0,0.4364843832150302,0.2,0.695625,0.8540959575456383,0.7920936268961835,0.47010423225923853,297,True
2024-12-15,2024,12,F002,华南工厂,800,5,S002,电子元件供应商B,核心,0.8,23.72557000799878,0.20914766640004068,0.40863677636119006,0.2201991838632592,0.695625,0.8574292137663502,0.9005722040909219,0.48789886103174973,351,True
2024-12-15,2024,12,F002,华南工厂,800,5,S003,结构件供应商C,普通,0.9,71.59927677705053,0.0,0.6517819800569489,0.2,0.695625,0.8692361294502123,0.7222438839673345,0.5059217435175657,292,True
2024-12-15,2024,12,F002,华南工厂,800,5,S004,配件供应商D,普通,0.88,34.626156428785485,0.0,0.6183603192821581,0.30911160571689394,0.695625,0.8155339375936146,0.9278992216400685,0.5290756676790946,392,True
2024-12-15,2024,12,F002,华南工厂,800,5,S005,新材料供应商E,普通,0.75,11.889226670993565,0.6036924443002145,0.6000203407779556,0.57647265510045,0.695625,0.8014736485308254,0.7684606297748148,0.6773158380293957,416,True
2024-12-15,2024,12,F003,华北工厂,1200,2,S001,核心零部件供应商A,核心,0.85,7.111763029001381,0.7629412323666207,0.5816834657696239,0.5372115621597509,0.6964166666666667,0.9249730906079325,0.9262323792454538,0.737050964929265,819,True
2024-12-15,2024,12,F003,华北工厂,1200,2,S002,电子元件供应商B,核心,0.8,17.314844278104356,0.4228385240631881,0.4215500361380687,0.352505269359335,0.6964166666666667,0.9328173395540584,0.7786293930522763,0.5309623498829398,496,True
2024-12-15,2024,12,F003,华北工厂,1200,2,S003,结构件供应商C,普通,0.9,23.068973039223092,0.2310342320258969,0.6409313832572451,0.5333666716987211,0.6964166666666667,0.946683152437463,0.7905446893895365,0.6338762561616957,601,True
2024-12-15,2024,12,F003,华北工厂,1200,2,S004,配件供应商D,普通,0.88,24.870909336219988,0.17096968879266705,0.6192900518008702,0.4638277962982752,0.6964166666666667,0.9032086990435579,0.863944325446045,0.6013816474954111,623,True
2024-12-15,2024,12,F003,华北工厂,1200,2,S005,新材料供应商E,普通,0.75,20.392420991339584,0.32025263362201384,0.5621495441859146,0.40501376053484145,0.6964166666666667,0.9725725539576248,0.8098258180819992,0.6034623603272842,586,True
2024-12-16,2024,12,F001,华东工厂,1000,3,S001,核心零部件供应商A,核心,0.85,25.561167730393457,0.14796107565355143,0.4787685271533677,0.2818379851712702,0.6789999999999999,0.903133296482951,0.811985604294291,0.5397816394734383,438,True
2024-12-16,2024,12,F001,华东工厂,1000,3,S002,电子元件供应商B,核心,0.8,33.585572160852465,0.0,0.358208598939402,0.2,0.6789999999999999,0.923117363582925,0.7405573927741242,0.48918250762225923,362,True
2024-12-16,2024,12,F001,华东工厂,1000,3,S003,结构件供应商C,普通,0.9,10.564431585837797,0.6478522804720734,0.7475106954874446,0.7609239715745088,0.6789999999999999,0.9027141980821518,0.7866900179800171,0.7899133924677185,621,True
2024-12-16,2024,12,F001,华东工厂,1000,3,S004,配件供应商D,普通,0.88,34.75153976030178,0.0,0.5841503405544359,0.3762175965858643,0.6789999999999999,0.9338386247243015,0.7774599428819196,0.5292436808272334,411,True
2024-12-16,2024,12,F001,华东工厂,1000,3,S005,新材料供应商E,普通,0.75,47.98341057471158,0.0,0.5354119776221793,0.2,0.6789999999999999,0.8866496175984631,0.7811876522418004,0.49344527916248687,385,True
2024-12-16,2024,12,F002,华南工厂,800,5,S001,核心零部件供应商A,核心,0.85,32.00883939677192,0.0,0.41074994543283894,0.2,0.695625,0.8326623083023307,0.9108330887229843,0.46612637112685434,339,True
2024-12-16,2024,12,F002,华南工厂,800,5,S002,电子元件供应商B,核心,0.8,23.98805344917244,0.20039821836091865,0.37171313191015254,0.23657952350802672,0.695625,0.8927137481882674,0.9442427636565651,0.5356514866380286,404,True
2024-12-16,2024,12,F002,华南工厂,800,5,S003,结构件供应商C,普通,0.9,20.413746546449264,0.31954178178502457,0.6652723841550158,0.5870275522706805,0.695625,0.825419942790111,0.8600225991465424,0.6623982287479889,455,True
2024-12-16,2024,12,F002,华南工厂,800,5,S004,配件供应商D,普通,0.88,19.0330045152432,0.36556651615856006,0.6079701663678502,0.5034066063513492,0.695625,0.8311636995710534,0.7662952187825807,0.6184737800674375,379,True
2024-12-16,2024,12,F002,华南工厂,800,5,S005,新材料供应商E,普通,0.75,32.049486224189565,0.0,0.5221636940466167,0.2400572979361491,0.695625,0.880188981008053,0.888834732375993,0.46707617154983516,332,True
2024-12-16,2024,12,F003,华北工厂,1200,2,S001,核心零部件供应商A,核心,0.85,39.788857550744574,0.0,0.37555141397478836,0.2,0.6964166666666667,0.9385955275885074,0.7353872127469558,0.45420190574527647,400,True
2024-12-16,2024,12,F003,华北工厂,1200,2,S002,电子元件供应商B,核心,0.8,23.588179482604193,0.21372735057986025,0.37869153428244384,0.2,0.6964166666666667,0.924426522974059,0.8103219506999858,0.534896281475844,520,True
2024-12-16,2024,12,F003,华北工厂,1200,2,S003,结构件供应商C,普通,0.9,6.018209421780732,0.7993930192739755,0.8380451059136855,0.8222382257535723,0.6964166666666667,0.9366892922070464,0.8058964567197697,0.8274416138680357,800,True
2024-12-16,2024,12,F003,华北工厂,1200,2,S004,配件供应商D,普通,0.88,23.191525901595153,0.22694913661349492,0.6438419048824237,0.5034807845705426,0.6964166666666667,0.9222814258907012,0.8569331838905664,0.6247988465791696,642,True
2024-12-16,2024,12,F003,华北工厂,1200,2,S005,新材料供应商E,普通,0.75,8.10068217579468,0.729977260806844,0.7117344330252573,0.7449024574828681,0.6964166666666667,0.9379020072441975,0.7698606055589735,0.780481101574881,721,True
2024-12-17,2024,12,F001,华东工厂,1000,3,S001,核心零部件供应商A,核心,0.85,8.939308249799906,0.7020230583400031,0.5160304758475293,0.4792984096361111,0.6789999999999999,0.9213308197416331,0.8185931599936547,0.6454221874973853,528,True
2024-12-17,2024,12,F001,华东工厂,1000,3,S002,电子元件供应商B,核心,0.8,11.488159847096474,0.6170613384301176,0.501450742974021,0.521095442584878,0.6789999999999999,0.9210318602808103,0.9254354190101605,0.6706025316684374,620,True
2024-12-17,2024,12,F001,华东工厂,1000,3,S003,结构件供应商C,普通,0.9,10.97382120289042,0.6342059599036527,0.7519304663529779,0.7344729283385334,0.6789999999999999,0.8910275097962714,0.7756555712704721,0.7197159377125597,558,True
2024-12-17,2024,12,F001,华东工厂,1000,3,S004,配件供应商D,普通,0.88,19.213369379344407,0.3595543540218531,0.6495411835059423,0.5437237189076601,0.6789999999999999,0.9161906386060847,0.7511166800493938,0.6496697253114784,487,True
2024-12-17,2024,12,F001,华东工厂,1000,3,S005,新材料供应商E,普通,0.75,45.474892527999394,0.0,0.5113262856994182,0.2,0.6789999999999999,0.9126394000389115,0.7284406156201629,0.4551644980384536,331,True
2024-12-17,2024,12,F002,华南工厂,800,5,S001,核心零部件供应商A,核心,0.85,7.241007668419558,0.7586330777193481,0.6090985938962507,0.5629673596403506,0.695625,0.861295525286283,0.7656211136791191,0.7044727534843418,431,True
2024-12-17,2024,12,F002,华南工厂,800,5,S002,电子元件供应商B,核心,0.8,9.221733048986945,0.6926088983671018,0.4650251320016257,0.4065127659519035,0.695625,0.863936179823207,0.7794848324267056,0.6548618252956349,408,True
2024-12-17,2024,12,F002,华南工厂,800,5,S003,结构件供应商C,普通,0.9,17.105859296045594,0.42980469013181355,0.642941002554901,0.5636450696018562,0.695625,0.8575642432528778,0.7535131140568585,0.6279886836597128,378,True
2024-12-17,2024,12,F002,华南工厂,800,5,S004,配件供应商D,普通,0.88,13.507001172249536,0.5497666275916822,0.6863327317891678,0.6097758424884963,0.695625,0.8587484897144587,0.7169815510557065,0.6624833493119301,379,True
2024-12-17,2024,12,F002,华南工厂,800,5,S005,新材料供应商E,普通,0.75,6.717033944629498,0.7760988685123501,0.6032087848662003,0.6270215291591743,0.695625,0.859880800384248,0.8137400793482528,0.7401914992444527,481,True
2024-12-17,2024,12,F003,华北工厂,1200,2,S001,核心零部件供应商A,核心,0.85,11.60500727795596,0.6131664240681347,0.5058973792700714,0.54510177477211,0.6964166666666667,0.9370930115537223,0.8106472558311146,0.6719949745719568,653,True
2024-12-17,2024,12,F003,华北工厂,1200,2,S002,电子元件供应商B,核心,0.8,6.826413099598472,0.7724528966800509,0.507013592538244,0.5224449066366597,0.6964166666666667,0.903734038552674,0.7445582747278958,0.6845715034231084,611,True
2024-12-17,2024,12,F003,华北工厂,1200,2,S003,结构件供应商C,普通,0.9,34.404326279181525,0.0,0.597296049800315,0.3066043223054753,0.6964166666666667,0.9320303670973529,0.9179042115822125,0.5146249971648739,566,True
2024-12-17,2024,12,F003,华北工厂,1200,2,S004,配件供应商D,普通,0.88,11.767815516648046,0.6077394827783984,0.7019449480741768,0.6752534447757614,0.6964166666666667,0.9340069444867037,0.7010934955707523,0.7350277890045416,618,True
2024-12-17,2024,12,F003,华北工厂,1200,2,S005,新材料供应商E,普通,0.75,9.800430842930274,0.6733189719023243,0.653362012213085,0.6660200235782903,0.6964166666666667,0.9427318303479678,0.8474449001945196,0.7355360037139836,747,True
2024-12-18,2024,12,F001,华东工厂,1000,3,S001,核心零部件供应商A,核心,0.85,26.992197653998172,0.10026007820006089,0.4178669027557423,0.28780431856209987,0.6789999999999999,0.9263493425339675,0.8049180730393171,0.48664516387527773,391,True
2024-12-18,2024,12,F001,华东工厂,1000,3,S002,电子元件供应商B,核心,0.8,64.7504525758468,0.0,0.4267694603060721,0.2,0.6789999999999999,0.926168223538654,0.8125310681588096,0.4674021371707503,379,True
2024-12-18,2024,12,F001,华东工厂,1000,3,S003,结构件供应商C,普通,0.9,25.45647402014515,0.15145086599516167,0.5992222148584282,0.4390549426619562,0.6789999999999999,0.9033369133584541,0.8888736642535537,0.5556880682636847,493,True
2024-12-18,2024,12,F001,华东工厂,1000,3,S004,配件供应商D,普通,0.88,18.93575758400261,0.36880808053324643,0.5935503135255427,0.5333740494731818,0.6789999999999999,0.8978673834535573,0.9043831039895301,0.6381213182616351,577,True
2024-12-18,2024,12,F001,华东工厂,1000,3,S005,新材料供应商E,普通,0.75,73.91666210338323,0.0,0.5224045555120307,0.2,0.6789999999999999,0.9194616534399012,0.8530198295509648,0.46689826148893154,398,True
2024-12-18,2024,12,F002,华南工厂,800,5,S001,核心零部件供应商A,核心,0.85,28.257966389847592,0.05806778700508031,0.4612279021885761,0.31085061936241354,0.695625,0.8599737982427109,0.7368184521245816,0.4585599693492812,270,True
2024-12-18,2024,12,F002,华南工厂,800,5,S002,电子元件供应商B,核心,0.8,14.03765958089553,0.532078013970149,0.44573695968420096,0.39721361476143063,0.695625,0.8244516400243793,0.845276561174474,0.6007795026817908,406,True
2024-12-18,2024,12,F002,华南工厂,800,5,S003,结构件供应商C,普通,0.9,15.577790235769989,0.48074032547433376,0.6474309691411898,0.5840976536236094,0.695625,0.8353826875963256,0.7246922628496878,0.6493020453912126,376,True
2024-12-18,2024,12,F002,华南工厂,800,5,S004,配件供应商D,普通,0.88,13.065670749590296,0.5644776416803234,0.6977349145332801,0.6606538908746932,0.695625,0.8769096593576784,0.8325618815915606,0.6954418507477487,463,True
2024-12-18,2024,12,F002,华南工厂,800,5,S005,新材料供应商E,普通,0.75,23.26527931456121,0.22449068951462636,0.5504266687917019,0.42123747961477587,0.695625,0.8343869120028805,0.8684279119302122,0.5674023832399139,394,True
2024-12-18,2024,12,F003,华北工厂,1200,2,S001,核心零部件供应商A,核心,0.85,5.116848665934602,0.8294383778021799,0.6193949745706141,0.5840016720893788,0.6964166666666667,0.9394129659576861,0.9043745641314166,0.7418643005713783,805,True
2024-12-18,2024,12,F003,华北工厂,1200,2,S002,电子元件供应商B,核心,0.8,15.632570213868096,0.4789143262043968,0.4180863571637704,0.3908230082888268,0.6964166666666667,0.9099150665791035,0.8109791745116349,0.5940286088181612,578,True
2024-12-18,2024,12,F003,华北工厂,1200,2,S003,结构件供应商C,普通,0.9,14.930922753708098,0.5023025748763967,0.6703799587935275,0.6195687705095316,0.6964166666666667,0.9356222815268767,0.8554704909725983,0.7008305643031705,719,True
2024-12-18,2024,12,F003,华北工厂,1200,2,S004,配件供应商D,普通,0.88,5.379319440816212,0.8206893519727929,0.8045055549011149,0.8034502122380018,0.6964166666666667,0.9365844833559583,0.776787487547488,0.7842184734761504,731,True
2024-12-18,2024,12,F003,华北工厂,1200,2,S005,新材料供应商E,普通,0.75,40.3220964874338,0.0,0.5177234854890419,0.2298713499298317,0.6964166666666667,0.9442391605400312,0.7840921779709273,0.4804903790928134,452,True
2024-12-19,2024,12,F001,华东工厂,1000,3,S001,核心零部件供应商A,核心,0.85,21.724984882031897,0.2758338372656034,0.47278265350103243,0.33189051706360334,0.6789999999999999,0.9191271194626539,0.7146477219275338,0.533057450072684,380,True
2024-12-19,2024,12,F001,华东工厂,1000,3,S002,电子元件供应商B,核心,0.8,8.640286108683885,0.7119904630438705,0.5199340772870316,0.5026120115201484,0.6789999999999999,0.918256427454663,0.8815265170923545,0.6482855285917403,571,True
2024-12-19,2024,12,F001,华东工厂,1000,3,S003,结构件供应商C,普通,0.9,10.663590458223116,0.6445469847258962,0.747361403741796,0.7756223918137882,0.6789999999999999,0.9317261750887271,0.844190211858981,0.7208788098104606,608,True
2024-12-19,2024,12,F001,华东工厂,1000,3,S004,配件供应商D,普通,0.88,7.714472431975791,0.7428509189341403,0.7329126047122106,0.7012834534340883,0.6789999999999999,0.9385393480882083,0.8206346018666681,0.7444984367731551,610,True
2024-12-19,2024,12,F001,华东工厂,1000,3,S005,新材料供应商E,普通,0.75,47.28040803075823,0.0,0.5114012749141076,0.2,0.6789999999999999,0.9146660421312875,0.8367570366061119,0.5124779119987977,428,True
2024-12-19,2024,12,F002,华南工厂,800,5,S001,核心零部件供应商A,核心,0.85,5.822231764446718,0.805925607851776,0.6200821729337423,0.6096564246581766,0.695625,0.8268688956586533,0.8358835945935309,0.7386837401609826,493,True
2024-12-19,2024,12,F002,华南工厂,800,5,S002,电子元件供应商B,核心,0.8,32.53904502083607,0.0,0.3601918393748322,0.2,0.695625,0.8438194344836591,0.8495594399629741,0.45245880636532426,307,True
2024-12-19,2024,12,F002,华南工厂,800,5,S003,结构件供应商C,普通,0.9,33.94671938203638,0.0,0.6583566394577417,0.39790413620456255,0.695625,0.8216584688415636,0.7352649498730742,0.5632346480997531,331,True
2024-12-19,2024,12,F002,华南工厂,800,5,S004,配件供应商D,普通,0.88,23.53318291515101,0.21556056949496638,0.6247564575702057,0.5144824154346785,0.695625,0.8523838162601518,0.8891194197101031,0.5959819437679478,423,True
2024-12-19,2024,12,F002,华南工厂,800,5,S005,新材料供应商E,普通,0.75,6.757772001308181,0.7747409332897273,0.6695056090907614,0.7058734108243239,0.695625,0.8444817957519594,0.9128596740827786,0.7309133588667157,533,True
2024-12-19,2024,12,F003,华北工厂,1200,2,S001,核心零部件供应商A,核心,0.85,40.50753210535091,0.0,0.4567179711605237,0.2,0.6964166666666667,0.9383365645613075,0.8126558562770422,0.5073537999098792,494,True
2024-12-19,2024,12,F003,华北工厂,1200,2,S002,电子元件供应商B,核心,0.8,13.272103876367938,0.5575965374544021,0.46373405601628304,0.45084993257853334,0.6964166666666667,0.9566655723420686,0.8697822078337154,0.6476365670825454,675,True
2024-12-19,2024,12,F003,华北工厂,1200,2,S003,结构件供应商C,普通,0.9,19.00621889640565,0.36645937011981167,0.6519223587081837,0.5677651117111852,0.6964166666666667,0.9373076029045448,0.9121469142577194,0.6680854599378364,731,True
2024-12-19,2024,12,F003,华北工厂,1200,2,S004,配件供应商D,普通,0.88,13.018288914242989,0.5660570361919004,0.7005071000904559,0.6588919173146243,0.6964166666666667,0.9664817556722418,0.7658509029889611,0.709710709673383,652,True
2024-12-19,2024,12,F003,华北工厂,1200,2,S005,新材料供应商E,普通,0.75,5.059055922316409,0.831364802589453,0.6678463680495793,0.6675240916500554,0.6964166666666667,0.9235173303265655,0.8109114116508697,0.7693888873065189,748,True
2024-12-20,2024,12,F001,华东工厂,1000,3,S001,核心零部件供应商A,核心,0.85,6.36584243870821,0.7878052520430596,0.5976315762133023,0.6101377680910035,0.6789999999999999,0.9231726390558103,0.86995918993943,0.7262656712063663,631,True
2024-12-20,2024,12,F001,华东工厂,1000,3,S002,电子元件供应商B,核心,0.8,29.9918454300147,0.00027181899951000954,0.4401619860868973,0.23182827424801625,0.6789999999999999,0.9277910726215925,0.8659416840304249,0.5130077895680883,444,True
2024-12-20,2024,12,F001,华东工厂,1000,3,S003,结构件供应商C,普通,0.9,13.021666862363894,0.5659444379212035,0.698605241874573,0.7282189217425296,0.6789999999999999,0.9042016582827228,0.7735804360578089,0.7346730462560276,568,True
2024-12-20,2024,12,F001,华东工厂,1000,3,S004,配件供应商D,普通,0.88,35.92948606412848,0.0,0.617452547763588,0.40135470381300753,0.6789999999999999,0.90355635100476,0.8640569976022017,0.5423447892036325,468,True
2024-12-20,2024,12,F001,华东工厂,1000,3,S005,新材料供应商E,普通,0.75,12.293001002342633,0.5902332999219122,0.586721956240625,0.599791352755637,0.6789999999999999,0.8979729036585805,0.7417750219414084,0.6945362566601261,515,True
2024-12-20,2024,12,F002,华南工厂,800,5,S001,核心零部件供应商A,核心,0.85,5.509452344928907,0.8163515885023698,0.6073434760973582,0.6173624305876438,0.695625,0.846576412604072,0.9294506350523959,0.7256291448536804,539,True
2024-12-20,2024,12,F002,华南工厂,800,5,S002,电子元件供应商B,核心,0.8,7.256106216347691,0.7581297927884103,0.5340669061972869,0.5301363031390784,0.695625,0.8072202221277253,0.8045922275330017,0.66310057841656,426,True
2024-12-20,2024,12,F002,华南工厂,800,5,S003,结构件供应商C,普通,0.9,44.66488220000143,0.0,0.6350881375749331,0.30297470949810196,0.695625,0.8431479551845785,0.7952773315020707,0.5307469176618672,337,True
2024-12-20,2024,12,F002,华南工厂,800,5,S004,配件供应商D,普通,0.88,19.267588167592127,0.35774706108026244,0.6091030049518692,0.5863156477795594,0.695625,0.85341130766416,0.905280906529431,0.6485741696424566,469,True
2024-12-20,2024,12,F002,华南工厂,800,5,S005,新材料供应商E,普通,0.75,13.563417506961526,0.5478860831012824,0.5616774172383976,0.5538284779693364,0.695625,0.8444649793844349,0.8007432000308485,0.6357638529998726,407,True
2024-12-20,2024,12,F003,华北工厂,1200,2,S001,核心零部件供应商A,核心,0.85,5.250130838871853,0.8249956387042716,0.5999167725249592,0.544628665337529,0.6964166666666667,0.944945429042175,0.9375710125426213,0.7424078668178417,835,True
2024-12-20,2024,12,F003,华北工厂,1200,2,S002,电子元件供应商B,核心,0.8,105.26958861649946,0.0,0.4256957894430182,0.2,0.6964166666666667,0.9524525407962464,0.7888349270548867,0.4879336395770456,461,True
2024-12-20,2024,12,F003,华北工厂,1200,2,S003,结构件供应商C,普通,0.9,17.809262444845338,0.40635791850515546,0.6430419861008013,0.5919874547391965,0.6964166666666667,0.9317708273841901,0.9263723693728314,0.6661366152690731,740,True
2024-12-20,2024,12,F003,华北工厂,1200,2,S004,配件供应商D,普通,0.88,5.56386593334768,0.814537802221744,0.7843690808731183,0.7534089111831471,0.6964166666666667,0.953315201080156,0.7545673707133465,0.831563669156991,752,True
2024-12-20,2024,12,F003,华北工厂,1200,2,S005,新材料供应商E,普通,0.75,7.6912259810451316,0.7436258006318289,0.6541676059744937,0.6061083556034034,0.6964166666666667,0.9260890333101625,0.8823166014591584,0.7264851347623075,769,True
2024-12-21,2024,12,F001,华东工厂,1000,3,S001,核心零部件供应商A,核心,0.85,10.981333993989594,0.6339555335336802,0.5221123269038146,0.4621645720200582,0.6789999999999999,0.8932327623999838,0.8160666050714849,0.6160897542853186,502,True
2024-12-21,2024,12,F001,华东工厂,1000,3,S002,电子元件供应商B,核心,0.8,44.295406220045386,0.0,0.3483040047950601,0.2,0.6789999999999999,0.8911862623005897,0.8590100887829715,0.4493620912272584,386,True
2024-12-21,2024,12,F001,华东工厂,1000,3,S003,结构件供应商C,普通,0.9,49.78537229272217,0.0,0.6511694954423792,0.26214079865520556,0.6789999999999999,0.9170594149944574,0.802210915431267,0.5025448420563281,403,True
2024-12-21,2024,12,F001,华东工厂,1000,3,S004,配件供应商D,普通,0.88,8.462838734560487,0.7179053755146505,0.7413346675733888,0.7363316386471542,0.6789999999999999,0.8886792327422922,0.7778514112612195,0.766705716907163,596,True
2024-12-21,2024,12,F001,华东工厂,1000,3,S005,新材料供应商E,普通,0.75,6.935943125620102,0.7688018958126632,0.6628968688702734,0.6965921772683239,0.6789999999999999,0.9451738567390973,0.8026232786353353,0.7832901042161955,628,True
2024-12-21,2024,12,F002,华南工厂,800,5,S001,核心零部件供应商A,核心,0.85,8.207739073306968,0.7264086975564343,0.5242250310653978,0.5444292149501446,0.695625,0.8450616334502109,0.8123378291823865,0.6323008345976793,410,True
2024-12-21,2024,12,F002,华南工厂,800,5,S002,电子元件供应商B,核心,0.8,23.494801266270322,0.2168399577909893,0.41708260826978094,0.3094116138725668,0.695625,0.8297611610697014,0.8094994369738885,0.4933559572829337,319,True
2024-12-21,2024,12,F002,华南工厂,800,5,S003,结构件供应商C,普通,0.9,10.51088627951249,0.6496371240162503,0.7440788301934321,0.7087364392407767,0.695625,0.858621761472742,0.7539022657705475,0.7425871491299247,447,True
2024-12-21,2024,12,F002,华南工厂,800,5,S004,配件供应商D,普通,0.88,12.644875979220433,0.5785041340259856,0.7221603502474596,0.6967658571938815,0.695625,0.8888241201653184,0.7279500928084842,0.7163823472329748,417,True
2024-12-21,2024,12,F002,华南工厂,800,5,S005,新材料供应商E,普通,0.75,17.496106165679436,0.4167964611440188,0.5228278062611914,0.40110266152185947,0.695625,0.8231275127343044,0.7130462644491902,0.5899413597928418,336,True
2024-12-21,2024,12,F003,华北工厂,1200,2,S001,核心零部件供应商A,核心,0.85,5.15429873528319,0.828190042157227,0.6324011647557817,0.6111007014690351,0.6964166666666667,0.9425999645160319,0.9144893638493771,0.7227253953428115,793,True
2024-12-21,2024,12,F003,华北工厂,1200,2,S002,电子元件供应商B,核心,0.8,22.000868848563183,0.26663770504789386,0.45081420466512434,0.3456466562209992,0.6964166666666667,0.9578258042357765,0.9177026061939044,0.5931725734476715,653,True
2024-12-21,2024,12,F003,华北工厂,1200,2,S003,结构件供应商C,普通,0.9,35.61548563660294,0.0,0.5968679016303121,0.39664115630085284,0.6964166666666667,0.961976281413544,0.7014130262102961,0.5521886465044131,464,True
2024-12-21,2024,12,F003,华北工厂,1200,2,S004,配件供应商D,普通,0.88,77.41909901047757,0.0,0.6134907892169565,0.2,0.6964166666666667,0.9333719779260746,0.8191988059750958,0.51220056933289,503,True
2024-12-21,2024,12,F003,华北工厂,1200,2,S005,新材料供应商E,普通,0.75,7.133517557687382,0.7622160814104206,0.6371602031126893,0.6256214778307638,0.6964166666666667,0.9129474526748522,0.9482926973995831,0.7082110113547329,805,True
2024-12-22,2024,12,F001,华东工厂,1000,3,S001,核心零部件供应商A,核心,0.85,83.92408149639965,0.0,0.4487649985675877,0.2,0.6789999999999999,0.9119350983687761,0.8424261580088525,0.44185263309551326,372,True
2024-12-22,2024,12,F001,华东工厂,1000,3,S002,电子元件供应商B,核心,0.8,8.757594624799463,0.7080801791733513,0.5127972623935716,0.505965632301229,0.6789999999999999,0.8943310051819922,0.8974780004257112,0.707902303154587,635,True
2024-12-22,2024,12,F001,华东工厂,1000,3,S003,结构件供应商C,普通,0.9,30.549194213553104,0.0,0.6105653275845656,0.36696710814742617,0.6789999999999999,0.9088489705952368,0.9003024750609072,0.5340138888595091,480,True
2024-12-22,2024,12,F001,华东工厂,1000,3,S004,配件供应商D,普通,0.88,27.154325516276955,0.09485581612410143,0.6173100653623869,0.47059820540709985,0.6789999999999999,0.9138660879621199,0.8945989035883029,0.5693804448165203,509,True
2024-12-22,2024,12,F001,华东工厂,1000,3,S005,新材料供应商E,普通,0.75,6.469619880115038,0.7843460039961654,0.6877082527113989,0.6944567780445735,0.6789999999999999,0.898570987906915,0.943381637959313,0.7786695711181996,734,True
2024-12-22,2024,12,F002,华南工厂,800,5,S001,核心零部件供应商A,核心,0.85,10.093849085729415,0.6635383638090195,0.510408534975637,0.5238682363527912,0.695625,0.8298561002494604,0.8329929336241245,0.6573264131294018,438,True
2024-12-22,2024,12,F002,华南工厂,800,5,S002,电子元件供应商B,核心,0.8,11.619406095534803,0.6126864634821733,0.4676057052804564,0.4569831450061773,0.695625,0.8509125865997572,0.8574181629649718,0.6253969164088556,428,True
2024-12-22,2024,12,F002,华南工厂,800,5,S003,结构件供应商C,普通,0.9,70.04285726045441,0.0,0.5969571173622237,0.2,0.695625,0.8724426464446094,0.9341934873807505,0.5115303276645852,382,True
2024-12-22,2024,12,F002,华南工厂,800,5,S004,配件供应商D,普通,0.88,29.377730511952016,0.02074231626826617,0.6541859410125292,0.4292774912319748,0.695625,0.8493868778929512,0.7541716609263481,0.573772679555918,346,True
2024-12-22,2024,12,F002,华南工厂,800,5,S005,新材料供应商E,普通,0.75,7.789946428534212,0.7403351190488596,0.6467588723505476,0.6333984385006511,0.695625,0.8606359479696124,0.7994893193239423,0.6789788290665915,434,True
2024-12-22,2024,12,F003,华北工厂,1200,2,S001,核心零部件供应商A,核心,0.85,21.843912469329354,0.2718695843556882,0.46272595162757657,0.31226380894546807,0.6964166666666667,0.9148187017710361,0.7167570197593807,0.5163308206888388,444,True
2024-12-22,2024,12,F003,华北工厂,1200,2,S002,电子元件供应商B,核心,0.8,38.910016642087825,0.0,0.4183875401833539,0.2,0.6964166666666667,0.9554858211632872,0.8194693264132644,0.4914899991980303,483,True
2024-12-22,2024,12,F003,华北工厂,1200,2,S003,结构件供应商C,普通,0.9,13.428698777060722,0.5523767074313093,0.672829907058474,0.6519797050446045,0.6964166666666667,0.9467565183186397,0.7577350898051833,0.711004792495964,646,True
2024-12-22,2024,12,F003,华北工厂,1200,2,S004,配件供应商D,普通,0.88,6.554389462952075,0.7815203512349308,0.7832973395111481,0.7712639413732603,0.6964166666666667,0.9555436454420964,0.8413910813919885,0.7728993547238242,780,True
2024-12-22,2024,12,F003,华北工厂,1200,2,S005,新材料供应商E,普通,0.75,6.209787612025147,0.7930070795991617,0.6650190704867864,0.6317556231044711,0.6964166666666667,0.950638506427377,0.8040175588883199,0.7274779460233959,701,True
2024-12-23,2024,12,F001,华东工厂,1000,3,S001,核心零部件供应商A,核心,0.85,6.471336363956924,0.7842887878681025,0.6008274938092493,0.5886883382080209,0.6789999999999999,0.885512254532841,0.8372889226975597,0.6894397911077671,577,True
2024-12-23,2024,12,F001,华东工厂,1000,3,S002,电子元件供应商B,核心,0.8,24.194091578278794,0.19353028072404022,0.3781899010564218,0.2517456966176289,0.6789999999999999,0.9191502980369007,0.9385039510297968,0.5339756089550265,501,True
2024-12-23,2024,12,F001,华东工厂,1000,3,S003,结构件供应商C,普通,0.9,15.73103796432029,0.4756320678559903,0.6547449917380687,0.622862021641141,0.6789999999999999,0.9143622711008111,0.8132536875950471,0.6520125406853026,530,True
2024-12-23,2024,12,F001,华东工厂,1000,3,S004,配件供应商D,普通,0.88,36.526330876263344,0.0,0.610637545819643,0.3320942132377125,0.6789999999999999,0.9026127276214352,0.780191103505425,0.5284229109776087,412,True
2024-12-23,2024,12,F001,华东工厂,1000,3,S005,新材料供应商E,普通,0.75,12.344658092344483,0.5885113969218505,0.5744024630637015,0.5624074176654577,0.6789999999999999,0.9067612370687348,0.929255427970139,0.7020425242630609,652,True
2024-12-23,2024,12,F002,华南工厂,800,5,S001,核心零部件供应商A,核心,0.85,14.463009444304088,0.5178996851898637,0.47478569983686325,0.4325429917905192,0.695625,0.8786835407304066,0.768921474225675,0.5700697293491217,350,True
2024-12-23,2024,12,F002,华南工厂,800,5,S002,电子元件供应商B,核心,0.8,7.889656987180442,0.7370114337606519,0.5204045194515702,0.515411139167472,0.695625,0.8721234350358466,0.7200081424414841,0.6331643154067194,364,True
2024-12-23,2024,12,F002,华南工厂,800,5,S003,结构件供应商C,普通,0.9,9.162606432278618,0.6945797855907128,0.7657832226929443,0.8118973570193982,0.695625,0.8475256565972302,0.9174530914534808,0.7948905917294947,583,True
2024-12-23,2024,12,F002,华南工厂,800,5,S004,配件供应商D,普通,0.88,13.939093960691153,0.5353635346436283,0.6906169218672019,0.6412265324250502,0.695625,0.8418939787839331,0.8560726001958174,0.7049592712086524,482,True
2024-12-23,2024,12,F002,华南工厂,800,5,S005,新材料供应商E,普通,0.75,6.131886057439435,0.7956037980853522,0.6662354927234094,0.6772785721681138,0.695625,0.8467796484867516,0.8442305346499108,0.7253089138535372,489,True
2024-12-23,2024,12,F003,华北工厂,1200,2,S001,核心零部件供应商A,核心,0.85,33.956735013554,0.0,0.3709931431358744,0.2,0.6964166666666667,0.9482471193817189,0.8119728362111157,0.4998901068869115,487,True
2024-12-23,2024,12,F003,华北工厂,1200,2,S002,电子元件供应商B,核心,0.8,10.550069696195589,0.6483310101268137,0.5230824123484218,0.4950400603059797,0.6964166666666667,0.9608742670655226,0.8358859786623605,0.6689064494614311,670,True
2024-12-23,2024,12,F003,华北工厂,1200,2,S003,结构件供应商C,普通,0.9,9.082297356017648,0.6972567547994117,0.7675197286222938,0.8020728727038999,0.6964166666666667,0.9504432774077682,0.7894291912356068,0.7562392018161883,716,True
2024-12-23,2024,12,F003,华北工厂,1200,2,S004,配件供应商D,普通,0.88,32.9075410490512,0.0,0.6504053061770987,0.410686499066076,0.6964166666666667,0.9357741728441348,0.9458103591180996,0.5580245092133723,633,True
2024-12-23,2024,12,F003,华北工厂,1200,2,S005,新材料供应商E,普通,0.75,29.78990189306216,0.007003270231261238,0.5150280392865164,0.2942407998559313,0.6964166666666667,0.9635289765073254,0.8892486898724139,0.49797227919723397,531,True
2024-12-24,2024,12,F001,华东工厂,1000,3,S001,核心零部件供应商A,核心,0.85,25.766038803279862,0.14113203989067125,0.41880539483945883,0.3008261034063296,0.6789999999999999,0.9135114816985165,0.9380753461502767,0.5053363829293792,474,True
2024-12-24,2024,12,F001,华东工厂,1000,3,S002,电子元件供应商B,核心,0.8,28.62508724878514,0.04583042504049539,0.40534401527319297,0.22504638864126725,0.6789999999999999,0.8731127667555862,0.9443103912501122,0.46945870565262493,443,True
2024-12-24,2024,12,F001,华东工厂,1000,3,S003,结构件供应商C,普通,0.9,34.86521220189059,0.0,0.6219064976361163,0.31394098023357664,0.6789999999999999,0.8878146282706567,0.9394548309533147,0.5293198458158063,497,True
2024-12-24,2024,12,F001,华东工厂,1000,3,S004,配件供应商D,普通,0.88,12.770584442310035,0.5743138519229989,0.6885922429650917,0.6683276178288655,0.6789999999999999,0.9016442110184187,0.891055120960577,0.71751022703032,639,True
2024-12-24,2024,12,F001,华东工厂,1000,3,S005,新材料供应商E,普通,0.75,18.045183300878737,0.3984938899707088,0.5147071438379757,0.43858077057445616,0.6789999999999999,0.9273825507443639,0.8415464960793437,0.5768955077779013,485,True
2024-12-24,2024,12,F002,华南工厂,800,5,S001,核心零部件供应商A,核心,0.85,19.20704228162372,0.35976525727920927,0.4023666153516406,0.28571458762043966,0.695625,0.826221177638933,0.7443023449553099,0.532072051934098,316,True
2024-12-24,2024,12,F002,华南工厂,800,5,S002,电子元件供应商B,核心,0.8,35.957728381999274,0.0,0.3604389034628528,0.2,0.695625,0.8371337134568035,0.9118911990696237,0.47924349723863924,349,True
2024-12-24,2024,12,F002,华南工厂,800,5,S003,结构件供应商C,普通,0.9,26.340140216858025,0.12199532610473252,0.6175209716751746,0.4024040629422932,0.695625,0.8495719700418161,0.8806905082099241,0.5658127040085983,398,True
2024-12-24,2024,12,F002,华南工厂,800,5,S004,配件供应商D,普通,0.88,9.669621886036175,0.6776792704654608,0.7371482902410739,0.7128761103828003,0.695625,0.8617014268876816,0.8899992895827421,0.7600557047153611,541,True
2024-12-24,2024,12,F002,华南工厂,800,5,S005,新材料供应商E,普通,0.75,11.438567853944813,0.6187144048685063,0.651882781090297,0.6047961876866395,0.695625,0.8463261206724682,0.9472686163684261,0.709329600571173,537,True
2024-12-24,2024,12,F003,华北工厂,1200,2,S001,核心零部件供应商A,核心,0.85,21.641929923885797,0.27860233587047345,0.3986544429393076,0.3042536580513768,0.6964166666666667,0.9285079628363321,0.7285125744263496,0.522347144180921,456,True
2024-12-24,2024,12,F003,华北工厂,1200,2,S002,电子元件供应商B,核心,0.8,11.408110696193393,0.6197296434602202,0.44986073509802604,0.4427086479969467,0.6964166666666667,0.9461644262316795,0.9402138941961948,0.667765514912935,753,True
2024-12-24,2024,12,F003,华北工厂,1200,2,S003,结构件供应商C,普通,0.9,21.638372074604565,0.2787209308465145,0.627894587688414,0.47238165923657593,0.6964166666666667,0.9360079065527264,0.7037275660387019,0.6054016899678826,511,True
2024-12-24,2024,12,F003,华北工厂,1200,2,S004,配件供应商D,普通,0.88,7.078641446851911,0.7640452851049363,0.7673034558523454,0.7203698362536264,0.6964166666666667,0.9173001906447775,0.8683478947789577,0.7727202956570417,805,True
2024-12-24,2024,12,F003,华北工厂,1200,2,S005,新材料供应商E,普通,0.75,18.600232944484244,0.3799922351838585,0.5213233883935975,0.41381483082738085,0.6964166666666667,0.9325498100293238,0.8570456511275888,0.5825931164700802,599,True
2024-12-25,2024,12,F001,华东工厂,1000,3,S001,核心零部件供应商A,核心,0.85,16.8858112138038,0.4371396262065399,0.48662413835130836,0.37053577468131144,0.6789999999999999,0.9181537947367435,0.8383500067083537,0.6001765690345858,503,True
2024-12-25,2024,12,F001,华东工厂,1000,3,S002,电子元件供应商B,核心,0.8,11.748145191992004,0.6083951602669332,0.49091967557981686,0.4753403289857116,0.6789999999999999,0.9029010346651869,0.7264447267235167,0.6768269940697378,491,True
2024-12-25,2024,12,F001,华东工厂,1000,3,S003,结构件供应商C,普通,0.9,9.88433191396824,0.670522269534392,0.754221892988099,0.7833485003484997,0.6789999999999999,0.8954914451363322,0.8785303818505763,0.7645857714177065,671,True
2024-12-25,2024,12,F001,华东工厂,1000,3,S004,配件供应商D,普通,0.88,23.202814822265555,0.2265728392578148,0.620352562002457,0.5608761503874365,0.6789999999999999,0.9496130209339124,0.7583488629321016,0.5932123635980021,449,True
2024-12-25,2024,12,F001,华东工厂,1000,3,S005,新材料供应商E,普通,0.75,47.519276326035566,0.0,0.49116077560624843,0.2,0.6789999999999999,0.9373073128928232,0.7404040151825744,0.46961543509595,347,True
2024-12-25,2024,12,F002,华南工厂,800,5,S001,核心零部件供应商A,核心,0.85,10.197382100799574,0.6600872633066809,0.5408201135101924,0.519410123812801,0.695625,0.8572489976318906,0.7170879287126415,0.6392119009344664,366,True
2024-12-25,2024,12,F002,华南工厂,800,5,S002,电子元件供应商B,核心,0.8,5.190088573770318,0.8269970475409893,0.502424822671963,0.5324929537422313,0.695625,0.8617555645577929,0.8272505458841846,0.6567561242345891,434,True
2024-12-25,2024,12,F002,华南工厂,800,5,S003,结构件供应商C,普通,0.9,76.68888185498034,0.0,0.6209969016031455,0.2,0.695625,0.8367934147649725,0.7820880184526795,0.49205097221600813,307,True
2024-12-25,2024,12,F002,华南工厂,800,5,S004,配件供应商D,普通,0.88,6.173838490808657,0.7942053836397114,0.8193855045212824,0.8170602641868938,0.695625,0.8080640103834406,0.7205882475841895,0.775000118373797,446,True
2024-12-25,2024,12,F002,华南工厂,800,5,S005,新材料供应商E,普通,0.75,16.987469452045207,0.4337510182651597,0.5523516037642551,0.43861004006817156,0.695625,0.8472451780188485,0.9421534538364823,0.5885198473810627,443,True
2024-12-25,2024,12,F003,华北工厂,1200,2,S001,核心零部件供应商A,核心,0.85,27.163635249040723,0.09454549169864257,0.41361906432307466,0.26229253475391906,0.6964166666666667,0.9438572368630037,0.8993722444282543,0.5429654010103901,585,True
2024-12-25,2024,12,F003,华北工厂,1200,2,S002,电子元件供应商B,核心,0.8,18.587961642357286,0.3804012785880905,0.44183280137582315,0.42980403546779494,0.6964166666666667,0.9690341176155364,0.7249407510095334,0.5781126787329413,502,True
2024-12-25,2024,12,F003,华北工厂,1200,2,S003,结构件供应商C,普通,0.9,27.497414037130827,0.08341953209563913,0.6218694614979368,0.44349075940152954,0.6964166666666667,0.9657148620426612,0.7298125419203666,0.5420044300309612,474,True
2024-12-25,2024,12,F003,华北工厂,1200,2,S004,配件供应商D,普通,0.88,43.66213834223574,0.0,0.5959490873522095,0.295912494606851,0.6964166666666667,0.969073363481479,0.8503677752203018,0.5198616879657771,530,True
2024-12-25,2024,12,F003,华北工厂,1200,2,S005,新材料供应商E,普通,0.75,21.704804129770455,0.2765065290076515,0.5196447772790881,0.32953876882164557,0.6964166666666667,0.9066396971266458,0.8912778776099624,0.553050930059556,591,True
2024-12-26,2024,12,F001,华东工厂,1000,3,S001,核心零部件供应商A,核心,0.85,26.659654609567845,0.11134484634773856,0.40498246688178674,0.2,0.6789999999999999,0.9096373151298384,0.7641045923938551,0.4819708420733871,368,True
2024-12-26,2024,12,F001,华东工厂,1000,3,S002,电子元件供应商B,核心,0.8,38.27771868341233,0.0,0.38408844139490794,0.2,0.6789999999999999,0.9212567999264321,0.8473763460438564,0.46337247722643027,392,True
2024-12-26,2024,12,F001,华东工厂,1000,3,S003,结构件供应商C,普通,0.9,11.335397088508389,0.6221534303830537,0.7449118683129062,0.7384210988285629,0.6789999999999999,0.9108066080177829,0.9396726634779388,0.7204248290709634,676,True
2024-12-26,2024,12,F001,华东工厂,1000,3,S004,配件供应商D,普通,0.88,7.83831009527359,0.7387229968242137,0.7805312513204555,0.8251231326203068,0.6789999999999999,0.8877250895915625,0.7784698433709412,0.8078750412780371,628,True
2024-12-26,2024,12,F001,华东工厂,1000,3,S005,新材料供应商E,普通,0.75,22.29015200207845,0.25699493326405165,0.517117128012942,0.3523524786988674,0.6789999999999999,0.9086972332854223,0.9423374036049563,0.579509605468178,546,True
2024-12-26,2024,12,F002,华南工厂,800,5,S001,核心零部件供应商A,核心,0.85,7.2679871943011785,0.7577337601899607,0.5815077592947919,0.5631114025205121,0.695625,0.8435076065120412,0.9280161132190973,0.7048714654096766,523,True
2024-12-26,2024,12,F002,华南工厂,800,5,S002,电子元件供应商B,核心,0.8,8.246795626628614,0.7251068124457128,0.5185750572801354,0.529145620589557,0.695625,0.8792205124467819,0.7375384110459687,0.663649920167631,391,True
2024-12-26,2024,12,F002,华南工厂,800,5,S003,结构件供应商C,普通,0.9,21.170305429293713,0.2943231523568762,0.6069021192766826,0.4567069052918338,0.695625,0.8415946345177828,0.9030083232564985,0.6462665676314467,466,True
2024-12-26,2024,12,F002,华南工厂,800,5,S004,配件供应商D,普通,0.88,7.542593547723204,0.7485802150758932,0.7805172538048128,0.747771380533728,0.695625,0.8412978629877572,0.7817979014572282,0.7722952378380747,483,True
2024-12-26,2024,12,F002,华南工厂,800,5,S005,新材料供应商E,普通,0.75,16.55433581517005,0.4481888061609983,0.5549590093895195,0.47288593951250546,0.695625,0.8395036560741427,0.815957432954158,0.6234372627765133,406,True
2024-12-26,2024,12,F003,华北工厂,1200,2,S001,核心零部件供应商A,核心,0.85,27.36334532111394,0.08788848929620197,0.42913441856420803,0.25980349427351296,0.6964166666666667,0.9184869903285022,0.9076458312786128,0.5170569356670903,563,True
2024-12-26,2024,12,F003,华北工厂,1200,2,S002,电子元件供应商B,核心,0.8,11.588030717818473,0.613732309406051,0.470104593147033,0.41501724910038673,0.6964166666666667,0.9496064874975009,0.8877320983791805,0.6318066213567912,673,True
2024-12-26,2024,12,F003,华北工厂,1200,2,S003,结构件供应商C,普通,0.9,5.990865745027698,0.8003044751657434,0.8147543020271463,0.8692216264749985,0.6964166666666667,0.9340805641357547,0.8435404999023957,0.8359993698052639,846,True
2024-12-26,2024,12,F003,华北工厂,1200,2,S004,配件供应商D,普通,0.88,15.419883081079893,0.48600389729733684,0.5934887769558804,0.5177600778659179,0.6964166666666667,0.9530804794846296,0.8128340081848221,0.6398346187704134,624,True
2024-12-26,2024,12,F003,华北工厂,1200,2,S005,新材料供应商E,普通,0.75,52.736811461018625,0.0,0.5422989767602326,0.2,0.6964166666666667,0.9434568462123271,0.9178182269043487,0.5132488940699199,565,True
2024-12-27,2024,12,F001,华东工厂,1000,3,S001,核心零部件供应商A,核心,0.85,31.358715055725433,0.0,0.4146949916256692,0.21080525669442174,0.6789999999999999,0.8790486041172738,0.8859342037381114,0.4752351510591779,421,True
2024-12-27,2024,12,F001,华东工厂,1000,3,S002,电子元件供应商B,核心,0.8,16.26350114378814,0.45788329520706195,0.42488770319311253,0.3729515802382792,0.6789999999999999,0.9385401780539813,0.7916667944686582,0.5888292726932036,466,True
2024-12-27,2024,12,F001,华东工厂,1000,3,S003,结构件供应商C,普通,0.9,62.179942081958416,0.0,0.6070538703250198,0.2,0.6789999999999999,0.9494779715688517,0.9080564451260946,0.5025810361940122,456,True
2024-12-27,2024,12,F001,华东工厂,1000,3,S004,配件供应商D,普通,0.88,14.208616884560156,0.5263794371813282,0.6407811791417453,0.6172987318248517,0.6789999999999999,0.8782224016038991,0.9387224275023145,0.6987881527331194,655,True
2024-12-27,2024,12,F001,华东工厂,1000,3,S005,新材料供应商E,普通,0.75,14.905969176893333,0.5031343607702222,0.5434258978857456,0.47831521357606516,0.6789999999999999,0.9232810590661117,0.8536025023292915,0.6260186009552213,534,True
2024-12-27,2024,12,F002,华南工厂,800,5,S001,核心零部件供应商A,核心,0.85,41.67011548427181,0.0,0.4500688566277731,0.2,0.695625,0.8282131472457579,0.9192146457565429,0.4949576571911419,363,True
2024-12-27,2024,12,F002,华南工厂,800,5,S002,电子元件供应商B,核心,0.8,27.829805267369608,0.07233982442101305,0.42730616818963246,0.2763156659619222,0.695625,0.8415574167185441,0.8171449510937847,0.4802914905939373,313,True
2024-12-27,2024,12,F002,华南工厂,800,5,S003,结构件供应商C,普通,0.9,13.297333587565026,0.5567555470811658,0.6837674466132604,0.634590192962371,0.695625,0.8355572156674227,0.7612022403530333,0.7049658066537524,429,True
2024-12-27,2024,12,F002,华南工厂,800,5,S004,配件供应商D,普通,0.88,8.682100418481827,0.7105966527172725,0.7557756111375945,0.7227251547397341,0.695625,0.8812798430969355,0.870053342733417,0.7750025748243018,539,True
2024-12-27,2024,12,F002,华南工厂,800,5,S005,新材料供应商E,普通,0.75,10.186731121824845,0.6604422959391718,0.6471000237675886,0.6109692704417817,0.695625,0.8266966676848235,0.7935840384241848,0.6791533066436388,431,True
2024-12-27,2024,12,F003,华北工厂,1200,2,S001,核心零部件供应商A,核心,0.85,9.763547578046303,0.6745484140651232,0.5820447601479894,0.5895732907693507,0.6964166666666667,0.9234363887225298,0.798358872359215,0.707230105552213,677,True
2024-12-27,2024,12,F003,华北工厂,1200,2,S002,电子元件供应商B,核心,0.8,5.994264697989906,0.8001911767336698,0.5938092584484329,0.6108904831531443,0.6964166666666667,0.9276630281801657,0.7335596047734358,0.6915883312808149,608,True
2024-12-27,2024,12,F003,华北工厂,1200,2,S003,结构件供应商C,普通,0.9,6.1560123126358794,0.794799589578804,0.8387819040610035,0.8461838175936115,0.6964166666666667,0.9479393658265008,0.7041348623224691,0.8172738600979246,690,True
2024-12-27,2024,12,F003,华北工厂,1200,2,S004,配件供应商D,普通,0.88,8.10181864635919,0.7299393784546937,0.7371236525484394,0.7821019500689453,0.6964166666666667,0.9319300413411153,0.9473912020594517,0.805837741986731,916,True
2024-12-27,2024,12,F003,华北工厂,1200,2,S005,新材料供应商E,普通,0.75,7.574083774222272,0.7475305408592576,0.6844926068907572,0.6869338878513032,0.6964166666666667,0.9163704318252976,0.9465889488764352,0.7080653268503848,804,True
2024-12-28,2024,12,F001,华东工厂,1000,3,S001,核心零部件供应商A,核心,0.85,13.308819431075174,0.5563726856308275,0.4604231517332569,0.47871629976079333,0.6789999999999999,0.9109192187209787,0.7031644571210405,0.610101118339266,429,True
2024-12-28,2024,12,F001,华东工厂,1000,3,S002,电子元件供应商B,核心,0.8,5.018065082509757,0.8327311639163414,0.553540892976111,0.5380019314412765,0.6789999999999999,0.900899543214554,0.778351390368639,0.6943366867456239,540,True
2024-12-28,2024,12,F001,华东工厂,1000,3,S003,结构件供应商C,普通,0.9,7.427762034849467,0.7524079321716844,0.8247553688196863,0.8516473490348178,0.6789999999999999,0.8908583784546678,0.7223124379091459,0.8084397915783962,583,True
2024-12-28,2024,12,F001,华东工厂,1000,3,S004,配件供应商D,普通,0.88,6.229277358457342,0.7923574213847553,0.801185106890966,0.7980675215466009,0.6789999999999999,0.895840541059872,0.7252222005264647,0.7648162785899308,554,True
2024-12-28,2024,12,F001,华东工厂,1000,3,S005,新材料供应商E,普通,0.75,18.954714329635568,0.36817618901214777,0.5469444265934365,0.49882148095073103,0.6789999999999999,0.9091439100486381,0.7336142601917661,0.6302820913434353,462,True
2024-12-28,2024,12,F002,华南工厂,800,5,S001,核心零部件供应商A,核心,0.85,10.12479223495859,0.6625069255013802,0.535489959734737,0.603920314143034,0.695625,0.8712363329197946,0.9203312223662379,0.7208037662070088,530,True
2024-12-28,2024,12,F002,华南工厂,800,5,S002,电子元件供应商B,核心,0.8,18.228932975984385,0.39236890080052045,0.3938135670771961,0.2774616836612663,0.695625,0.8453767444926465,0.8947760468346616,0.558974630427182,400,True
2024-12-28,2024,12,F002,华南工厂,800,5,S003,结构件供应商C,普通,0.9,24.35327445812816,0.18822418472906144,0.6324130929438178,0.46931968826847775,0.695625,0.8488210693296209,0.7304379994119196,0.5808581613388565,339,True
2024-12-28,2024,12,F002,华南工厂,800,5,S004,配件供应商D,普通,0.88,18.538548970011025,0.3820483676662991,0.6106826682862541,0.52263715030132,0.695625,0.8051555668251194,0.7252691230929356,0.6286442859287498,364,True
2024-12-28,2024,12,F002,华南工厂,800,5,S005,新材料供应商E,普通,0.75,29.28629404667856,0.02379019844404806,0.5282803191328121,0.3433769447794731,0.695625,0.8396900737794344,0.7658932377296502,0.5220476561818825,319,True
2024-12-28,2024,12,F003,华北工厂,1200,2,S001,核心零部件供应商A,核心,0.85,8.507902930070802,0.7164032356643066,0.5381391789728475,0.5418518182485758,0.6964166666666667,0.9462412426345347,0.7969149751396998,0.7017207426038381,671,True
2024-12-28,2024,12,F003,华北工厂,1200,2,S002,电子元件供应商B,核心,0.8,13.32065995817531,0.5559780013941563,0.5313012337163092,0.43630118705825344,0.6964166666666667,0.9058747836006071,0.8189731277073726,0.6380677194170653,627,True
2024-12-28,2024,12,F003,华北工厂,1200,2,S003,结构件供应商C,普通,0.9,14.544705239743477,0.5151764920085508,0.7053325779297307,0.6476193244801732,0.6964166666666667,0.9839217911859363,0.9238800300952065,0.7035454010704585,779,True
2024-12-28,2024,12,F003,华北工厂,1200,2,S004,配件供应商D,普通,0.88,35.17490682180968,0.0,0.6096303640225904,0.3741002175898512,0.6964166666666667,0.9494305696835047,0.8623106832094927,0.5478006037978828,566,True
2024-12-28,2024,12,F003,华北工厂,1200,2,S005,新材料供应商E,普通,0.75,6.278531843825492,0.790715605205817,0.6990560696756983,0.7219403303628972,0.6964166666666667,0.9273506316737973,0.7600807201862076,0.7385093810043885,673,True
2024-12-29,2024,12,F001,华东工厂,1000,3,S001,核心零部件供应商A,核心,0.85,11.665308823901142,0.6111563725366286,0.5112778702297776,0.5096586602727035,0.6789999999999999,0.9002673762362147,0.7160488714994535,0.6380206830606956,456,True
2024-12-29,2024,12,F001,华东工厂,1000,3,S002,电子元件供应商B,核心,0.8,16.58035704183812,0.4473214319387293,0.41546420479942336,0.32264689504195876,0.6789999999999999,0.9027838701232165,0.8866048082110262,0.5954030381661286,527,True
2024-12-29,2024,12,F001,华东工厂,1000,3,S003,结构件供应商C,普通,0.9,12.763472981126487,0.5745509006291172,0.7307991873245994,0.7257131763447252,0.6789999999999999,0.8865461022068072,0.7510182646004517,0.7148748193888986,536,True
2024-12-29,2024,12,F001,华东工厂,1000,3,S004,配件供应商D,普通,0.88,22.732925198885756,0.24223582670380817,0.6121984550556681,0.5074331315406396,0.6789999999999999,0.8986365554415541,0.8137629262020346,0.590066111260145,480,True
2024-12-29,2024,12,F001,华东工厂,1000,3,S005,新材料供应商E,普通,0.75,10.151100283163256,0.6616299905612248,0.6385748767166621,0.6108767636252347,0.6789999999999999,0.9103574421293542,0.8984417017574384,0.7054635220572574,633,True
2024-12-29,2024,12,F002,华南工厂,800,5,S001,核心零部件供应商A,核心,0.85,9.643359732869946,0.6785546755710018,0.5584902483759342,0.597523310266657,0.695625,0.8100331006571074,0.9089810182569533,0.672359298604649,488,True
2024-12-29,2024,12,F002,华南工厂,800,5,S002,电子元件供应商B,核心,0.8,26.30993075578663,0.12300230814044566,0.4177749701660325,0.22915271714753438,0.695625,0.8470378204105623,0.8882999254785573,0.48527150028466814,344,True
2024-12-29,2024,12,F002,华南工厂,800,5,S003,结构件供应商C,普通,0.9,10.229499752505168,0.6590166749164944,0.7621919874787089,0.7850532342804349,0.695625,0.8664934078663903,0.8869441595680252,0.7489173601719984,531,True
2024-12-29,2024,12,F002,华南工厂,800,5,S004,配件供应商D,普通,0.88,12.598867169288123,0.5800377610237293,0.6973768572992208,0.6272740647952105,0.695625,0.8543388865519149,0.7432306244068152,0.7031254296040765,418,True
2024-12-29,2024,12,F002,华南工厂,800,5,S005,新材料供应商E,普通,0.75,22.221304999956224,0.2592898333347925,0.562734431185151,0.3955035435723262,0.695625,0.8522179286032682,0.9034959936433271,0.6142178712812177,443,True
2024-12-29,2024,12,F003,华北工厂,1200,2,S001,核心零部件供应商A,核心,0.85,24.21040939665194,0.1929863534449353,0.4201287397343128,0.2703690306223649,0.6964166666666667,0.9059075608364576,0.8886308268563912,0.5219294012624895,556,True
2024-12-29,2024,12,F003,华北工厂,1200,2,S002,电子元件供应商B,核心,0.8,24.18204211031761,0.19393192965607964,0.42586428144146776,0.28912250104797205,0.6964166666666667,0.9359100068246032,0.7820680733895378,0.5513879154926836,517,True
2024-12-29,2024,12,F003,华北工厂,1200,2,S003,结构件供应商C,普通,0.9,7.5838919759977905,0.7472036008000736,0.7958650515116177,0.7662275165023871,0.6964166666666667,0.9193555323520824,0.7281744651095813,0.775776164549517,677,True
2024-12-29,2024,12,F003,华北工厂,1200,2,S004,配件供应商D,普通,0.88,6.125874099532615,0.7958041966822462,0.807500914118566,0.8374372485923935,0.6964166666666667,0.9418347975197456,0.7211690388106724,0.7890878824406362,682,True
2024-12-29,2024,12,F003,华北工厂,1200,2,S005,新材料供应商E,普通,0.75,40.11143547581557,0.0,0.530513263952685,0.24638305845590047,0.6964166666666667,0.9452372131858054,0.7765147995540439,0.5245765466493139,488,True
2024-12-30,2024,12,F001,华东工厂,1000,3,S001,核心零部件供应商A,核心,0.85,8.684655280790205,0.7105114906403265,0.5495663450917299,0.5625725934059057,0.6789999999999999,0.9055485014555029,0.7582625246311538,0.6434739757130175,487,True
2024-12-30,2024,12,F001,华东工厂,1000,3,S002,电子元件供应商B,核心,0.8,18.324431846598998,0.38918560511336675,0.38213799342953514,0.33465235399283433,0.6789999999999999,0.9022873647810896,0.7466409649086649,0.5981057499474484,446,True
2024-12-30,2024,12,F001,华东工厂,1000,3,S003,结构件供应商C,普通,0.9,38.765617348625845,0.0,0.6230916915187233,0.3290595872571542,0.6789999999999999,0.8958475892626245,0.7929739998852939,0.5361109785385136,425,True
2024-12-30,2024,12,F001,华东工厂,1000,3,S004,配件供应商D,普通,0.88,5.4303898039447125,0.8189870065351763,0.7962500227509584,0.7894128863341522,0.6789999999999999,0.9131657205879715,0.9092519489507793,0.7943343578989993,722,True
2024-12-30,2024,12,F001,华东工厂,1000,3,S005,新材料供应商E,普通,0.75,12.009678580588403,0.5996773806470532,0.5940085684650167,0.5854183547703464,0.6789999999999999,0.8922101651902311,0.8551397988547496,0.6716591851803492,574,True
2024-12-30,2024,12,F002,华南工厂,800,5,S001,核心零部件供应商A,核心,0.85,13.167535360821311,0.5610821546392897,0.48930403362438674,0.5046343212325872,0.695625,0.8619817951852762,0.7747660774022107,0.6331288598155463,392,True
2024-12-30,2024,12,F002,华南工厂,800,5,S002,电子元件供应商B,核心,0.8,11.674724139070598,0.6108425286976467,0.4434643867969805,0.43889952040517266,0.695625,0.8382630053290252,0.8048474594920974,0.5680220868248812,365,True
2024-12-30,2024,12,F002,华南工厂,800,5,S003,结构件供应商C,普通,0.9,7.945238847735824,0.7351587050754725,0.7817851923789206,0.7841242653604196,0.695625,0.8901039268047088,0.9243206680338805,0.7844928016483363,580,True
2024-12-30,2024,12,F002,华南工厂,800,5,S004,配件供应商D,普通,0.88,7.195761262279637,0.7601412912573454,0.7800246779439541,0.7312479171227193,0.695625,0.8493772892336945,0.7898077851554307,0.7660332254249075,484,True
2024-12-30,2024,12,F002,华南工厂,800,5,S005,新材料供应商E,普通,0.75,10.195023896306118,0.6601658701231294,0.632345573972911,0.6140055470804925,0.695625,0.8479491645698005,0.938105173688364,0.7183215458180152,539,True
2024-12-30,2024,12,F003,华北工厂,1200,2,S001,核心零部件供应商A,核心,0.85,31.04183048428681,0.0,0.41268143236877913,0.2581891133025315,0.6964166666666667,0.9265738481725783,0.8740658688251333,0.4939094545549346,518,True
2024-12-30,2024,12,F003,华北工厂,1200,2,S002,电子元件供应商B,核心,0.8,5.814065501577303,0.80619781661409,0.5264631512106961,0.5462051784774017,0.6964166666666667,0.9357075866922956,0.8491657267331203,0.6605074171056937,673,True
2024-12-30,2024,12,F003,华北工厂,1200,2,S003,结构件供应商C,普通,0.9,10.081550013493747,0.6639483328835418,0.7160321916591125,0.7376813269595983,0.6964166666666667,0.9424954697582231,0.9403578280958342,0.7627051563914319,860,True
2024-12-30,2024,12,F003,华北工厂,1200,2,S004,配件供应商D,普通,0.88,13.352158624537559,0.554928045848748,0.6606186207013203,0.6283657672758765,0.6964166666666667,0.9172099441183746,0.8528035827997075,0.7048415205525971,721,True
2024-12-30,2024,12,F003,华北工厂,1200,2,S005,新材料供应商E,普通,0.75,45.60396262297641,0.0,0.5371720432786117,0.2,0.6964166666666667,0.9387563989135884,0.7276871269576273,0.47868179609542816,417,True
2024-12-31,2024,12,F001,华东工厂,1000,3,S001,核心零部件供应商A,核心,0.85,11.518978371352464,0.6160340542882512,0.5206963195323353,0.45051142226784885,0.6789999999999999,0.9303591410485872,0.9297130128147274,0.6255416102223323,581,True
2024-12-31,2024,12,F001,华东工厂,1000,3,S002,电子元件供应商B,核心,0.8,12.677276098808992,0.5774241300397003,0.509431486325165,0.4692039842434621,0.6789999999999999,0.8816446761374219,0.7374091803772316,0.6672695289022186,492,True
2024-12-31,2024,12,F001,华东工厂,1000,3,S003,结构件供应商C,普通,0.9,13.960119808665068,0.5346626730444977,0.6940234733864278,0.6518541753303951,0.6789999999999999,0.8791704379017127,0.8026942723810726,0.6970788359366651,559,True
2024-12-31,2024,12,F001,华东工厂,1000,3,S004,配件供应商D,普通,0.88,36.415038499878804,0.0,0.574796029055666,0.320903292374557,0.6789999999999999,0.9220580009049631,0.8561295038410868,0.514438636435284,440,True
2024-12-31,2024,12,F001,华东工厂,1000,3,S005,新材料供应商E,普通,0.75,14.468522646878458,0.5177159117707181,0.5559791809371771,0.477637525478365,0.6789999999999999,0.9105022816805203,0.8001748203108132,0.6443533160743429,515,True
2024-12-31,2024,12,F002,华南工厂,800,5,S001,核心零部件供应商A,核心,0.85,16.05404240685729,0.464865253104757,0.40823158850216973,0.33229734704266833,0.695625,0.8853982613531118,0.8781795007396374,0.5919908030958477,415,True
2024-12-31,2024,12,F002,华南工厂,800,5,S002,电子元件供应商B,核心,0.8,37.05448245570218,0.0,0.4503011869840313,0.2,0.695625,0.8611089236440586,0.7513143824340675,0.5006868503593804,300,True
2024-12-31,2024,12,F002,华南工厂,800,5,S003,结构件供应商C,普通,0.9,26.106216754784466,0.12979277484051777,0.6347782648088277,0.5148125950595539,0.695625,0.8296846706615167,0.7209879153749459,0.5784633627032018,333,True
2024-12-31,2024,12,F002,华南工厂,800,5,S004,配件供应商D,普通,0.88,11.222845044756422,0.625905165174786,0.7202293700464337,0.7049794019771901,0.695625,0.862867003591395,0.8294120222544012,0.7524806734267585,499,True
2024-12-31,2024,12,F002,华南工厂,800,5,S005,新材料供应商E,普通,0.75,7.747444213038079,0.7417518595653974,0.6520944245619349,0.6581968647636224,0.695625,0.8496905831046591,0.9184995029032708,0.7124414383214307,523,True
2024-12-31,2024,12,F003,华北工厂,1200,2,S001,核心零部件供应商A,核心,0.85,37.744190282958634,0.0,0.45987582004459604,0.2,0.6964166666666667,0.9454503598045918,0.8436084393240896,0.5050518799558562,511,True
2024-12-31,2024,12,F003,华北工厂,1200,2,S002,电子元件供应商B,核心,0.8,30.159350572220347,0.0,0.37971621906240105,0.20719880999356766,0.6964166666666667,0.8911370938953853,0.8532680774706787,0.46696059494662384,478,True
2024-12-31,2024,12,F003,华北工厂,1200,2,S003,结构件供应商C,普通,0.9,5.863889413264531,0.804537019557849,0.8338942101044943,0.8344652353909766,0.6964166666666667,0.9327901532265865,0.9348702219287188,0.7990044512124798,896,True
2024-12-31,2024,12,F003,华北工厂,1200,2,S004,配件供应商D,普通,0.88,13.394037562754335,0.5535320812415222,0.6667323532060303,0.5726917818682037,0.6964166666666667,0.9854848030242271,0.9001732002291827,0.7100394941260835,766,True
2024-12-31,2024,12,F003,华北工厂,1200,2,S005,新材料供应商E,普通,0.75,14.024997744468156,0.5325000751843948,0.5775171150238242,0.5772280919280797,0.6964166666666667,0.9649272243175444,0.8794305636858728,0.6572846573851023,693,True
