date,year,month,factory_id,factory_name,product_id,product_name,part_id,part_name,part_type,part_unit_cost,required_part_id,actual_part_used,daily_demand,initial_stock,current_stock,min_stock,dead_stock_amount,is_dead_stock,stock_turnover,capital_tied,substitute_awareness,has_substitute,substitute_used,demand_factor,is_anomaly_day,is_anomaly_month
2024-10-01,2024,10,F001,华东工厂,P001,产品A,PT001,部件A1,核心,100,PT001,PT002,3,66,66,50,0.0,False,0.045454545454545456,6600,1.0,True,PT002,1.0394633936788147,False,False
2024-10-01,2024,10,F001,华东工厂,P001,产品A,PT003,部件B1,普通,50,PT003,PT004,3,54,54,30,0.0,False,0.05555555555555555,2700,1.0,True,PT004,1.0394633936788147,False,False
2024-10-01,2024,10,F001,华东工厂,P002,产品B,PT002,部件A2,核心,95,PT002,PT001,2,79,76,50,0.0,False,0.02631578947368421,7220,1.0,True,PT001,0.8624074561769747,False,False
2024-10-01,2024,10,F001,华东工厂,P002,产品B,PT004,部件B2,普通,48,PT004,PT003,2,50,47,30,0.0,False,0.0425531914893617,2256,1.0,True,PT003,0.8624074561769747,False,False
2024-10-01,2024,10,F001,华东工厂,P003,产品C,PT001,部件A1,核心,100,PT001,PT002,3,66,64,50,0.0,False,0.046875,6400,1.0,True,PT002,0.8623978081344811,False,False
2024-10-01,2024,10,F001,华东工厂,P003,产品C,PT005,部件C1,核心,150,PT005,PT005,3,57,54,40,0.0,False,0.05555555555555555,8100,0.0,False,,0.8623978081344811,False,False
2024-10-01,2024,10,F002,华南工厂,P001,产品A,PT001,部件A1,核心,100,PT001,PT002,2,66,64,50,0.0,False,0.03125,6400,1.0,True,PT002,0.8232334448672798,False,False
2024-10-01,2024,10,F002,华南工厂,P001,产品A,PT003,部件B1,普通,50,PT003,PT004,2,54,52,30,0.0,False,0.038461538461538464,2600,1.0,True,PT004,0.8232334448672798,False,False
2024-10-01,2024,10,F002,华南工厂,P002,产品B,PT002,部件A2,核心,95,PT002,PT001,3,79,71,50,0.0,False,0.04225352112676056,6745,1.0,True,PT001,1.146470458309974,False,False
2024-10-01,2024,10,F002,华南工厂,P002,产品B,PT004,部件B2,普通,48,PT004,PT003,3,50,45,30,0.0,False,0.06666666666666667,2160,1.0,True,PT003,1.146470458309974,False,False
2024-10-01,2024,10,F002,华南工厂,P003,产品C,PT001,部件A1,核心,100,PT001,PT002,4,66,61,50,0.0,False,0.06557377049180328,6100,1.0,True,PT002,1.0404460046972834,False,False
2024-10-01,2024,10,F002,华南工厂,P003,产品C,PT005,部件C1,核心,150,PT005,PT005,4,57,50,40,0.0,False,0.08,7500,0.0,False,,1.0404460046972834,False,False
2024-10-02,2024,10,F001,华东工厂,P001,产品A,PT001,部件A1,核心,100,PT001,PT002,3,66,61,50,0.0,False,0.04918032786885246,6100,1.0,True,PT002,1.0832290311184183,False,False
2024-10-02,2024,10,F001,华东工厂,P001,产品A,PT003,部件B1,普通,50,PT003,PT004,3,54,49,30,0.0,False,0.061224489795918366,2450,1.0,True,PT004,1.0832290311184183,False,False
2024-10-02,2024,10,F001,华东工厂,P002,产品B,PT002,部件A2,核心,95,PT002,PT001,2,79,64,50,0.0,False,0.03125,6080,1.0,True,PT001,0.808233797718321,False,False
2024-10-02,2024,10,F001,华东工厂,P002,产品B,PT004,部件B2,普通,48,PT004,PT003,2,50,42,30,0.0,False,0.047619047619047616,2016,1.0,True,PT003,0.808233797718321,False,False
2024-10-02,2024,10,F001,华东工厂,P003,产品C,PT001,部件A1,核心,100,PT001,PT002,4,66,59,50,0.0,False,0.06779661016949153,5900,1.0,True,PT002,1.1879639408647977,False,False
2024-10-02,2024,10,F001,华东工厂,P003,产品C,PT005,部件C1,核心,150,PT005,PT005,4,57,46,40,0.0,False,0.08695652173913043,6900,0.0,False,,1.1879639408647977,False,False
2024-10-02,2024,10,F002,华南工厂,P001,产品A,PT001,部件A1,核心,100,PT001,PT002,3,66,59,50,0.0,False,0.05084745762711865,5900,1.0,True,PT002,1.1329770563201687,False,False
2024-10-02,2024,10,F002,华南工厂,P001,产品A,PT003,部件B1,普通,50,PT003,PT004,3,54,47,30,0.0,False,0.06382978723404255,2350,1.0,True,PT004,1.1329770563201687,False,False
2024-10-02,2024,10,F002,华南工厂,P002,产品B,PT002,部件A2,核心,95,PT002,PT001,2,79,57,50,0.0,False,0.03508771929824561,5415,1.0,True,PT001,0.8849356442713104,False,False
2024-10-02,2024,10,F002,华南工厂,P002,产品B,PT004,部件B2,普通,48,PT004,PT003,2,50,39,30,0.0,False,0.05128205128205128,1872,1.0,True,PT003,0.8849356442713104,False,False
2024-10-02,2024,10,F002,华南工厂,P003,产品C,PT001,部件A1,核心,100,PT001,PT002,3,66,57,50,0.0,False,0.05263157894736842,5700,1.0,True,PT002,0.8727299868828403,False,False
2024-10-02,2024,10,F002,华南工厂,P003,产品C,PT005,部件C1,核心,150,PT005,PT005,3,57,43,40,0.0,False,0.06976744186046512,6450,0.0,False,,0.8727299868828403,False,False
2024-10-03,2024,10,F001,华东工厂,P001,产品A,PT001,部件A1,核心,100,PT001,PT002,2,66,57,50,0.0,False,0.03508771929824561,5700,1.0,True,PT002,0.8733618039413735,False,False
2024-10-03,2024,10,F001,华东工厂,P001,产品A,PT003,部件B1,普通,50,PT003,PT004,2,54,45,30,0.0,False,0.044444444444444446,2250,1.0,True,PT004,0.8733618039413735,False,False
2024-10-03,2024,10,F001,华东工厂,P002,产品B,PT002,部件A2,核心,95,PT002,PT001,2,79,52,50,0.0,False,0.038461538461538464,4940,1.0,True,PT001,0.9216968971838151,False,False
2024-10-03,2024,10,F001,华东工厂,P002,产品B,PT004,部件B2,普通,48,PT004,PT003,2,50,37,30,0.0,False,0.05405405405405406,1776,1.0,True,PT003,0.9216968971838151,False,False
2024-10-03,2024,10,F001,华东工厂,P003,产品C,PT001,部件A1,核心,100,PT001,PT002,4,66,55,50,0.0,False,0.07272727272727272,5500,1.0,True,PT002,1.0099025726528952,False,False
2024-10-03,2024,10,F001,华东工厂,P003,产品C,PT005,部件C1,核心,150,PT005,PT005,4,57,80,40,0.0,False,0.05,12000,0.0,False,,1.0099025726528952,False,False
2024-10-03,2024,10,F002,华南工厂,P001,产品A,PT001,部件A1,核心,100,PT001,PT001,3,66,52,50,0.0,False,0.057692307692307696,5200,0.0,False,,0.9727780074568463,False,False
2024-10-03,2024,10,F002,华南工厂,P001,产品A,PT003,部件B1,普通,50,PT003,PT004,3,54,43,30,0.0,False,0.06976744186046512,2150,1.0,True,PT004,0.9727780074568463,False,False
2024-10-03,2024,10,F002,华南工厂,P002,产品B,PT002,部件A2,核心,95,PT002,PT001,2,79,100,50,0.0,False,0.02,9500,1.0,True,PT001,0.9164916560792168,False,False
2024-10-03,2024,10,F002,华南工厂,P002,产品B,PT004,部件B2,普通,48,PT004,PT003,2,50,34,30,0.0,False,0.058823529411764705,1632,1.0,True,PT003,0.9164916560792168,False,False
2024-10-03,2024,10,F002,华南工厂,P003,产品C,PT001,部件A1,核心,100,PT001,PT002,4,66,50,50,0.0,False,0.08,5000,1.0,True,PT002,1.0447411578889518,False,False
2024-10-03,2024,10,F002,华南工厂,P003,产品C,PT005,部件C1,核心,150,PT005,PT005,4,57,76,40,0.0,False,0.05263157894736842,11400,0.0,False,,1.0447411578889518,False,False
2024-10-04,2024,10,F001,华东工厂,P001,产品A,PT001,部件A1,核心,100,PT001,PT002,2,66,50,50,0.0,False,0.04,5000,1.0,True,PT002,0.8557975442608168,False,False
2024-10-04,2024,10,F001,华东工厂,P001,产品A,PT003,部件B1,普通,50,PT003,PT004,2,54,41,30,0.0,False,0.04878048780487805,2050,1.0,True,PT004,0.8557975442608168,False,False
2024-10-04,2024,10,F001,华东工厂,P002,产品B,PT002,部件A2,核心,95,PT002,PT002,2,79,92,50,0.0,False,0.021739130434782608,8740,0.0,False,,0.9168578594140873,False,False
2024-10-04,2024,10,F001,华东工厂,P002,产品B,PT004,部件B2,普通,48,PT004,PT003,2,50,32,30,0.0,False,0.0625,1536,1.0,True,PT003,0.9168578594140873,False,False
2024-10-04,2024,10,F001,华东工厂,P003,产品C,PT001,部件A1,核心,100,PT001,PT002,3,66,50,50,0.0,False,0.06,5000,1.0,True,PT002,0.9465447373174767,False,False
2024-10-04,2024,10,F001,华东工厂,P003,产品C,PT005,部件C1,核心,150,PT005,PT005,3,57,73,40,0.0,False,0.0410958904109589,10950,0.0,False,,0.9465447373174767,False,False
2024-10-04,2024,10,F002,华南工厂,P001,产品A,PT001,部件A1,核心,100,PT001,PT002,3,66,50,50,0.0,False,0.06,5000,1.0,True,PT002,0.9824279936868143,False,False
2024-10-04,2024,10,F002,华南工厂,P001,产品A,PT003,部件B1,普通,50,PT003,PT004,3,54,39,30,0.0,False,0.07692307692307693,1950,1.0,True,PT004,0.9824279936868143,False,False
2024-10-04,2024,10,F002,华南工厂,P002,产品B,PT002,部件A2,核心,95,PT002,PT002,2,79,84,50,0.0,False,0.023809523809523808,7980,0.0,False,,1.1140703845572055,False,False
2024-10-04,2024,10,F002,华南工厂,P002,产品B,PT004,部件B2,普通,48,PT004,PT003,2,50,60,30,0.0,False,0.03333333333333333,2880,1.0,True,PT003,1.1140703845572055,False,False
2024-10-04,2024,10,F002,华南工厂,P003,产品C,PT001,部件A1,核心,100,PT001,PT002,3,66,50,50,0.0,False,0.06,5000,1.0,True,PT002,0.8798695128633439,False,False
2024-10-04,2024,10,F002,华南工厂,P003,产品C,PT005,部件C1,核心,150,PT005,PT005,3,57,70,40,0.0,False,0.04285714285714286,10500,0.0,False,,0.8798695128633439,False,False
2024-10-05,2024,10,F001,华东工厂,P001,产品A,PT001,部件A1,核心,100,PT001,PT002,3,66,50,50,0.0,False,0.06,5000,1.0,True,PT002,1.0056937753654447,False,False
2024-10-05,2024,10,F001,华东工厂,P001,产品A,PT003,部件B1,普通,50,PT003,PT004,3,54,37,30,0.0,False,0.08108108108108109,1850,1.0,True,PT004,1.0056937753654447,False,False
2024-10-05,2024,10,F001,华东工厂,P002,产品B,PT002,部件A2,核心,95,PT002,PT002,2,79,76,50,0.0,False,0.02631578947368421,7220,0.0,False,,1.036965827544817,False,False
2024-10-05,2024,10,F001,华东工厂,P002,产品B,PT004,部件B2,普通,48,PT004,PT003,2,50,57,30,0.0,False,0.03508771929824561,2736,1.0,True,PT003,1.036965827544817,False,False
2024-10-05,2024,10,F001,华东工厂,P003,产品C,PT001,部件A1,核心,100,PT001,PT002,3,66,50,50,0.0,False,0.06,5000,1.0,True,PT002,0.8185801650879991,False,False
2024-10-05,2024,10,F001,华东工厂,P003,产品C,PT005,部件C1,核心,150,PT005,PT005,3,57,67,40,0.0,False,0.04477611940298507,10050,0.0,False,,0.8185801650879991,False,False
2024-10-05,2024,10,F002,华南工厂,P001,产品A,PT001,部件A1,核心,100,PT001,PT002,3,66,50,50,0.0,False,0.06,5000,1.0,True,PT002,1.0430179407605753,False,False
2024-10-05,2024,10,F002,华南工厂,P001,产品A,PT003,部件B1,普通,50,PT003,PT004,3,54,35,30,0.0,False,0.08571428571428572,1750,1.0,True,PT004,1.0430179407605753,False,False
2024-10-05,2024,10,F002,华南工厂,P002,产品B,PT002,部件A2,核心,95,PT002,PT002,2,79,68,50,0.0,False,0.029411764705882353,6460,0.0,False,,0.8682096494749166,False,False
2024-10-05,2024,10,F002,华南工厂,P002,产品B,PT004,部件B2,普通,48,PT004,PT003,2,50,54,30,0.0,False,0.037037037037037035,2592,1.0,True,PT003,0.8682096494749166,False,False
2024-10-05,2024,10,F002,华南工厂,P003,产品C,PT001,部件A1,核心,100,PT001,PT002,3,66,50,50,0.0,False,0.06,5000,1.0,True,PT002,0.8260206371941119,False,False
2024-10-05,2024,10,F002,华南工厂,P003,产品C,PT005,部件C1,核心,150,PT005,PT005,3,57,64,40,0.0,False,0.046875,9600,0.0,False,,0.8260206371941119,False,False
2024-10-06,2024,10,F001,华东工厂,P001,产品A,PT001,部件A1,核心,100,PT001,PT002,3,66,50,50,0.0,False,0.06,5000,1.0,True,PT002,1.1795542149013332,False,False
2024-10-06,2024,10,F001,华东工厂,P001,产品A,PT003,部件B1,普通,50,PT003,PT004,3,54,33,30,0.0,False,0.09090909090909091,1650,1.0,True,PT004,1.1795542149013332,False,False
2024-10-06,2024,10,F001,华东工厂,P002,产品B,PT002,部件A2,核心,95,PT002,PT002,3,79,59,50,0.0,False,0.05084745762711865,5605,0.0,False,,1.1862528132298236,False,False
2024-10-06,2024,10,F001,华东工厂,P002,产品B,PT004,部件B2,普通,48,PT004,PT003,3,50,51,30,0.0,False,0.058823529411764705,2448,1.0,True,PT003,1.1862528132298236,False,False
2024-10-06,2024,10,F001,华东工厂,P003,产品C,PT001,部件A1,核心,100,PT001,PT002,4,66,50,50,0.0,False,0.08,5000,1.0,True,PT002,1.1233589392465844,False,False
2024-10-06,2024,10,F001,华东工厂,P003,产品C,PT005,部件C1,核心,150,PT005,PT005,4,57,60,40,0.0,False,0.06666666666666667,9000,0.0,False,,1.1233589392465844,False,False
2024-10-06,2024,10,F002,华南工厂,P001,产品A,PT001,部件A1,核心,100,PT001,PT002,3,66,50,50,0.0,False,0.06,5000,1.0,True,PT002,0.9218455076693483,False,False
2024-10-06,2024,10,F002,华南工厂,P001,产品A,PT003,部件B1,普通,50,PT003,PT004,3,54,30,30,0.0,False,0.1,1500,1.0,True,PT004,0.9218455076693483,False,False
2024-10-06,2024,10,F002,华南工厂,P002,产品B,PT002,部件A2,核心,95,PT002,PT002,2,79,50,50,0.0,False,0.04,4750,0.0,False,,0.8390688456025536,False,False
2024-10-06,2024,10,F002,华南工厂,P002,产品B,PT004,部件B2,普通,48,PT004,PT004,2,50,46,30,0.0,False,0.043478260869565216,2208,0.0,False,,0.8390688456025536,False,False
2024-10-06,2024,10,F002,华南工厂,P003,产品C,PT001,部件A1,核心,100,PT001,PT001,4,66,100,50,0.0,False,0.04,10000,0.0,False,,1.0736932106048627,False,False
2024-10-06,2024,10,F002,华南工厂,P003,产品C,PT005,部件C1,核心,150,PT005,PT005,4,57,56,40,0.0,False,0.07142857142857142,8400,0.0,False,,1.0736932106048627,False,False
2024-10-07,2024,10,F001,华东工厂,P001,产品A,PT001,部件A1,核心,100,PT001,PT001,3,66,97,50,0.0,False,0.030927835051546393,9700,0.0,False,,0.9760609974958405,False,False
2024-10-07,2024,10,F001,华东工厂,P001,产品A,PT003,部件B1,普通,50,PT003,PT004,3,54,30,30,0.0,False,0.1,1500,1.0,True,PT004,0.9760609974958405,False,False
2024-10-07,2024,10,F001,华东工厂,P002,产品B,PT002,部件A2,核心,95,PT002,PT001,2,79,50,50,0.0,False,0.04,4750,1.0,True,PT001,0.8488152939379116,False,False
2024-10-07,2024,10,F001,华东工厂,P002,产品B,PT004,部件B2,普通,48,PT004,PT004,2,50,41,30,0.0,False,0.04878048780487805,1968,0.0,False,,0.8488152939379116,False,False
2024-10-07,2024,10,F001,华东工厂,P003,产品C,PT001,部件A1,核心,100,PT001,PT001,3,66,92,50,0.0,False,0.03260869565217391,9200,0.0,False,,0.9980707640445081,False,False
2024-10-07,2024,10,F001,华东工厂,P003,产品C,PT005,部件C1,核心,150,PT005,PT005,3,57,53,40,0.0,False,0.05660377358490566,7950,0.0,False,,0.9980707640445081,False,False
2024-10-07,2024,10,F002,华南工厂,P001,产品A,PT001,部件A1,核心,100,PT001,PT001,2,66,90,50,0.0,False,0.022222222222222223,9000,0.0,False,,0.8137554084460874,False,False
2024-10-07,2024,10,F002,华南工厂,P001,产品A,PT003,部件B1,普通,50,PT003,PT004,2,54,30,30,0.0,False,0.06666666666666667,1500,1.0,True,PT004,0.8137554084460874,False,False
2024-10-07,2024,10,F002,华南工厂,P002,产品B,PT002,部件A2,核心,95,PT002,PT001,3,79,50,50,0.0,False,0.06,4750,1.0,True,PT001,1.1637281608315129,False,False
2024-10-07,2024,10,F002,华南工厂,P002,产品B,PT004,部件B2,普通,48,PT004,PT004,3,50,36,30,0.0,False,0.08333333333333333,1728,0.0,False,,1.1637281608315129,False,False
2024-10-07,2024,10,F002,华南工厂,P003,产品C,PT001,部件A1,核心,100,PT001,PT001,3,66,84,50,0.0,False,0.03571428571428571,8400,0.0,False,,0.9035119926400068,False,False
2024-10-07,2024,10,F002,华南工厂,P003,产品C,PT005,部件C1,核心,150,PT005,PT005,3,57,50,40,0.0,False,0.06,7500,0.0,False,,0.9035119926400068,False,False
2024-10-08,2024,10,F001,华东工厂,P001,产品A,PT001,部件A1,核心,100,PT001,PT001,3,66,81,50,0.0,False,0.037037037037037035,8100,0.0,False,,1.0650089137415928,False,False
2024-10-08,2024,10,F001,华东工厂,P001,产品A,PT003,部件B1,普通,50,PT003,PT004,3,54,30,30,0.0,False,0.1,1500,1.0,True,PT004,1.0650089137415928,False,False
2024-10-08,2024,10,F001,华东工厂,P002,产品B,PT002,部件A2,核心,95,PT002,PT001,2,79,50,50,0.0,False,0.04,4750,1.0,True,PT001,0.9246844304357644,False,False
2024-10-08,2024,10,F001,华东工厂,P002,产品B,PT004,部件B2,普通,48,PT004,PT004,2,50,31,30,0.0,False,0.06451612903225806,1488,0.0,False,,0.9246844304357644,False,False
2024-10-08,2024,10,F001,华东工厂,P003,产品C,PT001,部件A1,核心,100,PT001,PT001,4,66,75,50,0.0,False,0.05333333333333334,7500,0.0,False,,1.0080272084711244,False,False
2024-10-08,2024,10,F001,华东工厂,P003,产品C,PT005,部件C1,核心,150,PT005,PT005,4,57,46,40,0.0,False,0.08695652173913043,6900,0.0,False,,1.0080272084711244,False,False
2024-10-08,2024,10,F002,华南工厂,P001,产品A,PT001,部件A1,核心,100,PT001,PT001,3,66,72,50,0.0,False,0.041666666666666664,7200,0.0,False,,1.0186841117373118,False,False
2024-10-08,2024,10,F002,华南工厂,P001,产品A,PT003,部件B1,普通,50,PT003,PT004,3,54,30,30,0.0,False,0.1,1500,1.0,True,PT004,1.0186841117373118,False,False
2024-10-08,2024,10,F002,华南工厂,P002,产品B,PT002,部件A2,核心,95,PT002,PT001,2,79,50,50,0.0,False,0.04,4750,1.0,True,PT001,0.8739417822102109,False,False
2024-10-08,2024,10,F002,华南工厂,P002,产品B,PT004,部件B2,普通,48,PT004,PT004,2,50,60,30,0.0,False,0.03333333333333333,2880,0.0,False,,0.8739417822102109,False,False
2024-10-08,2024,10,F002,华南工厂,P003,产品C,PT001,部件A1,核心,100,PT001,PT001,4,66,66,50,0.0,False,0.06060606060606061,6600,0.0,False,,1.1878338511058235,False,False
2024-10-08,2024,10,F002,华南工厂,P003,产品C,PT005,部件C1,核心,150,PT005,PT005,4,57,42,40,0.0,False,0.09523809523809523,6300,0.0,False,,1.1878338511058235,False,False
2024-10-09,2024,10,F001,华东工厂,P001,产品A,PT001,部件A1,核心,100,PT001,PT001,3,66,63,50,0.0,False,0.047619047619047616,6300,0.0,False,,1.1100531293444458,False,False
2024-10-09,2024,10,F001,华东工厂,P001,产品A,PT003,部件B1,普通,50,PT003,PT004,3,54,30,30,0.0,False,0.1,1500,1.0,True,PT004,1.1100531293444458,False,False
2024-10-09,2024,10,F001,华东工厂,P002,产品B,PT002,部件A2,核心,95,PT002,PT001,3,79,50,50,0.0,False,0.06,4750,1.0,True,PT001,1.1757995766256757,False,False
2024-10-09,2024,10,F001,华东工厂,P002,产品B,PT004,部件B2,普通,48,PT004,PT004,3,50,54,30,0.0,False,0.05555555555555555,2592,0.0,False,,1.1757995766256757,False,False
2024-10-09,2024,10,F001,华东工厂,P003,产品C,PT001,部件A1,核心,100,PT001,PT001,4,66,56,50,0.0,False,0.07142857142857142,5600,0.0,False,,1.1579309401710596,False,False
2024-10-09,2024,10,F001,华东工厂,P003,产品C,PT005,部件C1,核心,150,PT005,PT005,4,57,80,40,0.0,False,0.05,12000,0.0,False,,1.1579309401710596,False,False
2024-10-09,2024,10,F002,华南工厂,P001,产品A,PT001,部件A1,核心,100,PT001,PT001,3,66,53,50,0.0,False,0.05660377358490566,5300,0.0,False,,1.039159991524434,False,False
2024-10-09,2024,10,F002,华南工厂,P001,产品A,PT003,部件B1,普通,50,PT003,PT004,3,54,30,30,0.0,False,0.1,1500,1.0,True,PT004,1.039159991524434,False,False
2024-10-09,2024,10,F002,华南工厂,P002,产品B,PT002,部件A2,核心,95,PT002,PT001,3,79,50,50,0.0,False,0.06,4750,1.0,True,PT001,1.1687496940092468,False,False
2024-10-09,2024,10,F002,华南工厂,P002,产品B,PT004,部件B2,普通,48,PT004,PT004,3,50,48,30,0.0,False,0.0625,2304,0.0,False,,1.1687496940092468,False,False
2024-10-09,2024,10,F002,华南工厂,P003,产品C,PT001,部件A1,核心,100,PT001,PT001,3,66,100,50,0.0,False,0.03,10000,0.0,False,,0.8353970008207678,False,False
2024-10-09,2024,10,F002,华南工厂,P003,产品C,PT005,部件C1,核心,150,PT005,PT005,3,57,77,40,0.0,False,0.03896103896103896,11550,0.0,False,,0.8353970008207678,False,False
2024-10-10,2024,10,F001,华东工厂,P001,产品A,PT001,部件A1,核心,100,PT001,PT001,2,66,98,50,0.0,False,0.02040816326530612,9800,0.0,False,,0.8783931449676581,False,False
2024-10-10,2024,10,F001,华东工厂,P001,产品A,PT003,部件B1,普通,50,PT003,PT004,2,54,30,30,0.0,False,0.06666666666666667,1500,1.0,True,PT004,0.8783931449676581,False,False
2024-10-10,2024,10,F001,华东工厂,P002,产品B,PT002,部件A2,核心,95,PT002,PT001,2,79,50,50,0.0,False,0.04,4750,1.0,True,PT001,0.8180909155642153,False,False
2024-10-10,2024,10,F001,华东工厂,P002,产品B,PT004,部件B2,普通,48,PT004,PT004,2,50,44,30,0.0,False,0.045454545454545456,2112,0.0,False,,0.8180909155642153,False,False
2024-10-10,2024,10,F001,华东工厂,P003,产品C,PT001,部件A1,核心,100,PT001,PT001,3,66,93,50,0.0,False,0.03225806451612903,9300,0.0,False,,0.9301321323053058,False,False
2024-10-10,2024,10,F001,华东工厂,P003,产品C,PT005,部件C1,核心,150,PT005,PT005,3,57,74,40,0.0,False,0.04054054054054054,11100,0.0,False,,0.9301321323053058,False,False
2024-10-10,2024,10,F002,华南工厂,P001,产品A,PT001,部件A1,核心,100,PT001,PT001,3,66,90,50,0.0,False,0.03333333333333333,9000,0.0,False,,0.9554709158757928,False,False
2024-10-10,2024,10,F002,华南工厂,P001,产品A,PT003,部件B1,普通,50,PT003,PT004,3,54,30,30,0.0,False,0.1,1500,1.0,True,PT004,0.9554709158757928,False,False
2024-10-10,2024,10,F002,华南工厂,P002,产品B,PT002,部件A2,核心,95,PT002,PT001,2,79,50,50,0.0,False,0.04,4750,1.0,True,PT001,0.9085396127095584,False,False
2024-10-10,2024,10,F002,华南工厂,P002,产品B,PT004,部件B2,普通,48,PT004,PT004,2,50,39,30,0.0,False,0.05128205128205128,1872,0.0,False,,0.9085396127095584,False,False
2024-10-10,2024,10,F002,华南工厂,P003,产品C,PT001,部件A1,核心,100,PT001,PT001,4,66,84,50,0.0,False,0.047619047619047616,8400,0.0,False,,1.1314950036607718,False,False
2024-10-10,2024,10,F002,华南工厂,P003,产品C,PT005,部件C1,核心,150,PT005,PT005,4,57,70,40,0.0,False,0.05714285714285714,10500,0.0,False,,1.1314950036607718,False,False
2024-10-11,2024,10,F001,华东工厂,P001,产品A,PT001,部件A1,核心,100,PT001,PT001,3,66,81,50,0.0,False,0.037037037037037035,8100,0.0,False,,0.9427013306774357,False,False
2024-10-11,2024,10,F001,华东工厂,P001,产品A,PT003,部件B1,普通,50,PT003,PT004,3,54,30,30,0.0,False,0.1,1500,1.0,True,PT004,0.9427013306774357,False,False
2024-10-11,2024,10,F001,华东工厂,P002,产品B,PT002,部件A2,核心,95,PT002,PT001,2,79,50,50,0.0,False,0.04,4750,1.0,True,PT001,0.9123738038749524,False,False
2024-10-11,2024,10,F001,华东工厂,P002,产品B,PT004,部件B2,普通,48,PT004,PT004,2,50,34,30,0.0,False,0.058823529411764705,1632,0.0,False,,0.9123738038749524,False,False
2024-10-11,2024,10,F001,华东工厂,P003,产品C,PT001,部件A1,核心,100,PT001,PT001,4,66,75,50,0.0,False,0.05333333333333334,7500,0.0,False,,1.0170784332632994,False,False
2024-10-11,2024,10,F001,华东工厂,P003,产品C,PT005,部件C1,核心,150,PT005,PT005,4,57,66,40,0.0,False,0.06060606060606061,9900,0.0,False,,1.0170784332632994,False,False
2024-10-11,2024,10,F002,华南工厂,P001,产品A,PT001,部件A1,核心,100,PT001,PT001,2,66,73,50,0.0,False,0.0273972602739726,7300,0.0,False,,0.8563696899899051,False,False
2024-10-11,2024,10,F002,华南工厂,P001,产品A,PT003,部件B1,普通,50,PT003,PT004,2,54,30,30,0.0,False,0.06666666666666667,1500,1.0,True,PT004,0.8563696899899051,False,False
2024-10-11,2024,10,F002,华南工厂,P002,产品B,PT002,部件A2,核心,95,PT002,PT001,2,79,50,50,0.0,False,0.04,4750,1.0,True,PT001,1.120878792301616,False,False
2024-10-11,2024,10,F002,华南工厂,P002,产品B,PT004,部件B2,普通,48,PT004,PT004,2,50,30,30,0.0,False,0.06666666666666667,1440,0.0,False,,1.120878792301616,False,False
2024-10-11,2024,10,F002,华南工厂,P003,产品C,PT001,部件A1,核心,100,PT001,PT001,3,66,68,50,0.0,False,0.04411764705882353,6800,0.0,False,,0.8298202574719084,False,False
2024-10-11,2024,10,F002,华南工厂,P003,产品C,PT005,部件C1,核心,150,PT005,PT005,3,57,63,40,0.0,False,0.047619047619047616,9450,0.0,False,,0.8298202574719084,False,False
2024-10-12,2024,10,F001,华东工厂,P001,产品A,PT001,部件A1,核心,100,PT001,PT001,3,66,65,50,0.0,False,0.046153846153846156,6500,0.0,False,,1.1947547746402067,False,False
2024-10-12,2024,10,F001,华东工厂,P001,产品A,PT003,部件B1,普通,50,PT003,PT003,3,54,60,30,0.0,False,0.05,3000,0.0,False,,1.1947547746402067,False,False
2024-10-12,2024,10,F001,华东工厂,P002,产品B,PT002,部件A2,核心,95,PT002,PT001,2,79,50,50,0.0,False,0.04,4750,1.0,True,PT001,1.108897907718663,False,False
2024-10-12,2024,10,F001,华东工厂,P002,产品B,PT004,部件B2,普通,48,PT004,PT003,2,50,30,30,0.0,False,0.06666666666666667,1440,1.0,True,PT003,1.108897907718663,False,False
2024-10-12,2024,10,F001,华东工厂,P003,产品C,PT001,部件A1,核心,100,PT001,PT001,3,66,60,50,0.0,False,0.05,6000,0.0,False,,0.879486272613669,False,False
2024-10-12,2024,10,F001,华东工厂,P003,产品C,PT005,部件C1,核心,150,PT005,PT005,3,57,60,40,0.0,False,0.05,9000,0.0,False,,0.879486272613669,False,False
2024-10-12,2024,10,F002,华南工厂,P001,产品A,PT001,部件A1,核心,100,PT001,PT001,2,66,58,50,0.0,False,0.034482758620689655,5800,0.0,False,,0.802208846849441,False,False
2024-10-12,2024,10,F002,华南工厂,P001,产品A,PT003,部件B1,普通,50,PT003,PT003,2,54,56,30,0.0,False,0.03571428571428571,2800,0.0,False,,0.802208846849441,False,False
2024-10-12,2024,10,F002,华南工厂,P002,产品B,PT002,部件A2,核心,95,PT002,PT001,3,79,50,50,0.0,False,0.06,4750,1.0,True,PT001,1.1261845713819336,False,False
2024-10-12,2024,10,F002,华南工厂,P002,产品B,PT004,部件B2,普通,48,PT004,PT003,3,50,30,30,0.0,False,0.1,1440,1.0,True,PT003,1.1261845713819336,False,False
2024-10-12,2024,10,F002,华南工厂,P003,产品C,PT001,部件A1,核心,100,PT001,PT001,4,66,51,50,0.0,False,0.0784313725490196,5100,0.0,False,,1.082742937539047,False,False
2024-10-12,2024,10,F002,华南工厂,P003,产品C,PT005,部件C1,核心,150,PT005,PT005,4,57,56,40,0.0,False,0.07142857142857142,8400,0.0,False,,1.082742937539047,False,False
2024-10-13,2024,10,F001,华东工厂,P001,产品A,PT001,部件A1,核心,100,PT001,PT001,3,66,100,50,0.0,False,0.03,10000,0.0,False,,1.0916028672163949,False,False
2024-10-13,2024,10,F001,华东工厂,P001,产品A,PT003,部件B1,普通,50,PT003,PT003,3,54,50,30,0.0,False,0.06,2500,0.0,False,,1.0916028672163949,False,False
2024-10-13,2024,10,F001,华东工厂,P002,产品B,PT002,部件A2,核心,95,PT002,PT001,2,79,50,50,0.0,False,0.04,4750,1.0,True,PT001,1.1085081386743783,False,False
2024-10-13,2024,10,F001,华东工厂,P002,产品B,PT004,部件B2,普通,48,PT004,PT003,2,50,30,30,0.0,False,0.06666666666666667,1440,1.0,True,PT003,1.1085081386743783,False,False
2024-10-13,2024,10,F001,华东工厂,P003,产品C,PT001,部件A1,核心,100,PT001,PT001,3,66,95,50,0.0,False,0.031578947368421054,9500,0.0,False,,0.8296178606936362,False,False
2024-10-13,2024,10,F001,华东工厂,P003,产品C,PT005,部件C1,核心,150,PT005,PT005,3,57,53,40,0.0,False,0.05660377358490566,7950,0.0,False,,0.8296178606936362,False,False
2024-10-13,2024,10,F002,华南工厂,P001,产品A,PT001,部件A1,核心,100,PT001,PT001,3,66,92,50,0.0,False,0.03260869565217391,9200,0.0,False,,0.943386291417709,False,False
2024-10-13,2024,10,F002,华南工厂,P001,产品A,PT003,部件B1,普通,50,PT003,PT003,3,54,45,30,0.0,False,0.06666666666666667,2250,0.0,False,,0.943386291417709,False,False
2024-10-13,2024,10,F002,华南工厂,P002,产品B,PT002,部件A2,核心,95,PT002,PT001,2,79,50,50,0.0,False,0.04,4750,1.0,True,PT001,0.8463476238100519,False,False
2024-10-13,2024,10,F002,华南工厂,P002,产品B,PT004,部件B2,普通,48,PT004,PT003,2,50,30,30,0.0,False,0.06666666666666667,1440,1.0,True,PT003,0.8463476238100519,False,False
2024-10-13,2024,10,F002,华南工厂,P003,产品C,PT001,部件A1,核心,100,PT001,PT001,4,66,86,50,0.0,False,0.046511627906976744,8600,0.0,False,,1.1452413703502373,False,False
2024-10-13,2024,10,F002,华南工厂,P003,产品C,PT005,部件C1,核心,150,PT005,PT005,4,57,49,40,0.0,False,0.08163265306122448,7350,0.0,False,,1.1452413703502373,False,False
2024-10-14,2024,10,F001,华东工厂,P001,产品A,PT001,部件A1,核心,100,PT001,PT001,3,66,83,50,0.0,False,0.03614457831325301,8300,0.0,False,,1.0493192507310232,False,False
2024-10-14,2024,10,F001,华东工厂,P001,产品A,PT003,部件B1,普通,50,PT003,PT003,3,54,40,30,0.0,False,0.075,2000,0.0,False,,1.0493192507310232,False,False
2024-10-14,2024,10,F001,华东工厂,P002,产品B,PT002,部件A2,核心,95,PT002,PT001,2,79,50,50,0.0,False,0.04,4750,1.0,True,PT001,0.9323592099410597,False,False
2024-10-14,2024,10,F001,华东工厂,P002,产品B,PT004,部件B2,普通,48,PT004,PT003,2,50,30,30,0.0,False,0.06666666666666667,1440,1.0,True,PT003,0.9323592099410597,False,False
2024-10-14,2024,10,F001,华东工厂,P003,产品C,PT001,部件A1,核心,100,PT001,PT001,3,66,78,50,0.0,False,0.038461538461538464,7800,0.0,False,,0.8254233401144095,False,False
2024-10-14,2024,10,F001,华东工厂,P003,产品C,PT005,部件C1,核心,150,PT005,PT005,3,57,46,40,0.0,False,0.06521739130434782,6900,0.0,False,,0.8254233401144095,False,False
2024-10-14,2024,10,F002,华南工厂,P001,产品A,PT001,部件A1,核心,100,PT001,PT001,3,66,75,50,0.0,False,0.04,7500,0.0,False,,0.9243929286862649,False,False
2024-10-14,2024,10,F002,华南工厂,P001,产品A,PT003,部件B1,普通,50,PT003,PT003,3,54,35,30,0.0,False,0.08571428571428572,1750,0.0,False,,0.9243929286862649,False,False
2024-10-14,2024,10,F002,华南工厂,P002,产品B,PT002,部件A2,核心,95,PT002,PT001,2,79,50,50,0.0,False,0.04,4750,1.0,True,PT001,0.9300733288106988,False,False
2024-10-14,2024,10,F002,华南工厂,P002,产品B,PT004,部件B2,普通,48,PT004,PT003,2,50,30,30,0.0,False,0.06666666666666667,1440,1.0,True,PT003,0.9300733288106988,False,False
2024-10-14,2024,10,F002,华南工厂,P003,产品C,PT001,部件A1,核心,100,PT001,PT001,4,66,69,50,0.0,False,0.057971014492753624,6900,0.0,False,,1.0918424713352257,False,False
2024-10-14,2024,10,F002,华南工厂,P003,产品C,PT005,部件C1,核心,150,PT005,PT005,4,57,42,40,0.0,False,0.09523809523809523,6300,0.0,False,,1.0918424713352257,False,False
2024-10-15,2024,10,F001,华东工厂,P001,产品A,PT001,部件A1,核心,100,PT001,PT001,3,66,66,50,0.0,False,0.045454545454545456,6600,0.0,False,,1.0550229885420852,False,False
2024-10-15,2024,10,F001,华东工厂,P001,产品A,PT003,部件B1,普通,50,PT003,PT003,3,54,30,30,0.0,False,0.1,1500,0.0,False,,1.0550229885420852,False,False
2024-10-15,2024,10,F001,华东工厂,P002,产品B,PT002,部件A2,核心,95,PT002,PT001,3,79,50,50,0.0,False,0.06,4750,1.0,True,PT001,1.1548850970305307,False,False
2024-10-15,2024,10,F001,华东工厂,P002,产品B,PT004,部件B2,普通,48,PT004,PT004,3,50,60,30,0.0,False,0.05,2880,0.0,False,,1.1548850970305307,False,False
2024-10-15,2024,10,F001,华东工厂,P003,产品C,PT001,部件A1,核心,100,PT001,PT001,3,66,60,50,0.0,False,0.05,6000,0.0,False,,0.9888859700647797,False,False
2024-10-15,2024,10,F001,华东工厂,P003,产品C,PT005,部件C1,核心,150,PT005,PT005,3,57,80,40,0.0,False,0.0375,12000,0.0,False,,0.9888859700647797,False,False
2024-10-15,2024,10,F002,华南工厂,P001,产品A,PT001,部件A1,核心,100,PT001,PT001,2,66,58,50,0.0,False,0.034482758620689655,5800,0.0,False,,0.8478376983753207,False,False
2024-10-15,2024,10,F002,华南工厂,P001,产品A,PT003,部件B1,普通,50,PT003,PT004,2,54,30,30,0.0,False,0.06666666666666667,1500,1.0,True,PT004,0.8478376983753207,False,False
2024-10-15,2024,10,F002,华南工厂,P002,产品B,PT002,部件A2,核心,95,PT002,PT001,2,79,50,50,0.0,False,0.04,4750,1.0,True,PT001,1.085297914889198,False,False
2024-10-15,2024,10,F002,华南工厂,P002,产品B,PT004,部件B2,普通,48,PT004,PT004,2,50,56,30,0.0,False,0.03571428571428571,2688,0.0,False,,1.085297914889198,False,False
2024-10-15,2024,10,F002,华南工厂,P003,产品C,PT001,部件A1,核心,100,PT001,PT001,4,66,52,50,0.0,False,0.07692307692307693,5200,0.0,False,,1.1043140194467589,False,False
2024-10-15,2024,10,F002,华南工厂,P003,产品C,PT005,部件C1,核心,150,PT005,PT005,4,57,76,40,0.0,False,0.05263157894736842,11400,0.0,False,,1.1043140194467589,False,False
2024-10-16,2024,10,F001,华东工厂,P001,产品A,PT001,部件A1,核心,100,PT001,PT001,3,66,100,50,0.0,False,0.03,10000,0.0,False,,1.0245108790277986,False,False
2024-10-16,2024,10,F001,华东工厂,P001,产品A,PT003,部件B1,普通,50,PT003,PT004,3,54,30,30,0.0,False,0.1,1500,1.0,True,PT004,1.0245108790277986,False,False
2024-10-16,2024,10,F001,华东工厂,P002,产品B,PT002,部件A2,核心,95,PT002,PT001,2,79,50,50,0.0,False,0.04,4750,1.0,True,PT001,1.1083868719818244,False,False
2024-10-16,2024,10,F001,华东工厂,P002,产品B,PT004,部件B2,普通,48,PT004,PT004,2,50,51,30,0.0,False,0.0392156862745098,2448,0.0,False,,1.1083868719818244,False,False
2024-10-16,2024,10,F001,华东工厂,P003,产品C,PT001,部件A1,核心,100,PT001,PT001,3,66,95,50,0.0,False,0.031578947368421054,9500,0.0,False,,0.9975182385457563,False,False
2024-10-16,2024,10,F001,华东工厂,P003,产品C,PT005,部件C1,核心,150,PT005,PT005,3,57,73,40,0.0,False,0.0410958904109589,10950,0.0,False,,0.9975182385457563,False,False
2024-10-16,2024,10,F002,华南工厂,P001,产品A,PT001,部件A1,核心,100,PT001,PT001,3,66,92,50,0.0,False,0.03260869565217391,9200,0.0,False,,1.0090931317527976,False,False
2024-10-16,2024,10,F002,华南工厂,P001,产品A,PT003,部件B1,普通,50,PT003,PT004,3,54,30,30,0.0,False,0.1,1500,1.0,True,PT004,1.0090931317527976,False,False
2024-10-16,2024,10,F002,华南工厂,P002,产品B,PT002,部件A2,核心,95,PT002,PT001,2,79,50,50,0.0,False,0.04,4750,1.0,True,PT001,0.9710164073434199,False,False
2024-10-16,2024,10,F002,华南工厂,P002,产品B,PT004,部件B2,普通,48,PT004,PT004,2,50,46,30,0.0,False,0.043478260869565216,2208,0.0,False,,0.9710164073434199,False,False
2024-10-16,2024,10,F002,华南工厂,P003,产品C,PT001,部件A1,核心,100,PT001,PT001,3,66,87,50,0.0,False,0.034482758620689655,8700,0.0,False,,0.8101676506976381,False,False
2024-10-16,2024,10,F002,华南工厂,P003,产品C,PT005,部件C1,核心,150,PT005,PT005,3,57,70,40,0.0,False,0.04285714285714286,10500,0.0,False,,0.8101676506976381,False,False
2024-10-17,2024,10,F001,华东工厂,P001,产品A,PT001,部件A1,核心,100,PT001,PT001,2,66,85,50,0.0,False,0.023529411764705882,8500,0.0,False,,0.8431565707973219,False,False
2024-10-17,2024,10,F001,华东工厂,P001,产品A,PT003,部件B1,普通,50,PT003,PT004,2,54,30,30,0.0,False,0.06666666666666667,1500,1.0,True,PT004,0.8431565707973219,False,False
2024-10-17,2024,10,F001,华东工厂,P002,产品B,PT002,部件A2,核心,95,PT002,PT001,2,79,50,50,0.0,False,0.04,4750,1.0,True,PT001,0.8125716742746938,False,False
2024-10-17,2024,10,F001,华东工厂,P002,产品B,PT004,部件B2,普通,48,PT004,PT004,2,50,42,30,0.0,False,0.047619047619047616,2016,0.0,False,,0.8125716742746938,False,False
2024-10-17,2024,10,F001,华东工厂,P003,产品C,PT001,部件A1,核心,100,PT001,PT001,4,66,79,50,0.0,False,0.05063291139240506,7900,0.0,False,,1.0545641645055122,False,False
2024-10-17,2024,10,F001,华东工厂,P003,产品C,PT005,部件C1,核心,150,PT005,PT005,4,57,66,40,0.0,False,0.06060606060606061,9900,0.0,False,,1.0545641645055122,False,False
2024-10-17,2024,10,F002,华南工厂,P001,产品A,PT001,部件A1,核心,100,PT001,PT001,3,66,76,50,0.0,False,0.039473684210526314,7600,0.0,False,,0.9257423924305307,False,False
2024-10-17,2024,10,F002,华南工厂,P001,产品A,PT003,部件B1,普通,50,PT003,PT004,3,54,30,30,0.0,False,0.1,1500,1.0,True,PT004,0.9257423924305307,False,False
2024-10-17,2024,10,F002,华南工厂,P002,产品B,PT002,部件A2,核心,95,PT002,PT001,2,79,50,50,0.0,False,0.04,4750,1.0,True,PT001,1.003428276465881,False,False
2024-10-17,2024,10,F002,华南工厂,P002,产品B,PT004,部件B2,普通,48,PT004,PT004,2,50,37,30,0.0,False,0.05405405405405406,1776,0.0,False,,1.003428276465881,False,False
2024-10-17,2024,10,F002,华南工厂,P003,产品C,PT001,部件A1,核心,100,PT001,PT001,4,66,70,50,0.0,False,0.05714285714285714,7000,0.0,False,,1.1630265895704373,False,False
2024-10-17,2024,10,F002,华南工厂,P003,产品C,PT005,部件C1,核心,150,PT005,PT005,4,57,62,40,0.0,False,0.06451612903225806,9300,0.0,False,,1.1630265895704373,False,False
2024-10-18,2024,10,F001,华东工厂,P001,产品A,PT001,部件A1,核心,100,PT001,PT001,2,66,68,50,0.0,False,0.029411764705882353,6800,0.0,False,,0.89971689165955,False,False
2024-10-18,2024,10,F001,华东工厂,P001,产品A,PT003,部件B1,普通,50,PT003,PT004,2,54,30,30,0.0,False,0.06666666666666667,1500,1.0,True,PT004,0.89971689165955,False,False
2024-10-18,2024,10,F001,华东工厂,P002,产品B,PT002,部件A2,核心,95,PT002,PT001,2,79,50,50,0.0,False,0.04,4750,1.0,True,PT001,0.9641531692142519,False,False
2024-10-18,2024,10,F001,华东工厂,P002,产品B,PT004,部件B2,普通,48,PT004,PT004,2,50,33,30,0.0,False,0.06060606060606061,1584,0.0,False,,0.9641531692142519,False,False
2024-10-18,2024,10,F001,华东工厂,P003,产品C,PT001,部件A1,核心,100,PT001,PT001,4,66,62,50,0.0,False,0.06451612903225806,6200,0.0,False,,1.1022204554172195,False,False
2024-10-18,2024,10,F001,华东工厂,P003,产品C,PT005,部件C1,核心,150,PT005,PT005,4,57,58,40,0.0,False,0.06896551724137931,8700,0.0,False,,1.1022204554172195,False,False
2024-10-18,2024,10,F002,华南工厂,P001,产品A,PT001,部件A1,核心,100,PT001,PT001,2,66,60,50,0.0,False,0.03333333333333333,6000,0.0,False,,0.891519266196649,False,False
2024-10-18,2024,10,F002,华南工厂,P001,产品A,PT003,部件B1,普通,50,PT003,PT004,2,54,30,30,0.0,False,0.06666666666666667,1500,1.0,True,PT004,0.891519266196649,False,False
2024-10-18,2024,10,F002,华南工厂,P002,产品B,PT002,部件A2,核心,95,PT002,PT001,2,79,50,50,0.0,False,0.04,4750,1.0,True,PT001,0.8307919639315172,False,False
2024-10-18,2024,10,F002,华南工厂,P002,产品B,PT004,部件B2,普通,48,PT004,PT004,2,50,60,30,0.0,False,0.03333333333333333,2880,0.0,False,,0.8307919639315172,False,False
2024-10-18,2024,10,F002,华南工厂,P003,产品C,PT001,部件A1,核心,100,PT001,PT001,3,66,55,50,0.0,False,0.05454545454545454,5500,0.0,False,,0.9159005811655072,False,False
2024-10-18,2024,10,F002,华南工厂,P003,产品C,PT005,部件C1,核心,150,PT005,PT005,3,57,55,40,0.0,False,0.05454545454545454,8250,0.0,False,,0.9159005811655072,False,False
2024-10-19,2024,10,F001,华东工厂,P001,产品A,PT001,部件A1,核心,100,PT001,PT001,2,66,53,50,0.0,False,0.03773584905660377,5300,0.0,False,,0.8644885149016018,False,False
2024-10-19,2024,10,F001,华东工厂,P001,产品A,PT003,部件B1,普通,50,PT003,PT004,2,54,30,30,0.0,False,0.06666666666666667,1500,1.0,True,PT004,0.8644885149016018,False,False
2024-10-19,2024,10,F001,华东工厂,P002,产品B,PT002,部件A2,核心,95,PT002,PT001,3,79,50,50,0.0,False,0.06,4750,1.0,True,PT001,1.1718790609370293,False,False
2024-10-19,2024,10,F001,华东工厂,P002,产品B,PT004,部件B2,普通,48,PT004,PT004,3,50,55,30,0.0,False,0.05454545454545454,2640,0.0,False,,1.1718790609370293,False,False
2024-10-19,2024,10,F001,华东工厂,P003,产品C,PT001,部件A1,核心,100,PT001,PT001,4,66,100,50,0.0,False,0.04,10000,0.0,False,,1.1232481518257669,False,False
2024-10-19,2024,10,F001,华东工厂,P003,产品C,PT005,部件C1,核心,150,PT005,PT005,4,57,51,40,0.0,False,0.0784313725490196,7650,0.0,False,,1.1232481518257669,False,False
2024-10-19,2024,10,F002,华南工厂,P001,产品A,PT001,部件A1,核心,100,PT001,PT001,3,66,97,50,0.0,False,0.030927835051546393,9700,0.0,False,,1.0533615026041694,False,False
2024-10-19,2024,10,F002,华南工厂,P001,产品A,PT003,部件B1,普通,50,PT003,PT004,3,54,30,30,0.0,False,0.1,1500,1.0,True,PT004,1.0533615026041694,False,False
2024-10-19,2024,10,F002,华南工厂,P002,产品B,PT002,部件A2,核心,95,PT002,PT001,3,79,50,50,0.0,False,0.06,4750,1.0,True,PT001,1.148584236075087,False,False
2024-10-19,2024,10,F002,华南工厂,P002,产品B,PT004,部件B2,普通,48,PT004,PT004,3,50,49,30,0.0,False,0.061224489795918366,2352,0.0,False,,1.148584236075087,False,False
2024-10-19,2024,10,F002,华南工厂,P003,产品C,PT001,部件A1,核心,100,PT001,PT001,4,66,90,50,0.0,False,0.044444444444444446,9000,0.0,False,,1.1214688307596457,False,False
2024-10-19,2024,10,F002,华南工厂,P003,产品C,PT005,部件C1,核心,150,PT005,PT005,4,57,47,40,0.0,False,0.0851063829787234,7050,0.0,False,,1.1214688307596457,False,False
2024-10-20,2024,10,F001,华东工厂,P001,产品A,PT001,部件A1,核心,100,PT001,PT001,2,66,88,50,0.0,False,0.022727272727272728,8800,0.0,False,,0.8746280235544144,False,False
2024-10-20,2024,10,F001,华东工厂,P001,产品A,PT003,部件B1,普通,50,PT003,PT004,2,54,30,30,0.0,False,0.06666666666666667,1500,1.0,True,PT004,0.8746280235544144,False,False
2024-10-20,2024,10,F001,华东工厂,P002,产品B,PT002,部件A2,核心,95,PT002,PT001,3,79,50,50,0.0,False,0.06,4750,1.0,True,PT001,1.1570235993959912,False,False
2024-10-20,2024,10,F001,华东工厂,P002,产品B,PT004,部件B2,普通,48,PT004,PT004,3,50,44,30,0.0,False,0.06818181818181818,2112,0.0,False,,1.1570235993959912,False,False
2024-10-20,2024,10,F001,华东工厂,P003,产品C,PT001,部件A1,核心,100,PT001,PT001,4,66,81,50,0.0,False,0.04938271604938271,8100,0.0,False,,1.0157368967662603,False,False
2024-10-20,2024,10,F001,华东工厂,P003,产品C,PT005,部件C1,核心,150,PT005,PT005,4,57,43,40,0.0,False,0.09302325581395349,6450,0.0,False,,1.0157368967662603,False,False
2024-10-20,2024,10,F002,华南工厂,P001,产品A,PT001,部件A1,核心,100,PT001,PT001,3,66,78,50,0.0,False,0.038461538461538464,7800,0.0,False,,1.122976062065625,False,False
2024-10-20,2024,10,F002,华南工厂,P001,产品A,PT003,部件B1,普通,50,PT003,PT004,3,54,30,30,0.0,False,0.1,1500,1.0,True,PT004,1.122976062065625,False,False
2024-10-20,2024,10,F002,华南工厂,P002,产品B,PT002,部件A2,核心,95,PT002,PT001,3,79,50,50,0.0,False,0.06,4750,1.0,True,PT001,1.1584365199693973,False,False
2024-10-20,2024,10,F002,华南工厂,P002,产品B,PT004,部件B2,普通,48,PT004,PT004,3,50,38,30,0.0,False,0.07894736842105263,1824,0.0,False,,1.1584365199693973,False,False
2024-10-20,2024,10,F002,华南工厂,P003,产品C,PT001,部件A1,核心,100,PT001,PT001,3,66,72,50,0.0,False,0.041666666666666664,7200,0.0,False,,0.9272013899887456,False,False
2024-10-20,2024,10,F002,华南工厂,P003,产品C,PT005,部件C1,核心,150,PT005,PT005,3,57,40,40,0.0,False,0.075,6000,0.0,False,,0.9272013899887456,False,False
2024-10-21,2024,10,F001,华东工厂,P001,产品A,PT001,部件A1,核心,100,PT001,PT001,2,66,70,50,0.0,False,0.02857142857142857,7000,0.0,False,,0.8440207698110708,False,False
2024-10-21,2024,10,F001,华东工厂,P001,产品A,PT003,部件B1,普通,50,PT003,PT004,2,54,30,30,0.0,False,0.06666666666666667,1500,1.0,True,PT004,0.8440207698110708,False,False
2024-10-21,2024,10,F001,华东工厂,P002,产品B,PT002,部件A2,核心,95,PT002,PT001,2,79,50,50,0.0,False,0.04,4750,1.0,True,PT001,0.8911740650167767,False,False
2024-10-21,2024,10,F001,华东工厂,P002,产品B,PT004,部件B2,普通,48,PT004,PT004,2,50,34,30,0.0,False,0.058823529411764705,1632,0.0,False,,0.8911740650167767,False,False
2024-10-21,2024,10,F001,华东工厂,P003,产品C,PT001,部件A1,核心,100,PT001,PT001,3,66,65,50,0.0,False,0.046153846153846156,6500,0.0,False,,0.9708431154505025,False,False
2024-10-21,2024,10,F001,华东工厂,P003,产品C,PT005,部件C1,核心,150,PT005,PT005,3,57,80,40,0.0,False,0.0375,12000,0.0,False,,0.9708431154505025,False,False
2024-10-21,2024,10,F002,华南工厂,P001,产品A,PT001,部件A1,核心,100,PT001,PT001,3,66,62,50,0.0,False,0.04838709677419355,6200,0.0,False,,1.1272059063689972,False,False
2024-10-21,2024,10,F002,华南工厂,P001,产品A,PT003,部件B1,普通,50,PT003,PT004,3,54,30,30,0.0,False,0.1,1500,1.0,True,PT004,1.1272059063689972,False,False
2024-10-21,2024,10,F002,华南工厂,P002,产品B,PT002,部件A2,核心,95,PT002,PT001,3,79,50,50,0.0,False,0.06,4750,1.0,True,PT001,1.1442922333025374,False,False
2024-10-21,2024,10,F002,华南工厂,P002,产品B,PT004,部件B2,普通,48,PT004,PT004,3,50,60,30,0.0,False,0.05,2880,0.0,False,,1.1442922333025374,False,False
2024-10-21,2024,10,F002,华南工厂,P003,产品C,PT001,部件A1,核心,100,PT001,PT001,3,66,56,50,0.0,False,0.05357142857142857,5600,0.0,False,,0.8027808522124763,False,False
2024-10-21,2024,10,F002,华南工厂,P003,产品C,PT005,部件C1,核心,150,PT005,PT005,3,57,77,40,0.0,False,0.03896103896103896,11550,0.0,False,,0.8027808522124763,False,False
2024-10-22,2024,10,F001,华东工厂,P001,产品A,PT001,部件A1,核心,100,PT001,PT001,3,66,53,50,0.0,False,0.05660377358490566,5300,0.0,False,,1.0042989210310262,False,False
2024-10-22,2024,10,F001,华东工厂,P001,产品A,PT003,部件B1,普通,50,PT003,PT004,3,54,30,30,0.0,False,0.1,1500,1.0,True,PT004,1.0042989210310262,False,False
2024-10-22,2024,10,F001,华东工厂,P002,产品B,PT002,部件A2,核心,95,PT002,PT001,2,79,50,50,0.0,False,0.04,4750,1.0,True,PT001,0.9669644012595116,False,False
2024-10-22,2024,10,F001,华东工厂,P002,产品B,PT004,部件B2,普通,48,PT004,PT004,2,50,55,30,0.0,False,0.03636363636363636,2640,0.0,False,,0.9669644012595116,False,False
2024-10-22,2024,10,F001,华东工厂,P003,产品C,PT001,部件A1,核心,100,PT001,PT001,3,66,100,50,0.0,False,0.03,10000,0.0,False,,0.8888431241882921,False,False
2024-10-22,2024,10,F001,华东工厂,P003,产品C,PT005,部件C1,核心,150,PT005,PT005,3,57,74,40,0.0,False,0.04054054054054054,11100,0.0,False,,0.8888431241882921,False,False
2024-10-22,2024,10,F002,华南工厂,P001,产品A,PT001,部件A1,核心,100,PT001,PT001,2,66,98,50,0.0,False,0.02040816326530612,9800,0.0,False,,0.8479461469334731,False,False
2024-10-22,2024,10,F002,华南工厂,P001,产品A,PT003,部件B1,普通,50,PT003,PT004,2,54,30,30,0.0,False,0.06666666666666667,1500,1.0,True,PT004,0.8479461469334731,False,False
2024-10-22,2024,10,F002,华南工厂,P002,产品B,PT002,部件A2,核心,95,PT002,PT001,2,79,50,50,0.0,False,0.04,4750,1.0,True,PT001,0.9350460685614512,False,False
2024-10-22,2024,10,F002,华南工厂,P002,产品B,PT004,部件B2,普通,48,PT004,PT004,2,50,51,30,0.0,False,0.0392156862745098,2448,0.0,False,,0.9350460685614512,False,False
2024-10-22,2024,10,F002,华南工厂,P003,产品C,PT001,部件A1,核心,100,PT001,PT001,4,66,92,50,0.0,False,0.043478260869565216,9200,0.0,False,,1.1771638815650076,False,False
2024-10-22,2024,10,F002,华南工厂,P003,产品C,PT005,部件C1,核心,150,PT005,PT005,4,57,70,40,0.0,False,0.05714285714285714,10500,0.0,False,,1.1771638815650076,False,False
2024-10-23,2024,10,F001,华东工厂,P001,产品A,PT001,部件A1,核心,100,PT001,PT001,3,66,89,50,0.0,False,0.033707865168539325,8900,0.0,False,,0.9292811728083021,False,False
2024-10-23,2024,10,F001,华东工厂,P001,产品A,PT003,部件B1,普通,50,PT003,PT004,3,54,30,30,0.0,False,0.1,1500,1.0,True,PT004,0.9292811728083021,False,False
2024-10-23,2024,10,F001,华东工厂,P002,产品B,PT002,部件A2,核心,95,PT002,PT001,2,79,50,50,0.0,False,0.04,4750,1.0,True,PT001,1.0075162486973464,False,False
2024-10-23,2024,10,F001,华东工厂,P002,产品B,PT004,部件B2,普通,48,PT004,PT004,2,50,46,30,0.0,False,0.043478260869565216,2208,0.0,False,,1.0075162486973464,False,False
2024-10-23,2024,10,F001,华东工厂,P003,产品C,PT001,部件A1,核心,100,PT001,PT001,4,66,83,50,0.0,False,0.04819277108433735,8300,0.0,False,,1.0812075835580712,False,False
2024-10-23,2024,10,F001,华东工厂,P003,产品C,PT005,部件C1,核心,150,PT005,PT005,4,57,66,40,0.0,False,0.06060606060606061,9900,0.0,False,,1.0812075835580712,False,False
2024-10-23,2024,10,F002,华南工厂,P001,产品A,PT001,部件A1,核心,100,PT001,PT001,3,66,80,50,0.0,False,0.0375,8000,0.0,False,,0.9454518409517176,False,False
2024-10-23,2024,10,F002,华南工厂,P001,产品A,PT003,部件B1,普通,50,PT003,PT004,3,54,30,30,0.0,False,0.1,1500,1.0,True,PT004,0.9454518409517176,False,False
2024-10-23,2024,10,F002,华南工厂,P002,产品B,PT002,部件A2,核心,95,PT002,PT001,3,79,50,50,0.0,False,0.06,4750,1.0,True,PT001,1.1887128330883843,False,False
2024-10-23,2024,10,F002,华南工厂,P002,产品B,PT004,部件B2,普通,48,PT004,PT004,3,50,40,30,0.0,False,0.075,1920,0.0,False,,1.1887128330883843,False,False
2024-10-23,2024,10,F002,华南工厂,P003,产品C,PT001,部件A1,核心,100,PT001,PT001,4,66,73,50,0.0,False,0.0547945205479452,7300,0.0,False,,1.1849789179768444,False,False
2024-10-23,2024,10,F002,华南工厂,P003,产品C,PT005,部件C1,核心,150,PT005,PT005,4,57,62,40,0.0,False,0.06451612903225806,9300,0.0,False,,1.1849789179768444,False,False
2024-10-24,2024,10,F001,华东工厂,P001,产品A,PT001,部件A1,核心,100,PT001,PT001,3,66,70,50,0.0,False,0.04285714285714286,7000,0.0,False,,0.9007129183301457,False,False
2024-10-24,2024,10,F001,华东工厂,P001,产品A,PT003,部件B1,普通,50,PT003,PT004,3,54,30,30,0.0,False,0.1,1500,1.0,True,PT004,0.9007129183301457,False,False
2024-10-24,2024,10,F001,华东工厂,P002,产品B,PT002,部件A2,核心,95,PT002,PT001,2,79,50,50,0.0,False,0.04,4750,1.0,True,PT001,0.9988994023569542,False,False
2024-10-24,2024,10,F001,华东工厂,P002,产品B,PT004,部件B2,普通,48,PT004,PT004,2,50,35,30,0.0,False,0.05714285714285714,1680,0.0,False,,0.9988994023569542,False,False
2024-10-24,2024,10,F001,华东工厂,P003,产品C,PT001,部件A1,核心,100,PT001,PT001,3,66,65,50,0.0,False,0.046153846153846156,6500,0.0,False,,0.9203513239267078,False,False
2024-10-24,2024,10,F001,华东工厂,P003,产品C,PT005,部件C1,核心,150,PT005,PT005,3,57,59,40,0.0,False,0.05084745762711865,8850,0.0,False,,0.9203513239267078,False,False
2024-10-24,2024,10,F002,华南工厂,P001,产品A,PT001,部件A1,核心,100,PT001,PT001,3,66,62,50,0.0,False,0.04838709677419355,6200,0.0,False,,0.9139361977509871,False,False
2024-10-24,2024,10,F002,华南工厂,P001,产品A,PT003,部件B1,普通,50,PT003,PT004,3,54,30,30,0.0,False,0.1,1500,1.0,True,PT004,0.9139361977509871,False,False
2024-10-24,2024,10,F002,华南工厂,P002,产品B,PT002,部件A2,核心,95,PT002,PT001,2,79,50,50,0.0,False,0.04,4750,1.0,True,PT001,0.8147547789418131,False,False
2024-10-24,2024,10,F002,华南工厂,P002,产品B,PT004,部件B2,普通,48,PT004,PT004,2,50,30,30,0.0,False,0.06666666666666667,1440,0.0,False,,0.8147547789418131,False,False
2024-10-24,2024,10,F002,华南工厂,P003,产品C,PT001,部件A1,核心,100,PT001,PT001,4,66,56,50,0.0,False,0.07142857142857142,5600,0.0,False,,1.0438257335919587,False,False
2024-10-24,2024,10,F002,华南工厂,P003,产品C,PT005,部件C1,核心,150,PT005,PT005,4,57,55,40,0.0,False,0.07272727272727272,8250,0.0,False,,1.0438257335919587,False,False
2024-10-25,2024,10,F001,华东工厂,P001,产品A,PT001,部件A1,核心,100,PT001,PT001,3,66,53,50,0.0,False,0.05660377358490566,5300,0.0,False,,1.0010716092915446,False,False
2024-10-25,2024,10,F001,华东工厂,P001,产品A,PT003,部件B1,普通,50,PT003,PT003,3,54,60,30,0.0,False,0.05,3000,0.0,False,,1.0010716092915446,False,False
2024-10-25,2024,10,F001,华东工厂,P002,产品B,PT002,部件A2,核心,95,PT002,PT001,2,79,50,50,0.0,False,0.04,4750,1.0,True,PT001,0.8205915004999957,False,False
2024-10-25,2024,10,F001,华东工厂,P002,产品B,PT004,部件B2,普通,48,PT004,PT003,2,50,30,30,0.0,False,0.06666666666666667,1440,1.0,True,PT003,0.8205915004999957,False,False
2024-10-25,2024,10,F001,华东工厂,P003,产品C,PT001,部件A1,核心,100,PT001,PT001,3,66,100,50,0.0,False,0.03,10000,0.0,False,,0.9114585856946446,False,False
2024-10-25,2024,10,F001,华东工厂,P003,产品C,PT005,部件C1,核心,150,PT005,PT005,3,57,52,40,0.0,False,0.057692307692307696,7800,0.0,False,,0.9114585856946446,False,False
2024-10-25,2024,10,F002,华南工厂,P001,产品A,PT001,部件A1,核心,100,PT001,PT001,3,66,97,50,0.0,False,0.030927835051546393,9700,0.0,False,,1.1633063543866615,False,False
2024-10-25,2024,10,F002,华南工厂,P001,产品A,PT003,部件B1,普通,50,PT003,PT003,3,54,55,30,0.0,False,0.05454545454545454,2750,0.0,False,,1.1633063543866615,False,False
2024-10-25,2024,10,F002,华南工厂,P002,产品B,PT002,部件A2,核心,95,PT002,PT001,2,79,50,50,0.0,False,0.04,4750,1.0,True,PT001,0.895824756266789,False,False
2024-10-25,2024,10,F002,华南工厂,P002,产品B,PT004,部件B2,普通,48,PT004,PT003,2,50,30,30,0.0,False,0.06666666666666667,1440,1.0,True,PT003,0.895824756266789,False,False
2024-10-25,2024,10,F002,华南工厂,P003,产品C,PT001,部件A1,核心,100,PT001,PT001,3,66,92,50,0.0,False,0.03260869565217391,9200,0.0,False,,0.8579579488364892,False,False
2024-10-25,2024,10,F002,华南工厂,P003,产品C,PT005,部件C1,核心,150,PT005,PT005,3,57,49,40,0.0,False,0.061224489795918366,7350,0.0,False,,0.8579579488364892,False,False
2024-10-26,2024,10,F001,华东工厂,P001,产品A,PT001,部件A1,核心,100,PT001,PT001,3,66,89,50,0.0,False,0.033707865168539325,8900,0.0,False,,0.9957811041110252,False,False
2024-10-26,2024,10,F001,华东工厂,P001,产品A,PT003,部件B1,普通,50,PT003,PT003,3,54,50,30,0.0,False,0.06,2500,0.0,False,,0.9957811041110252,False,False
2024-10-26,2024,10,F001,华东工厂,P002,产品B,PT002,部件A2,核心,95,PT002,PT001,3,79,50,50,0.0,False,0.06,4750,1.0,True,PT001,1.1942601816442402,False,False
2024-10-26,2024,10,F001,华东工厂,P002,产品B,PT004,部件B2,普通,48,PT004,PT003,3,50,30,30,0.0,False,0.1,1440,1.0,True,PT003,1.1942601816442402,False,False
2024-10-26,2024,10,F001,华东工厂,P003,产品C,PT001,部件A1,核心,100,PT001,PT001,3,66,83,50,0.0,False,0.03614457831325301,8300,0.0,False,,0.8968221086046002,False,False
2024-10-26,2024,10,F001,华东工厂,P003,产品C,PT005,部件C1,核心,150,PT005,PT005,3,57,46,40,0.0,False,0.06521739130434782,6900,0.0,False,,0.8968221086046002,False,False
2024-10-26,2024,10,F002,华南工厂,P001,产品A,PT001,部件A1,核心,100,PT001,PT001,3,66,80,50,0.0,False,0.0375,8000,0.0,False,,1.0688542189623513,False,False
2024-10-26,2024,10,F002,华南工厂,P001,产品A,PT003,部件B1,普通,50,PT003,PT003,3,54,44,30,0.0,False,0.06818181818181818,2200,0.0,False,,1.0688542189623513,False,False
2024-10-26,2024,10,F002,华南工厂,P002,产品B,PT002,部件A2,核心,95,PT002,PT001,2,79,50,50,0.0,False,0.04,4750,1.0,True,PT001,1.104647846131487,False,False
2024-10-26,2024,10,F002,华南工厂,P002,产品B,PT004,部件B2,普通,48,PT004,PT003,2,50,30,30,0.0,False,0.06666666666666667,1440,1.0,True,PT003,1.104647846131487,False,False
2024-10-26,2024,10,F002,华南工厂,P003,产品C,PT001,部件A1,核心,100,PT001,PT001,3,66,75,50,0.0,False,0.04,7500,0.0,False,,0.8950550175969599,False,False
2024-10-26,2024,10,F002,华南工厂,P003,产品C,PT005,部件C1,核心,150,PT005,PT005,3,57,43,40,0.0,False,0.06976744186046512,6450,0.0,False,,0.8950550175969599,False,False
2024-10-27,2024,10,F001,华东工厂,P001,产品A,PT001,部件A1,核心,100,PT001,PT001,3,66,72,50,0.0,False,0.041666666666666664,7200,0.0,False,,1.0912865394447437,False,False
2024-10-27,2024,10,F001,华东工厂,P001,产品A,PT003,部件B1,普通,50,PT003,PT003,3,54,39,30,0.0,False,0.07692307692307693,1950,0.0,False,,1.0912865394447437,False,False
2024-10-27,2024,10,F001,华东工厂,P002,产品B,PT002,部件A2,核心,95,PT002,PT001,2,79,50,50,0.0,False,0.04,4750,1.0,True,PT001,0.9471132530877013,False,False
2024-10-27,2024,10,F001,华东工厂,P002,产品B,PT004,部件B2,普通,48,PT004,PT003,2,50,30,30,0.0,False,0.06666666666666667,1440,1.0,True,PT003,0.9471132530877013,False,False
2024-10-27,2024,10,F001,华东工厂,P003,产品C,PT001,部件A1,核心,100,PT001,PT001,4,66,66,50,0.0,False,0.06060606060606061,6600,0.0,False,,1.0529223322374317,False,False
2024-10-27,2024,10,F001,华东工厂,P003,产品C,PT005,部件C1,核心,150,PT005,PT005,4,57,80,40,0.0,False,0.05,12000,0.0,False,,1.0529223322374317,False,False
2024-10-27,2024,10,F002,华南工厂,P001,产品A,PT001,部件A1,核心,100,PT001,PT001,3,66,63,50,0.0,False,0.047619047619047616,6300,0.0,False,,1.0534118843043578,False,False
2024-10-27,2024,10,F002,华南工厂,P001,产品A,PT003,部件B1,普通,50,PT003,PT003,3,54,34,30,0.0,False,0.08823529411764706,1700,0.0,False,,1.0534118843043578,False,False
2024-10-27,2024,10,F002,华南工厂,P002,产品B,PT002,部件A2,核心,95,PT002,PT001,2,79,50,50,0.0,False,0.04,4750,1.0,True,PT001,1.0143098736299034,False,False
2024-10-27,2024,10,F002,华南工厂,P002,产品B,PT004,部件B2,普通,48,PT004,PT003,2,50,30,30,0.0,False,0.06666666666666667,1440,1.0,True,PT003,1.0143098736299034,False,False
2024-10-27,2024,10,F002,华南工厂,P003,产品C,PT001,部件A1,核心,100,PT001,PT001,3,66,58,50,0.0,False,0.05172413793103448,5800,0.0,False,,0.8361159080217634,False,False
2024-10-27,2024,10,F002,华南工厂,P003,产品C,PT005,部件C1,核心,150,PT005,PT005,3,57,77,40,0.0,False,0.03896103896103896,11550,0.0,False,,0.8361159080217634,False,False
2024-10-28,2024,10,F001,华东工厂,P001,产品A,PT001,部件A1,核心,100,PT001,PT001,3,66,55,50,0.0,False,0.05454545454545454,5500,0.0,False,,1.1341209982356952,False,False
2024-10-28,2024,10,F001,华东工厂,P001,产品A,PT003,部件B1,普通,50,PT003,PT003,3,54,60,30,0.0,False,0.05,3000,0.0,False,,1.1341209982356952,False,False
2024-10-28,2024,10,F001,华东工厂,P002,产品B,PT002,部件A2,核心,95,PT002,PT001,2,79,50,50,0.0,False,0.04,4750,1.0,True,PT001,0.9283120259886943,False,False
2024-10-28,2024,10,F001,华东工厂,P002,产品B,PT004,部件B2,普通,48,PT004,PT003,2,50,30,30,0.0,False,0.06666666666666667,1440,1.0,True,PT003,0.9283120259886943,False,False
2024-10-28,2024,10,F001,华东工厂,P003,产品C,PT001,部件A1,核心,100,PT001,PT001,3,66,50,50,0.0,False,0.06,5000,0.0,False,,0.8746074041599418,False,False
2024-10-28,2024,10,F001,华东工厂,P003,产品C,PT005,部件C1,核心,150,PT005,PT005,3,57,74,40,0.0,False,0.04054054054054054,11100,0.0,False,,0.8746074041599418,False,False
2024-10-28,2024,10,F002,华南工厂,P001,产品A,PT001,部件A1,核心,100,PT001,PT001,2,66,100,50,0.0,False,0.02,10000,0.0,False,,0.8163100566219056,False,False
2024-10-28,2024,10,F002,华南工厂,P001,产品A,PT003,部件B1,普通,50,PT003,PT003,2,54,56,30,0.0,False,0.03571428571428571,2800,0.0,False,,0.8163100566219056,False,False
2024-10-28,2024,10,F002,华南工厂,P002,产品B,PT002,部件A2,核心,95,PT002,PT001,2,79,50,50,0.0,False,0.04,4750,1.0,True,PT001,1.0363571772752966,False,False
2024-10-28,2024,10,F002,华南工厂,P002,产品B,PT004,部件B2,普通,48,PT004,PT003,2,50,30,30,0.0,False,0.06666666666666667,1440,1.0,True,PT003,1.0363571772752966,False,False
2024-10-28,2024,10,F002,华南工厂,P003,产品C,PT001,部件A1,核心,100,PT001,PT001,4,66,94,50,0.0,False,0.0425531914893617,9400,0.0,False,,1.071025744736913,False,False
2024-10-28,2024,10,F002,华南工厂,P003,产品C,PT005,部件C1,核心,150,PT005,PT005,4,57,70,40,0.0,False,0.05714285714285714,10500,0.0,False,,1.071025744736913,False,False
2024-10-29,2024,10,F001,华东工厂,P001,产品A,PT001,部件A1,核心,100,PT001,PT001,2,66,92,50,0.0,False,0.021739130434782608,9200,0.0,False,,0.8066351315711425,False,False
2024-10-29,2024,10,F001,华东工厂,P001,产品A,PT003,部件B1,普通,50,PT003,PT003,2,54,52,30,0.0,False,0.038461538461538464,2600,0.0,False,,0.8066351315711425,False,False
2024-10-29,2024,10,F001,华东工厂,P002,产品B,PT002,部件A2,核心,95,PT002,PT001,2,79,50,50,0.0,False,0.04,4750,1.0,True,PT001,1.0048372233197125,False,False
2024-10-29,2024,10,F001,华东工厂,P002,产品B,PT004,部件B2,普通,48,PT004,PT003,2,50,30,30,0.0,False,0.06666666666666667,1440,1.0,True,PT003,1.0048372233197125,False,False
2024-10-29,2024,10,F001,华东工厂,P003,产品C,PT001,部件A1,核心,100,PT001,PT001,3,66,87,50,0.0,False,0.034482758620689655,8700,0.0,False,,0.8905983100791752,False,False
2024-10-29,2024,10,F001,华东工厂,P003,产品C,PT005,部件C1,核心,150,PT005,PT005,3,57,67,40,0.0,False,0.04477611940298507,10050,0.0,False,,0.8905983100791752,False,False
2024-10-29,2024,10,F002,华南工厂,P001,产品A,PT001,部件A1,核心,100,PT001,PT001,3,66,84,50,0.0,False,0.03571428571428571,8400,0.0,False,,1.0580691161637799,False,False
2024-10-29,2024,10,F002,华南工厂,P001,产品A,PT003,部件B1,普通,50,PT003,PT003,3,54,47,30,0.0,False,0.06382978723404255,2350,0.0,False,,1.0580691161637799,False,False
2024-10-29,2024,10,F002,华南工厂,P002,产品B,PT002,部件A2,核心,95,PT002,PT001,2,79,50,50,0.0,False,0.04,4750,1.0,True,PT001,0.8697465716019966,False,False
2024-10-29,2024,10,F002,华南工厂,P002,产品B,PT004,部件B2,普通,48,PT004,PT003,2,50,30,30,0.0,False,0.06666666666666667,1440,1.0,True,PT003,0.8697465716019966,False,False
2024-10-29,2024,10,F002,华南工厂,P003,产品C,PT001,部件A1,核心,100,PT001,PT001,4,66,78,50,0.0,False,0.05128205128205128,7800,0.0,False,,1.0763750952409863,False,False
2024-10-29,2024,10,F002,华南工厂,P003,产品C,PT005,部件C1,核心,150,PT005,PT005,4,57,63,40,0.0,False,0.06349206349206349,9450,0.0,False,,1.0763750952409863,False,False
2024-10-30,2024,10,F001,华东工厂,P001,产品A,PT001,部件A1,核心,100,PT001,PT001,3,66,75,50,0.0,False,0.04,7500,0.0,False,,0.954694138520215,False,False
2024-10-30,2024,10,F001,华东工厂,P001,产品A,PT003,部件B1,普通,50,PT003,PT003,3,54,42,30,0.0,False,0.07142857142857142,2100,0.0,False,,0.954694138520215,False,False
2024-10-30,2024,10,F001,华东工厂,P002,产品B,PT002,部件A2,核心,95,PT002,PT001,3,79,50,50,0.0,False,0.06,4750,1.0,True,PT001,1.1746919954946937,False,False
2024-10-30,2024,10,F001,华东工厂,P002,产品B,PT004,部件B2,普通,48,PT004,PT003,3,50,30,30,0.0,False,0.1,1440,1.0,True,PT003,1.1746919954946937,False,False
2024-10-30,2024,10,F001,华东工厂,P003,产品C,PT001,部件A1,核心,100,PT001,PT001,3,66,69,50,0.0,False,0.043478260869565216,6900,0.0,False,,0.8550083776583973,False,False
2024-10-30,2024,10,F001,华东工厂,P003,产品C,PT005,部件C1,核心,150,PT005,PT005,3,57,60,40,0.0,False,0.05,9000,0.0,False,,0.8550083776583973,False,False
2024-10-30,2024,10,F002,华南工厂,P001,产品A,PT001,部件A1,核心,100,PT001,PT001,3,66,66,50,0.0,False,0.045454545454545456,6600,0.0,False,,0.9364265404201034,False,False
2024-10-30,2024,10,F002,华南工厂,P001,产品A,PT003,部件B1,普通,50,PT003,PT003,3,54,36,30,0.0,False,0.08333333333333333,1800,0.0,False,,0.9364265404201034,False,False
2024-10-30,2024,10,F002,华南工厂,P002,产品B,PT002,部件A2,核心,95,PT002,PT001,2,79,50,50,0.0,False,0.04,4750,1.0,True,PT001,0.8453894084962357,False,False
2024-10-30,2024,10,F002,华南工厂,P002,产品B,PT004,部件B2,普通,48,PT004,PT003,2,50,30,30,0.0,False,0.06666666666666667,1440,1.0,True,PT003,0.8453894084962357,False,False
2024-10-30,2024,10,F002,华南工厂,P003,产品C,PT001,部件A1,核心,100,PT001,PT001,4,66,60,50,0.0,False,0.06666666666666667,6000,0.0,False,,1.169877447311425,False,False
2024-10-30,2024,10,F002,华南工厂,P003,产品C,PT005,部件C1,核心,150,PT005,PT005,4,57,56,40,0.0,False,0.07142857142857142,8400,0.0,False,,1.169877447311425,False,False
2024-10-31,2024,10,F001,华东工厂,P001,产品A,PT001,部件A1,核心,100,PT001,PT001,3,66,57,50,0.0,False,0.05263157894736842,5700,0.0,False,,1.1509357413523924,False,False
2024-10-31,2024,10,F001,华东工厂,P001,产品A,PT003,部件B1,普通,50,PT003,PT003,3,54,31,30,0.0,False,0.0967741935483871,1550,0.0,False,,1.1509357413523924,False,False
2024-10-31,2024,10,F001,华东工厂,P002,产品B,PT002,部件A2,核心,95,PT002,PT001,2,79,50,50,0.0,False,0.04,4750,1.0,True,PT001,0.9031766510860623,False,False
2024-10-31,2024,10,F001,华东工厂,P002,产品B,PT004,部件B2,普通,48,PT004,PT003,2,50,30,30,0.0,False,0.06666666666666667,1440,1.0,True,PT003,0.9031766510860623,False,False
2024-10-31,2024,10,F001,华东工厂,P003,产品C,PT001,部件A1,核心,100,PT001,PT001,4,66,51,50,0.0,False,0.0784313725490196,5100,0.0,False,,1.0639936184136716,False,False
2024-10-31,2024,10,F001,华东工厂,P003,产品C,PT005,部件C1,核心,150,PT005,PT005,4,57,52,40,0.0,False,0.07692307692307693,7800,0.0,False,,1.0639936184136716,False,False
2024-10-31,2024,10,F002,华南工厂,P001,产品A,PT001,部件A1,核心,100,PT001,PT001,3,66,100,50,0.0,False,0.03,10000,0.0,False,,1.1268888800804864,False,False
2024-10-31,2024,10,F002,华南工厂,P001,产品A,PT003,部件B1,普通,50,PT003,PT003,3,54,60,30,0.0,False,0.05,3000,0.0,False,,1.1268888800804864,False,False
2024-10-31,2024,10,F002,华南工厂,P002,产品B,PT002,部件A2,核心,95,PT002,PT001,2,79,50,50,0.0,False,0.04,4750,1.0,True,PT001,1.022080324639785,False,False
2024-10-31,2024,10,F002,华南工厂,P002,产品B,PT004,部件B2,普通,48,PT004,PT003,2,50,30,30,0.0,False,0.06666666666666667,1440,1.0,True,PT003,1.022080324639785,False,False
2024-10-31,2024,10,F002,华南工厂,P003,产品C,PT001,部件A1,核心,100,PT001,PT001,4,66,94,50,0.0,False,0.0425531914893617,9400,0.0,False,,1.0118602313424025,False,False
2024-10-31,2024,10,F002,华南工厂,P003,产品C,PT005,部件C1,核心,150,PT005,PT005,4,57,48,40,0.0,False,0.08333333333333333,7200,0.0,False,,1.0118602313424025,False,False
2024-11-01,2024,11,F001,华东工厂,P001,产品A,PT001,部件A1,核心,100,PT001,PT002,3,61,61,50,0.0,False,0.04918032786885246,6100,1.0,True,PT002,1.1601672228653321,False,False
2024-11-01,2024,11,F001,华东工厂,P001,产品A,PT003,部件B1,普通,50,PT003,PT004,3,55,55,30,0.0,False,0.05454545454545454,2750,1.0,True,PT004,1.1601672228653321,False,False
2024-11-01,2024,11,F001,华东工厂,P002,产品B,PT002,部件A2,核心,95,PT002,PT001,2,60,57,50,0.0,False,0.03508771929824561,5415,1.0,True,PT001,1.0532405829093072,False,False
2024-11-01,2024,11,F001,华东工厂,P002,产品B,PT004,部件B2,普通,48,PT004,PT003,2,51,48,30,0.0,False,0.041666666666666664,2304,1.0,True,PT003,1.0532405829093072,False,False
2024-11-01,2024,11,F001,华东工厂,P003,产品C,PT001,部件A1,核心,100,PT001,PT002,3,61,59,50,0.0,False,0.05084745762711865,5900,1.0,True,PT002,0.9356119164194803,False,False
2024-11-01,2024,11,F001,华东工厂,P003,产品C,PT005,部件C1,核心,150,PT005,PT005,3,54,51,40,0.0,False,0.058823529411764705,7650,0.0,False,,0.9356119164194803,False,False
2024-11-01,2024,11,F002,华南工厂,P001,产品A,PT001,部件A1,核心,100,PT001,PT002,3,61,59,50,0.0,False,0.05084745762711865,5900,1.0,True,PT002,0.9396838298450644,False,False
2024-11-01,2024,11,F002,华南工厂,P001,产品A,PT003,部件B1,普通,50,PT003,PT004,3,55,53,30,0.0,False,0.05660377358490566,2650,1.0,True,PT004,0.9396838298450644,False,False
2024-11-01,2024,11,F002,华南工厂,P002,产品B,PT002,部件A2,核心,95,PT002,PT001,2,60,51,50,0.0,False,0.0392156862745098,4845,1.0,True,PT001,1.0903822715480957,False,False
2024-11-01,2024,11,F002,华南工厂,P002,产品B,PT004,部件B2,普通,48,PT004,PT003,2,51,45,30,0.0,False,0.044444444444444446,2160,1.0,True,PT003,1.0903822715480957,False,False
2024-11-01,2024,11,F002,华南工厂,P003,产品C,PT001,部件A1,核心,100,PT001,PT002,4,61,57,50,0.0,False,0.07017543859649122,5700,1.0,True,PT002,1.1588441039810309,False,False
2024-11-01,2024,11,F002,华南工厂,P003,产品C,PT005,部件C1,核心,150,PT005,PT005,4,54,47,40,0.0,False,0.0851063829787234,7050,0.0,False,,1.1588441039810309,False,False
2024-11-02,2024,11,F001,华东工厂,P001,产品A,PT001,部件A1,核心,100,PT001,PT001,3,61,54,50,0.0,False,0.05555555555555555,5400,0.0,False,,1.154834569706047,False,False
2024-11-02,2024,11,F001,华东工厂,P001,产品A,PT003,部件B1,普通,50,PT003,PT004,3,55,51,30,0.0,False,0.058823529411764705,2550,1.0,True,PT004,1.154834569706047,False,False
2024-11-02,2024,11,F001,华东工厂,P002,产品B,PT002,部件A2,核心,95,PT002,PT001,2,60,100,50,0.0,False,0.02,9500,1.0,True,PT001,1.1119502183430496,False,False
2024-11-02,2024,11,F001,华东工厂,P002,产品B,PT004,部件B2,普通,48,PT004,PT003,2,51,42,30,0.0,False,0.047619047619047616,2016,1.0,True,PT003,1.1119502183430496,False,False
2024-11-02,2024,11,F001,华东工厂,P003,产品C,PT001,部件A1,核心,100,PT001,PT002,4,61,52,50,0.0,False,0.07692307692307693,5200,1.0,True,PT002,1.056812658461715,False,False
2024-11-02,2024,11,F001,华东工厂,P003,产品C,PT005,部件C1,核心,150,PT005,PT005,4,54,43,40,0.0,False,0.09302325581395349,6450,0.0,False,,1.056812658461715,False,False
2024-11-02,2024,11,F002,华南工厂,P001,产品A,PT001,部件A1,核心,100,PT001,PT002,2,61,52,50,0.0,False,0.038461538461538464,5200,1.0,True,PT002,0.8336559859980196,False,False
2024-11-02,2024,11,F002,华南工厂,P001,产品A,PT003,部件B1,普通,50,PT003,PT004,2,55,49,30,0.0,False,0.04081632653061224,2450,1.0,True,PT004,0.8336559859980196,False,False
2024-11-02,2024,11,F002,华南工厂,P002,产品B,PT002,部件A2,核心,95,PT002,PT001,2,60,94,50,0.0,False,0.02127659574468085,8930,1.0,True,PT001,0.8646514856378456,False,False
2024-11-02,2024,11,F002,华南工厂,P002,产品B,PT004,部件B2,普通,48,PT004,PT003,2,51,40,30,0.0,False,0.05,1920,1.0,True,PT003,0.8646514856378456,False,False
2024-11-02,2024,11,F002,华南工厂,P003,产品C,PT001,部件A1,核心,100,PT001,PT002,4,61,50,50,0.0,False,0.08,5000,1.0,True,PT002,1.1594216754108317,False,False
2024-11-02,2024,11,F002,华南工厂,P003,产品C,PT005,部件C1,核心,150,PT005,PT005,4,54,80,40,0.0,False,0.05,12000,0.0,False,,1.1594216754108317,False,False
2024-11-03,2024,11,F001,华东工厂,P001,产品A,PT001,部件A1,核心,100,PT001,PT002,3,61,50,50,0.0,False,0.06,5000,1.0,True,PT002,1.0425716238638358,False,False
2024-11-03,2024,11,F001,华东工厂,P001,产品A,PT003,部件B1,普通,50,PT003,PT004,3,55,47,30,0.0,False,0.06382978723404255,2350,1.0,True,PT004,1.0425716238638358,False,False
2024-11-03,2024,11,F001,华东工厂,P002,产品B,PT002,部件A2,核心,95,PT002,PT002,2,60,85,50,0.0,False,0.023529411764705882,8075,0.0,False,,0.8036788206466519,False,False
2024-11-03,2024,11,F001,华东工厂,P002,产品B,PT004,部件B2,普通,48,PT004,PT003,2,51,37,30,0.0,False,0.05405405405405406,1776,1.0,True,PT003,0.8036788206466519,False,False
2024-11-03,2024,11,F001,华东工厂,P003,产品C,PT001,部件A1,核心,100,PT001,PT002,3,61,50,50,0.0,False,0.06,5000,1.0,True,PT002,0.8405886171464129,False,False
2024-11-03,2024,11,F001,华东工厂,P003,产品C,PT005,部件C1,核心,150,PT005,PT005,3,54,77,40,0.0,False,0.03896103896103896,11550,0.0,False,,0.8405886171464129,False,False
2024-11-03,2024,11,F002,华南工厂,P001,产品A,PT001,部件A1,核心,100,PT001,PT002,3,61,50,50,0.0,False,0.06,5000,1.0,True,PT002,1.0654007076432224,False,False
2024-11-03,2024,11,F002,华南工厂,P001,产品A,PT003,部件B1,普通,50,PT003,PT004,3,55,45,30,0.0,False,0.06666666666666667,2250,1.0,True,PT004,1.0654007076432224,False,False
2024-11-03,2024,11,F002,华南工厂,P002,产品B,PT002,部件A2,核心,95,PT002,PT002,2,60,77,50,0.0,False,0.025974025974025976,7315,0.0,False,,0.8020246335384875,False,False
2024-11-03,2024,11,F002,华南工厂,P002,产品B,PT004,部件B2,普通,48,PT004,PT003,2,51,34,30,0.0,False,0.058823529411764705,1632,1.0,True,PT003,0.8020246335384875,False,False
2024-11-03,2024,11,F002,华南工厂,P003,产品C,PT001,部件A1,核心,100,PT001,PT002,3,61,50,50,0.0,False,0.06,5000,1.0,True,PT002,0.8643232205669995,False,False
2024-11-03,2024,11,F002,华南工厂,P003,产品C,PT005,部件C1,核心,150,PT005,PT005,3,54,74,40,0.0,False,0.04054054054054054,11100,0.0,False,,0.8643232205669995,False,False
2024-11-04,2024,11,F001,华东工厂,P001,产品A,PT001,部件A1,核心,100,PT001,PT002,3,61,50,50,0.0,False,0.06,5000,1.0,True,PT002,1.0194935157466345,False,False
2024-11-04,2024,11,F001,华东工厂,P001,产品A,PT003,部件B1,普通,50,PT003,PT004,3,55,43,30,0.0,False,0.06976744186046512,2150,1.0,True,PT004,1.0194935157466345,False,False
2024-11-04,2024,11,F001,华东工厂,P002,产品B,PT002,部件A2,核心,95,PT002,PT002,2,60,69,50,0.0,False,0.028985507246376812,6555,0.0,False,,1.0767580790770772,False,False
2024-11-04,2024,11,F001,华东工厂,P002,产品B,PT004,部件B2,普通,48,PT004,PT003,2,51,31,30,0.0,False,0.06451612903225806,1488,1.0,True,PT003,1.0767580790770772,False,False
2024-11-04,2024,11,F001,华东工厂,P003,产品C,PT001,部件A1,核心,100,PT001,PT002,4,61,50,50,0.0,False,0.08,5000,1.0,True,PT002,1.0607845038010402,False,False
2024-11-04,2024,11,F001,华东工厂,P003,产品C,PT005,部件C1,核心,150,PT005,PT005,4,54,70,40,0.0,False,0.05714285714285714,10500,0.0,False,,1.0607845038010402,False,False
2024-11-04,2024,11,F002,华南工厂,P001,产品A,PT001,部件A1,核心,100,PT001,PT002,2,61,50,50,0.0,False,0.04,5000,1.0,True,PT002,0.8897077237842239,False,False
2024-11-04,2024,11,F002,华南工厂,P001,产品A,PT003,部件B1,普通,50,PT003,PT004,2,55,41,30,0.0,False,0.04878048780487805,2050,1.0,True,PT004,0.8897077237842239,False,False
2024-11-04,2024,11,F002,华南工厂,P002,产品B,PT002,部件A2,核心,95,PT002,PT002,2,60,61,50,0.0,False,0.03278688524590164,5795,0.0,False,,1.0848716885390144,False,False
2024-11-04,2024,11,F002,华南工厂,P002,产品B,PT004,部件B2,普通,48,PT004,PT003,2,51,60,30,0.0,False,0.03333333333333333,2880,1.0,True,PT003,1.0848716885390144,False,False
2024-11-04,2024,11,F002,华南工厂,P003,产品C,PT001,部件A1,核心,100,PT001,PT002,3,61,50,50,0.0,False,0.06,5000,1.0,True,PT002,0.89489963499872,False,False
2024-11-04,2024,11,F002,华南工厂,P003,产品C,PT005,部件C1,核心,150,PT005,PT005,3,54,67,40,0.0,False,0.04477611940298507,10050,0.0,False,,0.89489963499872,False,False
2024-11-05,2024,11,F001,华东工厂,P001,产品A,PT001,部件A1,核心,100,PT001,PT002,3,61,50,50,0.0,False,0.06,5000,1.0,True,PT002,0.9301598792637071,False,False
2024-11-05,2024,11,F001,华东工厂,P001,产品A,PT003,部件B1,普通,50,PT003,PT004,3,55,39,30,0.0,False,0.07692307692307693,1950,1.0,True,PT004,0.9301598792637071,False,False
2024-11-05,2024,11,F001,华东工厂,P002,产品B,PT002,部件A2,核心,95,PT002,PT002,2,60,53,50,0.0,False,0.03773584905660377,5035,0.0,False,,1.0985965620472096,False,False
2024-11-05,2024,11,F001,华东工厂,P002,产品B,PT004,部件B2,普通,48,PT004,PT003,2,51,57,30,0.0,False,0.03508771929824561,2736,1.0,True,PT003,1.0985965620472096,False,False
2024-11-05,2024,11,F001,华东工厂,P003,产品C,PT001,部件A1,核心,100,PT001,PT002,4,61,50,50,0.0,False,0.08,5000,1.0,True,PT002,1.0598531596188858,False,False
2024-11-05,2024,11,F001,华东工厂,P003,产品C,PT005,部件C1,核心,150,PT005,PT005,4,54,63,40,0.0,False,0.06349206349206349,9450,0.0,False,,1.0598531596188858,False,False
2024-11-05,2024,11,F002,华南工厂,P001,产品A,PT001,部件A1,核心,100,PT001,PT001,3,61,100,50,0.0,False,0.03,10000,0.0,False,,1.139689364197671,False,False
2024-11-05,2024,11,F002,华南工厂,P001,产品A,PT003,部件B1,普通,50,PT003,PT004,3,55,37,30,0.0,False,0.08108108108108109,1850,1.0,True,PT004,1.139689364197671,False,False
2024-11-05,2024,11,F002,华南工厂,P002,产品B,PT002,部件A2,核心,95,PT002,PT001,2,60,100,50,0.0,False,0.02,9500,1.0,True,PT001,1.0630451569201373,False,False
2024-11-05,2024,11,F002,华南工厂,P002,产品B,PT004,部件B2,普通,48,PT004,PT003,2,51,54,30,0.0,False,0.037037037037037035,2592,1.0,True,PT003,1.0630451569201373,False,False
2024-11-05,2024,11,F002,华南工厂,P003,产品C,PT001,部件A1,核心,100,PT001,PT002,4,61,98,50,0.0,False,0.04081632653061224,9800,1.0,True,PT002,1.0273234413341887,False,False
2024-11-05,2024,11,F002,华南工厂,P003,产品C,PT005,部件C1,核心,150,PT005,PT005,4,54,59,40,0.0,False,0.06779661016949153,8850,0.0,False,,1.0273234413341887,False,False
2024-11-06,2024,11,F001,华东工厂,P001,产品A,PT001,部件A1,核心,100,PT001,PT002,2,61,98,50,0.0,False,0.02040816326530612,9800,1.0,True,PT002,0.837469907131237,False,False
2024-11-06,2024,11,F001,华东工厂,P001,产品A,PT003,部件B1,普通,50,PT003,PT004,2,55,35,30,0.0,False,0.05714285714285714,1750,1.0,True,PT004,0.837469907131237,False,False
2024-11-06,2024,11,F001,华东工厂,P002,产品B,PT002,部件A2,核心,95,PT002,PT001,2,60,94,50,0.0,False,0.02127659574468085,8930,1.0,True,PT001,0.9470863212237735,False,False
2024-11-06,2024,11,F001,华东工厂,P002,产品B,PT004,部件B2,普通,48,PT004,PT003,2,51,52,30,0.0,False,0.038461538461538464,2496,1.0,True,PT003,0.9470863212237735,False,False
2024-11-06,2024,11,F001,华东工厂,P003,产品C,PT001,部件A1,核心,100,PT001,PT002,3,61,96,50,0.0,False,0.03125,9600,1.0,True,PT002,0.9060809470726902,False,False
2024-11-06,2024,11,F001,华东工厂,P003,产品C,PT005,部件C1,核心,150,PT005,PT005,3,54,56,40,0.0,False,0.05357142857142857,8400,0.0,False,,0.9060809470726902,False,False
2024-11-06,2024,11,F002,华南工厂,P001,产品A,PT001,部件A1,核心,100,PT001,PT002,2,61,96,50,0.0,False,0.020833333333333332,9600,1.0,True,PT002,0.8975958573516335,False,False
2024-11-06,2024,11,F002,华南工厂,P001,产品A,PT003,部件B1,普通,50,PT003,PT004,2,55,33,30,0.0,False,0.06060606060606061,1650,1.0,True,PT004,0.8975958573516335,False,False
2024-11-06,2024,11,F002,华南工厂,P002,产品B,PT002,部件A2,核心,95,PT002,PT001,3,60,89,50,0.0,False,0.033707865168539325,8455,1.0,True,PT001,1.1892042219009782,False,False
2024-11-06,2024,11,F002,华南工厂,P002,产品B,PT004,部件B2,普通,48,PT004,PT003,3,51,50,30,0.0,False,0.06,2400,1.0,True,PT003,1.1892042219009782,False,False
2024-11-06,2024,11,F002,华南工厂,P003,产品C,PT001,部件A1,核心,100,PT001,PT002,3,61,93,50,0.0,False,0.03225806451612903,9300,1.0,True,PT002,0.9572390898667041,False,False
2024-11-06,2024,11,F002,华南工厂,P003,产品C,PT005,部件C1,核心,150,PT005,PT005,3,54,53,40,0.0,False,0.05660377358490566,7950,0.0,False,,0.9572390898667041,False,False
2024-11-07,2024,11,F001,华东工厂,P001,产品A,PT001,部件A1,核心,100,PT001,PT002,3,61,93,50,0.0,False,0.03225806451612903,9300,1.0,True,PT002,1.1568186220708454,False,False
2024-11-07,2024,11,F001,华东工厂,P001,产品A,PT003,部件B1,普通,50,PT003,PT004,3,55,30,30,0.0,False,0.1,1500,1.0,True,PT004,1.1568186220708454,False,False
2024-11-07,2024,11,F001,华东工厂,P002,产品B,PT002,部件A2,核心,95,PT002,PT001,2,60,83,50,0.0,False,0.024096385542168676,7885,1.0,True,PT001,1.0524554503989052,False,False
2024-11-07,2024,11,F001,华东工厂,P002,产品B,PT004,部件B2,普通,48,PT004,PT004,2,51,45,30,0.0,False,0.044444444444444446,2160,0.0,False,,1.0524554503989052,False,False
2024-11-07,2024,11,F001,华东工厂,P003,产品C,PT001,部件A1,核心,100,PT001,PT002,4,61,91,50,0.0,False,0.04395604395604396,9100,1.0,True,PT002,1.1179245214166593,False,False
2024-11-07,2024,11,F001,华东工厂,P003,产品C,PT005,部件C1,核心,150,PT005,PT005,4,54,49,40,0.0,False,0.08163265306122448,7350,0.0,False,,1.1179245214166593,False,False
2024-11-07,2024,11,F002,华南工厂,P001,产品A,PT001,部件A1,核心,100,PT001,PT002,3,61,91,50,0.0,False,0.03296703296703297,9100,1.0,True,PT002,1.001054837242077,False,False
2024-11-07,2024,11,F002,华南工厂,P001,产品A,PT003,部件B1,普通,50,PT003,PT004,3,55,30,30,0.0,False,0.1,1500,1.0,True,PT004,1.001054837242077,False,False
2024-11-07,2024,11,F002,华南工厂,P002,产品B,PT002,部件A2,核心,95,PT002,PT001,2,60,76,50,0.0,False,0.02631578947368421,7220,1.0,True,PT001,1.0307615538505437,False,False
2024-11-07,2024,11,F002,华南工厂,P002,产品B,PT004,部件B2,普通,48,PT004,PT004,2,51,40,30,0.0,False,0.05,1920,0.0,False,,1.0307615538505437,False,False
2024-11-07,2024,11,F002,华南工厂,P003,产品C,PT001,部件A1,核心,100,PT001,PT002,3,61,89,50,0.0,False,0.033707865168539325,8900,1.0,True,PT002,0.9970070775275456,False,False
2024-11-07,2024,11,F002,华南工厂,P003,产品C,PT005,部件C1,核心,150,PT005,PT005,3,54,46,40,0.0,False,0.06521739130434782,6900,0.0,False,,0.9970070775275456,False,False
2024-11-08,2024,11,F001,华东工厂,P001,产品A,PT001,部件A1,核心,100,PT001,PT002,2,61,89,50,0.0,False,0.02247191011235955,8900,1.0,True,PT002,0.8780971951192178,False,False
2024-11-08,2024,11,F001,华东工厂,P001,产品A,PT003,部件B1,普通,50,PT003,PT004,2,55,30,30,0.0,False,0.06666666666666667,1500,1.0,True,PT004,0.8780971951192178,False,False
2024-11-08,2024,11,F001,华东工厂,P002,产品B,PT002,部件A2,核心,95,PT002,PT001,2,60,71,50,0.0,False,0.028169014084507043,6745,1.0,True,PT001,1.0889808461046022,False,False
2024-11-08,2024,11,F001,华东工厂,P002,产品B,PT004,部件B2,普通,48,PT004,PT004,2,51,36,30,0.0,False,0.05555555555555555,1728,0.0,False,,1.0889808461046022,False,False
2024-11-08,2024,11,F001,华东工厂,P003,产品C,PT001,部件A1,核心,100,PT001,PT002,3,61,87,50,0.0,False,0.034482758620689655,8700,1.0,True,PT002,0.9123089449763423,False,False
2024-11-08,2024,11,F001,华东工厂,P003,产品C,PT005,部件C1,核心,150,PT005,PT005,3,54,43,40,0.0,False,0.06976744186046512,6450,0.0,False,,0.9123089449763423,False,False
2024-11-08,2024,11,F002,华南工厂,P001,产品A,PT001,部件A1,核心,100,PT001,PT002,2,61,87,50,0.0,False,0.022988505747126436,8700,1.0,True,PT002,0.8097263865725816,False,False
2024-11-08,2024,11,F002,华南工厂,P001,产品A,PT003,部件B1,普通,50,PT003,PT004,2,55,30,30,0.0,False,0.06666666666666667,1500,1.0,True,PT004,0.8097263865725816,False,False
2024-11-08,2024,11,F002,华南工厂,P002,产品B,PT002,部件A2,核心,95,PT002,PT001,2,60,66,50,0.0,False,0.030303030303030304,6270,1.0,True,PT001,1.058188918362867,False,False
2024-11-08,2024,11,F002,华南工厂,P002,产品B,PT004,部件B2,普通,48,PT004,PT004,2,51,32,30,0.0,False,0.0625,1536,0.0,False,,1.058188918362867,False,False
2024-11-08,2024,11,F002,华南工厂,P003,产品C,PT001,部件A1,核心,100,PT001,PT002,3,61,85,50,0.0,False,0.03529411764705882,8500,1.0,True,PT002,0.8708442717628196,False,False
2024-11-08,2024,11,F002,华南工厂,P003,产品C,PT005,部件C1,核心,150,PT005,PT005,3,54,40,40,0.0,False,0.075,6000,0.0,False,,0.8708442717628196,False,False
2024-11-09,2024,11,F001,华东工厂,P001,产品A,PT001,部件A1,核心,100,PT001,PT002,3,61,85,50,0.0,False,0.03529411764705882,8500,1.0,True,PT002,1.1761834337411656,False,False
2024-11-09,2024,11,F001,华东工厂,P001,产品A,PT003,部件B1,普通,50,PT003,PT004,3,55,30,30,0.0,False,0.1,1500,1.0,True,PT004,1.1761834337411656,False,False
2024-11-09,2024,11,F001,华东工厂,P002,产品B,PT002,部件A2,核心,95,PT002,PT001,3,60,60,50,0.0,False,0.05,5700,1.0,True,PT001,1.1815714308010348,False,False
2024-11-09,2024,11,F001,华东工厂,P002,产品B,PT004,部件B2,普通,48,PT004,PT004,3,51,60,30,0.0,False,0.05,2880,0.0,False,,1.1815714308010348,False,False
2024-11-09,2024,11,F001,华东工厂,P003,产品C,PT001,部件A1,核心,100,PT001,PT002,4,61,82,50,0.0,False,0.04878048780487805,8200,1.0,True,PT002,1.1659457560881794,False,False
2024-11-09,2024,11,F001,华东工厂,P003,产品C,PT005,部件C1,核心,150,PT005,PT005,4,54,80,40,0.0,False,0.05,12000,0.0,False,,1.1659457560881794,False,False
2024-11-09,2024,11,F002,华南工厂,P001,产品A,PT001,部件A1,核心,100,PT001,PT002,3,61,82,50,0.0,False,0.036585365853658534,8200,1.0,True,PT002,0.9480634801021778,False,False
2024-11-09,2024,11,F002,华南工厂,P001,产品A,PT003,部件B1,普通,50,PT003,PT004,3,55,30,30,0.0,False,0.1,1500,1.0,True,PT004,0.9480634801021778,False,False
2024-11-09,2024,11,F002,华南工厂,P002,产品B,PT002,部件A2,核心,95,PT002,PT001,2,60,53,50,0.0,False,0.03773584905660377,5035,1.0,True,PT001,0.806182646611547,False,False
2024-11-09,2024,11,F002,华南工厂,P002,产品B,PT004,部件B2,普通,48,PT004,PT004,2,51,55,30,0.0,False,0.03636363636363636,2640,0.0,False,,0.806182646611547,False,False
2024-11-09,2024,11,F002,华南工厂,P003,产品C,PT001,部件A1,核心,100,PT001,PT002,4,61,80,50,0.0,False,0.05,8000,1.0,True,PT002,1.17132742503509,False,False
2024-11-09,2024,11,F002,华南工厂,P003,产品C,PT005,部件C1,核心,150,PT005,PT005,4,54,76,40,0.0,False,0.05263157894736842,11400,0.0,False,,1.17132742503509,False,False
2024-11-10,2024,11,F001,华东工厂,P001,产品A,PT001,部件A1,核心,100,PT001,PT001,3,61,77,50,0.0,False,0.03896103896103896,7700,0.0,False,,0.9712736593269258,False,False
2024-11-10,2024,11,F001,华东工厂,P001,产品A,PT003,部件B1,普通,50,PT003,PT004,3,55,30,30,0.0,False,0.1,1500,1.0,True,PT004,0.9712736593269258,False,False
2024-11-10,2024,11,F001,华东工厂,P002,产品B,PT002,部件A2,核心,95,PT002,PT001,3,60,100,50,0.0,False,0.03,9500,1.0,True,PT001,1.1866619276174677,False,False
2024-11-10,2024,11,F001,华东工厂,P002,产品B,PT004,部件B2,普通,48,PT004,PT004,3,51,49,30,0.0,False,0.061224489795918366,2352,0.0,False,,1.1866619276174677,False,False
2024-11-10,2024,11,F001,华东工厂,P003,产品C,PT001,部件A1,核心,100,PT001,PT002,4,61,74,50,0.0,False,0.05405405405405406,7400,1.0,True,PT002,1.185447990835701,False,False
2024-11-10,2024,11,F001,华东工厂,P003,产品C,PT005,部件C1,核心,150,PT005,PT005,4,54,72,40,0.0,False,0.05555555555555555,10800,0.0,False,,1.185447990835701,False,False
2024-11-10,2024,11,F002,华南工厂,P001,产品A,PT001,部件A1,核心,100,PT001,PT002,3,61,74,50,0.0,False,0.04054054054054054,7400,1.0,True,PT002,1.141203782186944,False,False
2024-11-10,2024,11,F002,华南工厂,P001,产品A,PT003,部件B1,普通,50,PT003,PT004,3,55,30,30,0.0,False,0.1,1500,1.0,True,PT004,1.141203782186944,False,False
2024-11-10,2024,11,F002,华南工厂,P002,产品B,PT002,部件A2,核心,95,PT002,PT001,2,60,93,50,0.0,False,0.021505376344086023,8835,1.0,True,PT001,0.9177795568278343,False,False
2024-11-10,2024,11,F002,华南工厂,P002,产品B,PT004,部件B2,普通,48,PT004,PT004,2,51,44,30,0.0,False,0.045454545454545456,2112,0.0,False,,0.9177795568278343,False,False
2024-11-10,2024,11,F002,华南工厂,P003,产品C,PT001,部件A1,核心,100,PT001,PT002,3,61,72,50,0.0,False,0.041666666666666664,7200,1.0,True,PT002,0.9540390914407701,False,False
2024-11-10,2024,11,F002,华南工厂,P003,产品C,PT005,部件C1,核心,150,PT005,PT005,3,54,69,40,0.0,False,0.043478260869565216,10350,0.0,False,,0.9540390914407701,False,False
2024-11-11,2024,11,F001,华东工厂,P001,产品A,PT001,部件A1,核心,100,PT001,PT002,3,61,72,50,0.0,False,0.041666666666666664,7200,1.0,True,PT002,1.1404546686067427,False,False
2024-11-11,2024,11,F001,华东工厂,P001,产品A,PT003,部件B1,普通,50,PT003,PT004,3,55,30,30,0.0,False,0.1,1500,1.0,True,PT004,1.1404546686067427,False,False
2024-11-11,2024,11,F001,华东工厂,P002,产品B,PT002,部件A2,核心,95,PT002,PT001,2,60,87,50,0.0,False,0.022988505747126436,8265,1.0,True,PT001,0.9267688020625111,False,False
2024-11-11,2024,11,F001,华东工厂,P002,产品B,PT004,部件B2,普通,48,PT004,PT004,2,51,39,30,0.0,False,0.05128205128205128,1872,0.0,False,,0.9267688020625111,False,False
2024-11-11,2024,11,F001,华东工厂,P003,产品C,PT001,部件A1,核心,100,PT001,PT002,3,61,70,50,0.0,False,0.04285714285714286,7000,1.0,True,PT002,0.867797098674437,False,False
2024-11-11,2024,11,F001,华东工厂,P003,产品C,PT005,部件C1,核心,150,PT005,PT005,3,54,66,40,0.0,False,0.045454545454545456,9900,0.0,False,,0.867797098674437,False,False
2024-11-11,2024,11,F002,华南工厂,P001,产品A,PT001,部件A1,核心,100,PT001,PT002,3,61,70,50,0.0,False,0.04285714285714286,7000,1.0,True,PT002,1.02272050498334,False,False
2024-11-11,2024,11,F002,华南工厂,P001,产品A,PT003,部件B1,普通,50,PT003,PT004,3,55,30,30,0.0,False,0.1,1500,1.0,True,PT004,1.02272050498334,False,False
2024-11-11,2024,11,F002,华南工厂,P002,产品B,PT002,部件A2,核心,95,PT002,PT001,3,60,81,50,0.0,False,0.037037037037037035,7695,1.0,True,PT001,1.1744619096643123,False,False
2024-11-11,2024,11,F002,华南工厂,P002,产品B,PT004,部件B2,普通,48,PT004,PT004,3,51,33,30,0.0,False,0.09090909090909091,1584,0.0,False,,1.1744619096643123,False,False
2024-11-11,2024,11,F002,华南工厂,P003,产品C,PT001,部件A1,核心,100,PT001,PT002,4,61,67,50,0.0,False,0.05970149253731343,6700,1.0,True,PT002,1.0784119186699892,False,False
2024-11-11,2024,11,F002,华南工厂,P003,产品C,PT005,部件C1,核心,150,PT005,PT005,4,54,62,40,0.0,False,0.06451612903225806,9300,0.0,False,,1.0784119186699892,False,False
2024-11-12,2024,11,F001,华东工厂,P001,产品A,PT001,部件A1,核心,100,PT001,PT002,3,61,67,50,0.0,False,0.04477611940298507,6700,1.0,True,PT002,1.028024468035746,False,False
2024-11-12,2024,11,F001,华东工厂,P001,产品A,PT003,部件B1,普通,50,PT003,PT004,3,55,30,30,0.0,False,0.1,1500,1.0,True,PT004,1.028024468035746,False,False
2024-11-12,2024,11,F001,华东工厂,P002,产品B,PT002,部件A2,核心,95,PT002,PT001,2,60,74,50,0.0,False,0.02702702702702703,7030,1.0,True,PT001,0.8388705975083075,False,False
2024-11-12,2024,11,F001,华东工厂,P002,产品B,PT004,部件B2,普通,48,PT004,PT004,2,51,60,30,0.0,False,0.03333333333333333,2880,0.0,False,,0.8388705975083075,False,False
2024-11-12,2024,11,F001,华东工厂,P003,产品C,PT001,部件A1,核心,100,PT001,PT002,4,61,65,50,0.0,False,0.06153846153846154,6500,1.0,True,PT002,1.046002890679668,False,False
2024-11-12,2024,11,F001,华东工厂,P003,产品C,PT005,部件C1,核心,150,PT005,PT005,4,54,58,40,0.0,False,0.06896551724137931,8700,0.0,False,,1.046002890679668,False,False
2024-11-12,2024,11,F002,华南工厂,P001,产品A,PT001,部件A1,核心,100,PT001,PT002,3,61,65,50,0.0,False,0.046153846153846156,6500,1.0,True,PT002,1.1960215400417051,False,False
2024-11-12,2024,11,F002,华南工厂,P001,产品A,PT003,部件B1,普通,50,PT003,PT004,3,55,30,30,0.0,False,0.1,1500,1.0,True,PT004,1.1960215400417051,False,False
2024-11-12,2024,11,F002,华南工厂,P002,产品B,PT002,部件A2,核心,95,PT002,PT001,2,60,67,50,0.0,False,0.029850746268656716,6365,1.0,True,PT001,0.8560336060946097,False,False
2024-11-12,2024,11,F002,华南工厂,P002,产品B,PT004,部件B2,普通,48,PT004,PT004,2,51,55,30,0.0,False,0.03636363636363636,2640,0.0,False,,0.8560336060946097,False,False
2024-11-12,2024,11,F002,华南工厂,P003,产品C,PT001,部件A1,核心,100,PT001,PT002,4,61,63,50,0.0,False,0.06349206349206349,6300,1.0,True,PT002,1.0073318609454947,False,False
2024-11-12,2024,11,F002,华南工厂,P003,产品C,PT005,部件C1,核心,150,PT005,PT005,4,54,54,40,0.0,False,0.07407407407407407,8100,0.0,False,,1.0073318609454947,False,False
2024-11-13,2024,11,F001,华东工厂,P001,产品A,PT001,部件A1,核心,100,PT001,PT002,3,61,63,50,0.0,False,0.047619047619047616,6300,1.0,True,PT002,1.1509492287711822,False,False
2024-11-13,2024,11,F001,华东工厂,P001,产品A,PT003,部件B1,普通,50,PT003,PT004,3,55,30,30,0.0,False,0.1,1500,1.0,True,PT004,1.1509492287711822,False,False
2024-11-13,2024,11,F001,华东工厂,P002,产品B,PT002,部件A2,核心,95,PT002,PT001,2,60,60,50,0.0,False,0.03333333333333333,5700,1.0,True,PT001,1.0963074471016818,False,False
2024-11-13,2024,11,F001,华东工厂,P002,产品B,PT004,部件B2,普通,48,PT004,PT004,2,51,50,30,0.0,False,0.04,2400,0.0,False,,1.0963074471016818,False,False
2024-11-13,2024,11,F001,华东工厂,P003,产品C,PT001,部件A1,核心,100,PT001,PT002,4,61,61,50,0.0,False,0.06557377049180328,6100,1.0,True,PT002,1.078806296398107,False,False
2024-11-13,2024,11,F001,华东工厂,P003,产品C,PT005,部件C1,核心,150,PT005,PT005,4,54,50,40,0.0,False,0.08,7500,0.0,False,,1.078806296398107,False,False
2024-11-13,2024,11,F002,华南工厂,P001,产品A,PT001,部件A1,核心,100,PT001,PT002,3,61,61,50,0.0,False,0.04918032786885246,6100,1.0,True,PT002,1.0809936335948436,False,False
2024-11-13,2024,11,F002,华南工厂,P001,产品A,PT003,部件B1,普通,50,PT003,PT004,3,55,30,30,0.0,False,0.1,1500,1.0,True,PT004,1.0809936335948436,False,False
2024-11-13,2024,11,F002,华南工厂,P002,产品B,PT002,部件A2,核心,95,PT002,PT001,2,60,53,50,0.0,False,0.03773584905660377,5035,1.0,True,PT001,0.9437964604879021,False,False
2024-11-13,2024,11,F002,华南工厂,P002,产品B,PT004,部件B2,普通,48,PT004,PT004,2,51,45,30,0.0,False,0.044444444444444446,2160,0.0,False,,0.9437964604879021,False,False
2024-11-13,2024,11,F002,华南工厂,P003,产品C,PT001,部件A1,核心,100,PT001,PT002,3,61,59,50,0.0,False,0.05084745762711865,5900,1.0,True,PT002,0.9174367377057974,False,False
2024-11-13,2024,11,F002,华南工厂,P003,产品C,PT005,部件C1,核心,150,PT005,PT005,3,54,47,40,0.0,False,0.06382978723404255,7050,0.0,False,,0.9174367377057974,False,False
2024-11-14,2024,11,F001,华东工厂,P001,产品A,PT001,部件A1,核心,100,PT001,PT001,3,61,56,50,0.0,False,0.05357142857142857,5600,0.0,False,,1.1237444621914054,False,False
2024-11-14,2024,11,F001,华东工厂,P001,产品A,PT003,部件B1,普通,50,PT003,PT004,3,55,30,30,0.0,False,0.1,1500,1.0,True,PT004,1.1237444621914054,False,False
2024-11-14,2024,11,F001,华东工厂,P002,产品B,PT002,部件A2,核心,95,PT002,PT001,2,60,50,50,0.0,False,0.04,4750,1.0,True,PT001,1.1240453578716723,False,False
2024-11-14,2024,11,F001,华东工厂,P002,产品B,PT004,部件B2,普通,48,PT004,PT004,2,51,40,30,0.0,False,0.05,1920,0.0,False,,1.1240453578716723,False,False
2024-11-14,2024,11,F001,华东工厂,P003,产品C,PT001,部件A1,核心,100,PT001,PT001,4,61,50,50,0.0,False,0.08,5000,0.0,False,,1.1468289274320416,False,False
2024-11-14,2024,11,F001,华东工厂,P003,产品C,PT005,部件C1,核心,150,PT005,PT005,4,54,43,40,0.0,False,0.09302325581395349,6450,0.0,False,,1.1468289274320416,False,False
2024-11-14,2024,11,F002,华南工厂,P001,产品A,PT001,部件A1,核心,100,PT001,PT001,3,61,100,50,0.0,False,0.03,10000,0.0,False,,1.1652962210225886,False,False
2024-11-14,2024,11,F002,华南工厂,P001,产品A,PT003,部件B1,普通,50,PT003,PT004,3,55,30,30,0.0,False,0.1,1500,1.0,True,PT004,1.1652962210225886,False,False
2024-11-14,2024,11,F002,华南工厂,P002,产品B,PT002,部件A2,核心,95,PT002,PT001,2,60,50,50,0.0,False,0.04,4750,1.0,True,PT001,1.0045369595443752,False,False
2024-11-14,2024,11,F002,华南工厂,P002,产品B,PT004,部件B2,普通,48,PT004,PT004,2,51,35,30,0.0,False,0.05714285714285714,1680,0.0,False,,1.0045369595443752,False,False
2024-11-14,2024,11,F002,华南工厂,P003,产品C,PT001,部件A1,核心,100,PT001,PT001,4,61,94,50,0.0,False,0.0425531914893617,9400,0.0,False,,1.0006065178748798,False,False
2024-11-14,2024,11,F002,华南工厂,P003,产品C,PT005,部件C1,核心,150,PT005,PT005,4,54,80,40,0.0,False,0.05,12000,0.0,False,,1.0006065178748798,False,False
2024-11-15,2024,11,F001,华东工厂,P001,产品A,PT001,部件A1,核心,100,PT001,PT001,3,61,91,50,0.0,False,0.03296703296703297,9100,0.0,False,,1.1193180715867102,False,False
2024-11-15,2024,11,F001,华东工厂,P001,产品A,PT003,部件B1,普通,50,PT003,PT004,3,55,30,30,0.0,False,0.1,1500,1.0,True,PT004,1.1193180715867102,False,False
2024-11-15,2024,11,F001,华东工厂,P002,产品B,PT002,部件A2,核心,95,PT002,PT001,2,60,50,50,0.0,False,0.04,4750,1.0,True,PT001,1.059985572311106,False,False
2024-11-15,2024,11,F001,华东工厂,P002,产品B,PT004,部件B2,普通,48,PT004,PT004,2,51,30,30,0.0,False,0.06666666666666667,1440,0.0,False,,1.059985572311106,False,False
2024-11-15,2024,11,F001,华东工厂,P003,产品C,PT001,部件A1,核心,100,PT001,PT001,4,61,85,50,0.0,False,0.047058823529411764,8500,0.0,False,,1.0807867509030813,False,False
2024-11-15,2024,11,F001,华东工厂,P003,产品C,PT005,部件C1,核心,150,PT005,PT005,4,54,76,40,0.0,False,0.05263157894736842,11400,0.0,False,,1.0807867509030813,False,False
2024-11-15,2024,11,F002,华南工厂,P001,产品A,PT001,部件A1,核心,100,PT001,PT001,3,61,82,50,0.0,False,0.036585365853658534,8200,0.0,False,,1.1183170677744405,False,False
2024-11-15,2024,11,F002,华南工厂,P001,产品A,PT003,部件B1,普通,50,PT003,PT003,3,55,60,30,0.0,False,0.05,3000,0.0,False,,1.1183170677744405,False,False
2024-11-15,2024,11,F002,华南工厂,P002,产品B,PT002,部件A2,核心,95,PT002,PT001,3,60,50,50,0.0,False,0.06,4750,1.0,True,PT001,1.1560021367270266,False,False
2024-11-15,2024,11,F002,华南工厂,P002,产品B,PT004,部件B2,普通,48,PT004,PT003,3,51,30,30,0.0,False,0.1,1440,1.0,True,PT003,1.1560021367270266,False,False
2024-11-15,2024,11,F002,华南工厂,P003,产品C,PT001,部件A1,核心,100,PT001,PT001,3,61,76,50,0.0,False,0.039473684210526314,7600,0.0,False,,0.9351980627406143,False,False
2024-11-15,2024,11,F002,华南工厂,P003,产品C,PT005,部件C1,核心,150,PT005,PT005,3,54,73,40,0.0,False,0.0410958904109589,10950,0.0,False,,0.9351980627406143,False,False
2024-11-16,2024,11,F001,华东工厂,P001,产品A,PT001,部件A1,核心,100,PT001,PT001,3,61,73,50,0.0,False,0.0410958904109589,7300,0.0,False,,0.9502331810559776,False,False
2024-11-16,2024,11,F001,华东工厂,P001,产品A,PT003,部件B1,普通,50,PT003,PT003,3,55,54,30,0.0,False,0.05555555555555555,2700,0.0,False,,0.9502331810559776,False,False
2024-11-16,2024,11,F001,华东工厂,P002,产品B,PT002,部件A2,核心,95,PT002,PT001,2,60,50,50,0.0,False,0.04,4750,1.0,True,PT001,0.8375927759363476,False,False
2024-11-16,2024,11,F001,华东工厂,P002,产品B,PT004,部件B2,普通,48,PT004,PT003,2,51,30,30,0.0,False,0.06666666666666667,1440,1.0,True,PT003,0.8375927759363476,False,False
2024-11-16,2024,11,F001,华东工厂,P003,产品C,PT001,部件A1,核心,100,PT001,PT001,4,61,67,50,0.0,False,0.05970149253731343,6700,0.0,False,,1.0313120563984697,False,False
2024-11-16,2024,11,F001,华东工厂,P003,产品C,PT005,部件C1,核心,150,PT005,PT005,4,54,69,40,0.0,False,0.057971014492753624,10350,0.0,False,,1.0313120563984697,False,False
2024-11-16,2024,11,F002,华南工厂,P001,产品A,PT001,部件A1,核心,100,PT001,PT001,2,61,65,50,0.0,False,0.03076923076923077,6500,0.0,False,,0.8143769095186969,False,False
2024-11-16,2024,11,F002,华南工厂,P001,产品A,PT003,部件B1,普通,50,PT003,PT003,2,55,50,30,0.0,False,0.04,2500,0.0,False,,0.8143769095186969,False,False
2024-11-16,2024,11,F002,华南工厂,P002,产品B,PT002,部件A2,核心,95,PT002,PT001,2,60,50,50,0.0,False,0.04,4750,1.0,True,PT001,0.9862392072529841,False,False
2024-11-16,2024,11,F002,华南工厂,P002,产品B,PT004,部件B2,普通,48,PT004,PT003,2,51,30,30,0.0,False,0.06666666666666667,1440,1.0,True,PT003,0.9862392072529841,False,False
2024-11-16,2024,11,F002,华南工厂,P003,产品C,PT001,部件A1,核心,100,PT001,PT001,4,61,59,50,0.0,False,0.06779661016949153,5900,0.0,False,,1.0170578538830306,False,False
2024-11-16,2024,11,F002,华南工厂,P003,产品C,PT005,部件C1,核心,150,PT005,PT005,4,54,65,40,0.0,False,0.06153846153846154,9750,0.0,False,,1.0170578538830306,False,False
2024-11-17,2024,11,F001,华东工厂,P001,产品A,PT001,部件A1,核心,100,PT001,PT001,3,61,56,50,0.0,False,0.05357142857142857,5600,0.0,False,,0.9146165008513137,False,False
2024-11-17,2024,11,F001,华东工厂,P001,产品A,PT003,部件B1,普通,50,PT003,PT003,3,55,45,30,0.0,False,0.06666666666666667,2250,0.0,False,,0.9146165008513137,False,False
2024-11-17,2024,11,F001,华东工厂,P002,产品B,PT002,部件A2,核心,95,PT002,PT001,2,60,50,50,0.0,False,0.04,4750,1.0,True,PT001,1.0363333042276044,False,False
2024-11-17,2024,11,F001,华东工厂,P002,产品B,PT004,部件B2,普通,48,PT004,PT003,2,51,30,30,0.0,False,0.06666666666666667,1440,1.0,True,PT003,1.0363333042276044,False,False
2024-11-17,2024,11,F001,华东工厂,P003,产品C,PT001,部件A1,核心,100,PT001,PT001,3,61,51,50,0.0,False,0.058823529411764705,5100,0.0,False,,0.8122000999756198,False,False
2024-11-17,2024,11,F001,华东工厂,P003,产品C,PT005,部件C1,核心,150,PT005,PT005,3,54,62,40,0.0,False,0.04838709677419355,9300,0.0,False,,0.8122000999756198,False,False
2024-11-17,2024,11,F002,华南工厂,P001,产品A,PT001,部件A1,核心,100,PT001,PT001,2,61,100,50,0.0,False,0.02,10000,0.0,False,,0.8149392754996858,False,False
2024-11-17,2024,11,F002,华南工厂,P001,产品A,PT003,部件B1,普通,50,PT003,PT003,2,55,41,30,0.0,False,0.04878048780487805,2050,0.0,False,,0.8149392754996858,False,False
2024-11-17,2024,11,F002,华南工厂,P002,产品B,PT002,部件A2,核心,95,PT002,PT001,3,60,50,50,0.0,False,0.06,4750,1.0,True,PT001,1.1290402242638633,False,False
2024-11-17,2024,11,F002,华南工厂,P002,产品B,PT004,部件B2,普通,48,PT004,PT003,3,51,30,30,0.0,False,0.1,1440,1.0,True,PT003,1.1290402242638633,False,False
2024-11-17,2024,11,F002,华南工厂,P003,产品C,PT001,部件A1,核心,100,PT001,PT001,3,61,94,50,0.0,False,0.031914893617021274,9400,0.0,False,,0.9440762565645051,False,False
2024-11-17,2024,11,F002,华南工厂,P003,产品C,PT005,部件C1,核心,150,PT005,PT005,3,54,59,40,0.0,False,0.05084745762711865,8850,0.0,False,,0.9440762565645051,False,False
2024-11-18,2024,11,F001,华东工厂,P001,产品A,PT001,部件A1,核心,100,PT001,PT001,2,61,92,50,0.0,False,0.021739130434782608,9200,0.0,False,,0.850824205060754,False,False
2024-11-18,2024,11,F001,华东工厂,P001,产品A,PT003,部件B1,普通,50,PT003,PT003,2,55,36,30,0.0,False,0.05555555555555555,1800,0.0,False,,0.850824205060754,False,False
2024-11-18,2024,11,F001,华东工厂,P002,产品B,PT002,部件A2,核心,95,PT002,PT001,2,60,50,50,0.0,False,0.04,4750,1.0,True,PT001,1.0088973040219218,False,False
2024-11-18,2024,11,F001,华东工厂,P002,产品B,PT004,部件B2,普通,48,PT004,PT003,2,51,30,30,0.0,False,0.06666666666666667,1440,1.0,True,PT003,1.0088973040219218,False,False
2024-11-18,2024,11,F001,华东工厂,P003,产品C,PT001,部件A1,核心,100,PT001,PT001,4,61,86,50,0.0,False,0.046511627906976744,8600,0.0,False,,1.1079974212394443,False,False
2024-11-18,2024,11,F001,华东工厂,P003,产品C,PT005,部件C1,核心,150,PT005,PT005,4,54,55,40,0.0,False,0.07272727272727272,8250,0.0,False,,1.1079974212394443,False,False
2024-11-18,2024,11,F002,华南工厂,P001,产品A,PT001,部件A1,核心,100,PT001,PT001,2,61,84,50,0.0,False,0.023809523809523808,8400,0.0,False,,0.8863284109987373,False,False
2024-11-18,2024,11,F002,华南工厂,P001,产品A,PT003,部件B1,普通,50,PT003,PT003,2,55,32,30,0.0,False,0.0625,1600,0.0,False,,0.8863284109987373,False,False
2024-11-18,2024,11,F002,华南工厂,P002,产品B,PT002,部件A2,核心,95,PT002,PT001,2,60,50,50,0.0,False,0.04,4750,1.0,True,PT001,1.0491561903276,False,False
2024-11-18,2024,11,F002,华南工厂,P002,产品B,PT004,部件B2,普通,48,PT004,PT003,2,51,30,30,0.0,False,0.06666666666666667,1440,1.0,True,PT003,1.0491561903276,False,False
2024-11-18,2024,11,F002,华南工厂,P003,产品C,PT001,部件A1,核心,100,PT001,PT001,3,61,79,50,0.0,False,0.0379746835443038,7900,0.0,False,,0.8341389859975072,False,False
2024-11-18,2024,11,F002,华南工厂,P003,产品C,PT005,部件C1,核心,150,PT005,PT005,3,54,52,40,0.0,False,0.057692307692307696,7800,0.0,False,,0.8341389859975072,False,False
2024-11-19,2024,11,F001,华东工厂,P001,产品A,PT001,部件A1,核心,100,PT001,PT001,2,61,77,50,0.0,False,0.025974025974025976,7700,0.0,False,,0.8206726884674431,False,False
2024-11-19,2024,11,F001,华东工厂,P001,产品A,PT003,部件B1,普通,50,PT003,PT003,2,55,60,30,0.0,False,0.03333333333333333,3000,0.0,False,,0.8206726884674431,False,False
2024-11-19,2024,11,F001,华东工厂,P002,产品B,PT002,部件A2,核心,95,PT002,PT001,2,60,50,50,0.0,False,0.04,4750,1.0,True,PT001,1.0125418526272592,False,False
2024-11-19,2024,11,F001,华东工厂,P002,产品B,PT004,部件B2,普通,48,PT004,PT003,2,51,30,30,0.0,False,0.06666666666666667,1440,1.0,True,PT003,1.0125418526272592,False,False
2024-11-19,2024,11,F001,华东工厂,P003,产品C,PT001,部件A1,核心,100,PT001,PT001,4,61,71,50,0.0,False,0.056338028169014086,7100,0.0,False,,1.0162540486440426,False,False
2024-11-19,2024,11,F001,华东工厂,P003,产品C,PT005,部件C1,核心,150,PT005,PT005,4,54,48,40,0.0,False,0.08333333333333333,7200,0.0,False,,1.0162540486440426,False,False
2024-11-19,2024,11,F002,华南工厂,P001,产品A,PT001,部件A1,核心,100,PT001,PT001,3,61,68,50,0.0,False,0.04411764705882353,6800,0.0,False,,1.0549719605992827,False,False
2024-11-19,2024,11,F002,华南工厂,P001,产品A,PT003,部件B1,普通,50,PT003,PT003,3,55,55,30,0.0,False,0.05454545454545454,2750,0.0,False,,1.0549719605992827,False,False
2024-11-19,2024,11,F002,华南工厂,P002,产品B,PT002,部件A2,核心,95,PT002,PT001,2,60,50,50,0.0,False,0.04,4750,1.0,True,PT001,1.0904365334890647,False,False
2024-11-19,2024,11,F002,华南工厂,P002,产品B,PT004,部件B2,普通,48,PT004,PT003,2,51,30,30,0.0,False,0.06666666666666667,1440,1.0,True,PT003,1.0904365334890647,False,False
2024-11-19,2024,11,F002,华南工厂,P003,产品C,PT001,部件A1,核心,100,PT001,PT001,4,61,62,50,0.0,False,0.06451612903225806,6200,0.0,False,,1.1903408317850137,False,False
2024-11-19,2024,11,F002,华南工厂,P003,产品C,PT005,部件C1,核心,150,PT005,PT005,4,54,44,40,0.0,False,0.09090909090909091,6600,0.0,False,,1.1903408317850137,False,False
2024-11-20,2024,11,F001,华东工厂,P001,产品A,PT001,部件A1,核心,100,PT001,PT001,3,61,59,50,0.0,False,0.05084745762711865,5900,0.0,False,,1.0065201393204781,False,False
2024-11-20,2024,11,F001,华东工厂,P001,产品A,PT003,部件B1,普通,50,PT003,PT003,3,55,50,30,0.0,False,0.06,2500,0.0,False,,1.0065201393204781,False,False
2024-11-20,2024,11,F001,华东工厂,P002,产品B,PT002,部件A2,核心,95,PT002,PT001,2,60,50,50,0.0,False,0.04,4750,1.0,True,PT001,0.9291825891764984,False,False
2024-11-20,2024,11,F001,华东工厂,P002,产品B,PT004,部件B2,普通,48,PT004,PT003,2,51,30,30,0.0,False,0.06666666666666667,1440,1.0,True,PT003,0.9291825891764984,False,False
2024-11-20,2024,11,F001,华东工厂,P003,产品C,PT001,部件A1,核心,100,PT001,PT001,4,61,53,50,0.0,False,0.07547169811320754,5300,0.0,False,,1.1180744779074814,False,False
2024-11-20,2024,11,F001,华东工厂,P003,产品C,PT005,部件C1,核心,150,PT005,PT005,4,54,40,40,0.0,False,0.1,6000,0.0,False,,1.1180744779074814,False,False
2024-11-20,2024,11,F002,华南工厂,P001,产品A,PT001,部件A1,核心,100,PT001,PT001,3,61,50,50,0.0,False,0.06,5000,0.0,False,,0.9083329005048297,False,False
2024-11-20,2024,11,F002,华南工厂,P001,产品A,PT003,部件B1,普通,50,PT003,PT003,3,55,45,30,0.0,False,0.06666666666666667,2250,0.0,False,,0.9083329005048297,False,False
2024-11-20,2024,11,F002,华南工厂,P002,产品B,PT002,部件A2,核心,95,PT002,PT002,2,60,100,50,0.0,False,0.02,9500,0.0,False,,0.9755885682822545,False,False
2024-11-20,2024,11,F002,华南工厂,P002,产品B,PT004,部件B2,普通,48,PT004,PT003,2,51,30,30,0.0,False,0.06666666666666667,1440,1.0,True,PT003,0.9755885682822545,False,False
2024-11-20,2024,11,F002,华南工厂,P003,产品C,PT001,部件A1,核心,100,PT001,PT002,3,61,50,50,0.0,False,0.06,5000,1.0,True,PT002,0.8313825525369064,False,False
2024-11-20,2024,11,F002,华南工厂,P003,产品C,PT005,部件C1,核心,150,PT005,PT005,3,54,80,40,0.0,False,0.0375,12000,0.0,False,,0.8313825525369064,False,False
2024-11-21,2024,11,F001,华东工厂,P001,产品A,PT001,部件A1,核心,100,PT001,PT002,2,61,50,50,0.0,False,0.04,5000,1.0,True,PT002,0.8101402973661831,False,False
2024-11-21,2024,11,F001,华东工厂,P001,产品A,PT003,部件B1,普通,50,PT003,PT003,2,55,41,30,0.0,False,0.04878048780487805,2050,0.0,False,,0.8101402973661831,False,False
2024-11-21,2024,11,F001,华东工厂,P002,产品B,PT002,部件A2,核心,95,PT002,PT002,3,60,92,50,0.0,False,0.03260869565217391,8740,0.0,False,,1.1850593658711701,False,False
2024-11-21,2024,11,F001,华东工厂,P002,产品B,PT004,部件B2,普通,48,PT004,PT003,3,51,30,30,0.0,False,0.1,1440,1.0,True,PT003,1.1850593658711701,False,False
2024-11-21,2024,11,F001,华东工厂,P003,产品C,PT001,部件A1,核心,100,PT001,PT002,4,61,50,50,0.0,False,0.08,5000,1.0,True,PT002,1.1343920482048824,False,False
2024-11-21,2024,11,F001,华东工厂,P003,产品C,PT005,部件C1,核心,150,PT005,PT005,4,54,76,40,0.0,False,0.05263157894736842,11400,0.0,False,,1.1343920482048824,False,False
2024-11-21,2024,11,F002,华南工厂,P001,产品A,PT001,部件A1,核心,100,PT001,PT002,3,61,50,50,0.0,False,0.06,5000,1.0,True,PT002,1.0783896824374792,False,False
2024-11-21,2024,11,F002,华南工厂,P001,产品A,PT003,部件B1,普通,50,PT003,PT003,3,55,35,30,0.0,False,0.08571428571428572,1750,0.0,False,,1.0783896824374792,False,False
2024-11-21,2024,11,F002,华南工厂,P002,产品B,PT002,部件A2,核心,95,PT002,PT002,2,60,83,50,0.0,False,0.024096385542168676,7885,0.0,False,,0.963581177765708,False,False
2024-11-21,2024,11,F002,华南工厂,P002,产品B,PT004,部件B2,普通,48,PT004,PT003,2,51,30,30,0.0,False,0.06666666666666667,1440,1.0,True,PT003,0.963581177765708,False,False
2024-11-21,2024,11,F002,华南工厂,P003,产品C,PT001,部件A1,核心,100,PT001,PT002,3,61,50,50,0.0,False,0.06,5000,1.0,True,PT002,0.8693177280283384,False,False
2024-11-21,2024,11,F002,华南工厂,P003,产品C,PT005,部件C1,核心,150,PT005,PT005,3,54,73,40,0.0,False,0.0410958904109589,10950,0.0,False,,0.8693177280283384,False,False
2024-11-22,2024,11,F001,华东工厂,P001,产品A,PT001,部件A1,核心,100,PT001,PT002,2,61,50,50,0.0,False,0.04,5000,1.0,True,PT002,0.8625748170684344,False,False
2024-11-22,2024,11,F001,华东工厂,P001,产品A,PT003,部件B1,普通,50,PT003,PT003,2,55,31,30,0.0,False,0.06451612903225806,1550,0.0,False,,0.8625748170684344,False,False
2024-11-22,2024,11,F001,华东工厂,P002,产品B,PT002,部件A2,核心,95,PT002,PT002,2,60,76,50,0.0,False,0.02631578947368421,7220,0.0,False,,0.9000971592658381,False,False
2024-11-22,2024,11,F001,华东工厂,P002,产品B,PT004,部件B2,普通,48,PT004,PT003,2,51,30,30,0.0,False,0.06666666666666667,1440,1.0,True,PT003,0.9000971592658381,False,False
2024-11-22,2024,11,F001,华东工厂,P003,产品C,PT001,部件A1,核心,100,PT001,PT002,4,61,50,50,0.0,False,0.08,5000,1.0,True,PT002,1.0196906658824483,False,False
2024-11-22,2024,11,F001,华东工厂,P003,产品C,PT005,部件C1,核心,150,PT005,PT005,4,54,69,40,0.0,False,0.057971014492753624,10350,0.0,False,,1.0196906658824483,False,False
2024-11-22,2024,11,F002,华南工厂,P001,产品A,PT001,部件A1,核心,100,PT001,PT002,3,61,50,50,0.0,False,0.06,5000,1.0,True,PT002,1.0858383690800248,False,False
2024-11-22,2024,11,F002,华南工厂,P001,产品A,PT003,部件B1,普通,50,PT003,PT003,3,55,60,30,0.0,False,0.05,3000,0.0,False,,1.0858383690800248,False,False
2024-11-22,2024,11,F002,华南工厂,P002,产品B,PT002,部件A2,核心,95,PT002,PT002,2,60,67,50,0.0,False,0.029850746268656716,6365,0.0,False,,1.0640789506870925,False,False
2024-11-22,2024,11,F002,华南工厂,P002,产品B,PT004,部件B2,普通,48,PT004,PT003,2,51,30,30,0.0,False,0.06666666666666667,1440,1.0,True,PT003,1.0640789506870925,False,False
2024-11-22,2024,11,F002,华南工厂,P003,产品C,PT001,部件A1,核心,100,PT001,PT002,3,61,50,50,0.0,False,0.06,5000,1.0,True,PT002,0.9119735587783772,False,False
2024-11-22,2024,11,F002,华南工厂,P003,产品C,PT005,部件C1,核心,150,PT005,PT005,3,54,66,40,0.0,False,0.045454545454545456,9900,0.0,False,,0.9119735587783772,False,False
2024-11-23,2024,11,F001,华东工厂,P001,产品A,PT001,部件A1,核心,100,PT001,PT002,3,61,50,50,0.0,False,0.06,5000,1.0,True,PT002,1.1819461122652775,False,False
2024-11-23,2024,11,F001,华东工厂,P001,产品A,PT003,部件B1,普通,50,PT003,PT003,3,55,55,30,0.0,False,0.05454545454545454,2750,0.0,False,,1.1819461122652775,False,False
2024-11-23,2024,11,F001,华东工厂,P002,产品B,PT002,部件A2,核心,95,PT002,PT002,2,60,59,50,0.0,False,0.03389830508474576,5605,0.0,False,,1.0951587666783074,False,False
2024-11-23,2024,11,F001,华东工厂,P002,产品B,PT004,部件B2,普通,48,PT004,PT003,2,51,30,30,0.0,False,0.06666666666666667,1440,1.0,True,PT003,1.0951587666783074,False,False
2024-11-23,2024,11,F001,华东工厂,P003,产品C,PT001,部件A1,核心,100,PT001,PT002,4,61,50,50,0.0,False,0.08,5000,1.0,True,PT002,1.0217416210045602,False,False
2024-11-23,2024,11,F001,华东工厂,P003,产品C,PT005,部件C1,核心,150,PT005,PT005,4,54,62,40,0.0,False,0.06451612903225806,9300,0.0,False,,1.0217416210045602,False,False
2024-11-23,2024,11,F002,华南工厂,P001,产品A,PT001,部件A1,核心,100,PT001,PT002,3,61,50,50,0.0,False,0.06,5000,1.0,True,PT002,1.044688298493741,False,False
2024-11-23,2024,11,F002,华南工厂,P001,产品A,PT003,部件B1,普通,50,PT003,PT003,3,55,50,30,0.0,False,0.06,2500,0.0,False,,1.044688298493741,False,False
2024-11-23,2024,11,F002,华南工厂,P002,产品B,PT002,部件A2,核心,95,PT002,PT002,2,60,50,50,0.0,False,0.04,4750,0.0,False,,0.967840024971116,False,False
2024-11-23,2024,11,F002,华南工厂,P002,产品B,PT004,部件B2,普通,48,PT004,PT003,2,51,30,30,0.0,False,0.06666666666666667,1440,1.0,True,PT003,0.967840024971116,False,False
2024-11-23,2024,11,F002,华南工厂,P003,产品C,PT001,部件A1,核心,100,PT001,PT001,3,61,100,50,0.0,False,0.03,10000,0.0,False,,0.899092395800463,False,False
2024-11-23,2024,11,F002,华南工厂,P003,产品C,PT005,部件C1,核心,150,PT005,PT005,3,54,59,40,0.0,False,0.05084745762711865,8850,0.0,False,,0.899092395800463,False,False
2024-11-24,2024,11,F001,华东工厂,P001,产品A,PT001,部件A1,核心,100,PT001,PT001,3,61,97,50,0.0,False,0.030927835051546393,9700,0.0,False,,0.9423890714605047,False,False
2024-11-24,2024,11,F001,华东工厂,P001,产品A,PT003,部件B1,普通,50,PT003,PT003,3,55,45,30,0.0,False,0.06666666666666667,2250,0.0,False,,0.9423890714605047,False,False
2024-11-24,2024,11,F001,华东工厂,P002,产品B,PT002,部件A2,核心,95,PT002,PT001,2,60,50,50,0.0,False,0.04,4750,1.0,True,PT001,1.1031384441857477,False,False
2024-11-24,2024,11,F001,华东工厂,P002,产品B,PT004,部件B2,普通,48,PT004,PT003,2,51,30,30,0.0,False,0.06666666666666667,1440,1.0,True,PT003,1.1031384441857477,False,False
2024-11-24,2024,11,F001,华东工厂,P003,产品C,PT001,部件A1,核心,100,PT001,PT001,3,61,92,50,0.0,False,0.03260869565217391,9200,0.0,False,,0.8057573954519024,False,False
2024-11-24,2024,11,F001,华东工厂,P003,产品C,PT005,部件C1,核心,150,PT005,PT005,3,54,56,40,0.0,False,0.05357142857142857,8400,0.0,False,,0.8057573954519024,False,False
2024-11-24,2024,11,F002,华南工厂,P001,产品A,PT001,部件A1,核心,100,PT001,PT001,2,61,90,50,0.0,False,0.022222222222222223,9000,0.0,False,,0.8464290562027665,False,False
2024-11-24,2024,11,F002,华南工厂,P001,产品A,PT003,部件B1,普通,50,PT003,PT003,2,55,41,30,0.0,False,0.04878048780487805,2050,0.0,False,,0.8464290562027665,False,False
2024-11-24,2024,11,F002,华南工厂,P002,产品B,PT002,部件A2,核心,95,PT002,PT001,2,60,50,50,0.0,False,0.04,4750,1.0,True,PT001,0.8184010568087011,False,False
2024-11-24,2024,11,F002,华南工厂,P002,产品B,PT004,部件B2,普通,48,PT004,PT003,2,51,30,30,0.0,False,0.06666666666666667,1440,1.0,True,PT003,0.8184010568087011,False,False
2024-11-24,2024,11,F002,华南工厂,P003,产品C,PT001,部件A1,核心,100,PT001,PT001,3,61,85,50,0.0,False,0.03529411764705882,8500,0.0,False,,0.816291520927588,False,False
2024-11-24,2024,11,F002,华南工厂,P003,产品C,PT005,部件C1,核心,150,PT005,PT005,3,54,53,40,0.0,False,0.05660377358490566,7950,0.0,False,,0.816291520927588,False,False
2024-11-25,2024,11,F001,华东工厂,P001,产品A,PT001,部件A1,核心,100,PT001,PT001,3,61,82,50,0.0,False,0.036585365853658534,8200,0.0,False,,1.1421842336044028,False,False
2024-11-25,2024,11,F001,华东工厂,P001,产品A,PT003,部件B1,普通,50,PT003,PT003,3,55,36,30,0.0,False,0.08333333333333333,1800,0.0,False,,1.1421842336044028,False,False
2024-11-25,2024,11,F001,华东工厂,P002,产品B,PT002,部件A2,核心,95,PT002,PT001,2,60,50,50,0.0,False,0.04,4750,1.0,True,PT001,1.0814631437520095,False,False
2024-11-25,2024,11,F001,华东工厂,P002,产品B,PT004,部件B2,普通,48,PT004,PT003,2,51,30,30,0.0,False,0.06666666666666667,1440,1.0,True,PT003,1.0814631437520095,False,False
2024-11-25,2024,11,F001,华东工厂,P003,产品C,PT001,部件A1,核心,100,PT001,PT001,3,61,77,50,0.0,False,0.03896103896103896,7700,0.0,False,,0.9896695316349301,False,False
2024-11-25,2024,11,F001,华东工厂,P003,产品C,PT005,部件C1,核心,150,PT005,PT005,3,54,50,40,0.0,False,0.06,7500,0.0,False,,0.9896695316349301,False,False
2024-11-25,2024,11,F002,华南工厂,P001,产品A,PT001,部件A1,核心,100,PT001,PT001,2,61,75,50,0.0,False,0.02666666666666667,7500,0.0,False,,0.8391336642604006,False,False
2024-11-25,2024,11,F002,华南工厂,P001,产品A,PT003,部件B1,普通,50,PT003,PT003,2,55,32,30,0.0,False,0.0625,1600,0.0,False,,0.8391336642604006,False,False
2024-11-25,2024,11,F002,华南工厂,P002,产品B,PT002,部件A2,核心,95,PT002,PT001,2,60,50,50,0.0,False,0.04,4750,1.0,True,PT001,0.996646350046733,False,False
2024-11-25,2024,11,F002,华南工厂,P002,产品B,PT004,部件B2,普通,48,PT004,PT003,2,51,30,30,0.0,False,0.06666666666666667,1440,1.0,True,PT003,0.996646350046733,False,False
2024-11-25,2024,11,F002,华南工厂,P003,产品C,PT001,部件A1,核心,100,PT001,PT001,3,61,70,50,0.0,False,0.04285714285714286,7000,0.0,False,,0.9893887083122263,False,False
2024-11-25,2024,11,F002,华南工厂,P003,产品C,PT005,部件C1,核心,150,PT005,PT005,3,54,47,40,0.0,False,0.06382978723404255,7050,0.0,False,,0.9893887083122263,False,False
2024-11-26,2024,11,F001,华东工厂,P001,产品A,PT001,部件A1,核心,100,PT001,PT001,2,61,68,50,0.0,False,0.029411764705882353,6800,0.0,False,,0.8692807479640061,False,False
2024-11-26,2024,11,F001,华东工厂,P001,产品A,PT003,部件B1,普通,50,PT003,PT003,2,55,60,30,0.0,False,0.03333333333333333,3000,0.0,False,,0.8692807479640061,False,False
2024-11-26,2024,11,F001,华东工厂,P002,产品B,PT002,部件A2,核心,95,PT002,PT001,2,60,50,50,0.0,False,0.04,4750,1.0,True,PT001,0.9735406596951892,False,False
2024-11-26,2024,11,F001,华东工厂,P002,产品B,PT004,部件B2,普通,48,PT004,PT003,2,51,30,30,0.0,False,0.06666666666666667,1440,1.0,True,PT003,0.9735406596951892,False,False
2024-11-26,2024,11,F001,华东工厂,P003,产品C,PT001,部件A1,核心,100,PT001,PT001,3,61,63,50,0.0,False,0.047619047619047616,6300,0.0,False,,0.9594018937589494,False,False
2024-11-26,2024,11,F001,华东工厂,P003,产品C,PT005,部件C1,核心,150,PT005,PT005,3,54,44,40,0.0,False,0.06818181818181818,6600,0.0,False,,0.9594018937589494,False,False
2024-11-26,2024,11,F002,华南工厂,P001,产品A,PT001,部件A1,核心,100,PT001,PT001,3,61,60,50,0.0,False,0.05,6000,0.0,False,,1.0463400392208866,False,False
2024-11-26,2024,11,F002,华南工厂,P001,产品A,PT003,部件B1,普通,50,PT003,PT003,3,55,55,30,0.0,False,0.05454545454545454,2750,0.0,False,,1.0463400392208866,False,False
2024-11-26,2024,11,F002,华南工厂,P002,产品B,PT002,部件A2,核心,95,PT002,PT001,2,60,50,50,0.0,False,0.04,4750,1.0,True,PT001,1.0540374603470575,False,False
2024-11-26,2024,11,F002,华南工厂,P002,产品B,PT004,部件B2,普通,48,PT004,PT003,2,51,30,30,0.0,False,0.06666666666666667,1440,1.0,True,PT003,1.0540374603470575,False,False
2024-11-26,2024,11,F002,华南工厂,P003,产品C,PT001,部件A1,核心,100,PT001,PT001,3,61,55,50,0.0,False,0.05454545454545454,5500,0.0,False,,0.8181216039088178,False,False
2024-11-26,2024,11,F002,华南工厂,P003,产品C,PT005,部件C1,核心,150,PT005,PT005,3,54,41,40,0.0,False,0.07317073170731707,6150,0.0,False,,0.8181216039088178,False,False
2024-11-27,2024,11,F001,华东工厂,P001,产品A,PT001,部件A1,核心,100,PT001,PT001,3,61,52,50,0.0,False,0.057692307692307696,5200,0.0,False,,0.9498450458505885,False,False
2024-11-27,2024,11,F001,华东工厂,P001,产品A,PT003,部件B1,普通,50,PT003,PT003,3,55,50,30,0.0,False,0.06,2500,0.0,False,,0.9498450458505885,False,False
2024-11-27,2024,11,F001,华东工厂,P002,产品B,PT002,部件A2,核心,95,PT002,PT001,2,60,50,50,0.0,False,0.04,4750,1.0,True,PT001,1.0503439662856946,False,False
2024-11-27,2024,11,F001,华东工厂,P002,产品B,PT004,部件B2,普通,48,PT004,PT003,2,51,30,30,0.0,False,0.06666666666666667,1440,1.0,True,PT003,1.0503439662856946,False,False
2024-11-27,2024,11,F001,华东工厂,P003,产品C,PT001,部件A1,核心,100,PT001,PT001,4,61,100,50,0.0,False,0.04,10000,0.0,False,,1.001254503432035,False,False
2024-11-27,2024,11,F001,华东工厂,P003,产品C,PT005,部件C1,核心,150,PT005,PT005,4,54,80,40,0.0,False,0.05,12000,0.0,False,,1.001254503432035,False,False
2024-11-27,2024,11,F002,华南工厂,P001,产品A,PT001,部件A1,核心,100,PT001,PT001,3,61,97,50,0.0,False,0.030927835051546393,9700,0.0,False,,1.1425959364753289,False,False
2024-11-27,2024,11,F002,华南工厂,P001,产品A,PT003,部件B1,普通,50,PT003,PT003,3,55,45,30,0.0,False,0.06666666666666667,2250,0.0,False,,1.1425959364753289,False,False
2024-11-27,2024,11,F002,华南工厂,P002,产品B,PT002,部件A2,核心,95,PT002,PT001,2,60,50,50,0.0,False,0.04,4750,1.0,True,PT001,1.0634774526475779,False,False
2024-11-27,2024,11,F002,华南工厂,P002,产品B,PT004,部件B2,普通,48,PT004,PT003,2,51,30,30,0.0,False,0.06666666666666667,1440,1.0,True,PT003,1.0634774526475779,False,False
2024-11-27,2024,11,F002,华南工厂,P003,产品C,PT001,部件A1,核心,100,PT001,PT001,3,61,92,50,0.0,False,0.03260869565217391,9200,0.0,False,,0.865173770832572,False,False
2024-11-27,2024,11,F002,华南工厂,P003,产品C,PT005,部件C1,核心,150,PT005,PT005,3,54,77,40,0.0,False,0.03896103896103896,11550,0.0,False,,0.865173770832572,False,False
2024-11-28,2024,11,F001,华东工厂,P001,产品A,PT001,部件A1,核心,100,PT001,PT001,2,61,90,50,0.0,False,0.022222222222222223,9000,0.0,False,,0.828227498960172,False,False
2024-11-28,2024,11,F001,华东工厂,P001,产品A,PT003,部件B1,普通,50,PT003,PT003,2,55,41,30,0.0,False,0.04878048780487805,2050,0.0,False,,0.828227498960172,False,False
2024-11-28,2024,11,F001,华东工厂,P002,产品B,PT002,部件A2,核心,95,PT002,PT001,2,60,50,50,0.0,False,0.04,4750,1.0,True,PT001,1.0569677112825262,False,False
2024-11-28,2024,11,F001,华东工厂,P002,产品B,PT004,部件B2,普通,48,PT004,PT003,2,51,30,30,0.0,False,0.06666666666666667,1440,1.0,True,PT003,1.0569677112825262,False,False
2024-11-28,2024,11,F001,华东工厂,P003,产品C,PT001,部件A1,核心,100,PT001,PT001,3,61,85,50,0.0,False,0.03529411764705882,8500,0.0,False,,0.8106045242166487,False,False
2024-11-28,2024,11,F001,华东工厂,P003,产品C,PT005,部件C1,核心,150,PT005,PT005,3,54,74,40,0.0,False,0.04054054054054054,11100,0.0,False,,0.8106045242166487,False,False
2024-11-28,2024,11,F002,华南工厂,P001,产品A,PT001,部件A1,核心,100,PT001,PT001,3,61,82,50,0.0,False,0.036585365853658534,8200,0.0,False,,1.0343102325093854,False,False
2024-11-28,2024,11,F002,华南工厂,P001,产品A,PT003,部件B1,普通,50,PT003,PT003,3,55,36,30,0.0,False,0.08333333333333333,1800,0.0,False,,1.0343102325093854,False,False
2024-11-28,2024,11,F002,华南工厂,P002,产品B,PT002,部件A2,核心,95,PT002,PT001,3,60,50,50,0.0,False,0.06,4750,1.0,True,PT001,1.176092096569983,False,False
2024-11-28,2024,11,F002,华南工厂,P002,产品B,PT004,部件B2,普通,48,PT004,PT003,3,51,30,30,0.0,False,0.1,1440,1.0,True,PT003,1.176092096569983,False,False
2024-11-28,2024,11,F002,华南工厂,P003,产品C,PT001,部件A1,核心,100,PT001,PT001,4,61,75,50,0.0,False,0.05333333333333334,7500,0.0,False,,1.0301896711503515,False,False
2024-11-28,2024,11,F002,华南工厂,P003,产品C,PT005,部件C1,核心,150,PT005,PT005,4,54,70,40,0.0,False,0.05714285714285714,10500,0.0,False,,1.0301896711503515,False,False
2024-11-29,2024,11,F001,华东工厂,P001,产品A,PT001,部件A1,核心,100,PT001,PT001,3,61,72,50,0.0,False,0.041666666666666664,7200,0.0,False,,0.9552679704826088,False,False
2024-11-29,2024,11,F001,华东工厂,P001,产品A,PT003,部件B1,普通,50,PT003,PT003,3,55,30,30,0.0,False,0.1,1500,0.0,False,,0.9552679704826088,False,False
2024-11-29,2024,11,F001,华东工厂,P002,产品B,PT002,部件A2,核心,95,PT002,PT001,2,60,50,50,0.0,False,0.04,4750,1.0,True,PT001,1.0573152873769414,False,False
2024-11-29,2024,11,F001,华东工厂,P002,产品B,PT004,部件B2,普通,48,PT004,PT004,2,51,60,30,0.0,False,0.03333333333333333,2880,0.0,False,,1.0573152873769414,False,False
2024-11-29,2024,11,F001,华东工厂,P003,产品C,PT001,部件A1,核心,100,PT001,PT001,3,61,67,50,0.0,False,0.04477611940298507,6700,0.0,False,,0.9833011561966066,False,False
2024-11-29,2024,11,F001,华东工厂,P003,产品C,PT005,部件C1,核心,150,PT005,PT005,3,54,67,40,0.0,False,0.04477611940298507,10050,0.0,False,,0.9833011561966066,False,False
2024-11-29,2024,11,F002,华南工厂,P001,产品A,PT001,部件A1,核心,100,PT001,PT001,3,61,64,50,0.0,False,0.046875,6400,0.0,False,,1.018246715726374,False,False
2024-11-29,2024,11,F002,华南工厂,P001,产品A,PT003,部件B1,普通,50,PT003,PT004,3,55,30,30,0.0,False,0.1,1500,1.0,True,PT004,1.018246715726374,False,False
2024-11-29,2024,11,F002,华南工厂,P002,产品B,PT002,部件A2,核心,95,PT002,PT001,3,60,50,50,0.0,False,0.06,4750,1.0,True,PT001,1.17658592351061,False,False
2024-11-29,2024,11,F002,华南工厂,P002,产品B,PT004,部件B2,普通,48,PT004,PT004,3,51,54,30,0.0,False,0.05555555555555555,2592,0.0,False,,1.17658592351061,False,False
2024-11-29,2024,11,F002,华南工厂,P003,产品C,PT001,部件A1,核心,100,PT001,PT001,3,61,58,50,0.0,False,0.05172413793103448,5800,0.0,False,,0.9544410551203097,False,False
2024-11-29,2024,11,F002,华南工厂,P003,产品C,PT005,部件C1,核心,150,PT005,PT005,3,54,64,40,0.0,False,0.046875,9600,0.0,False,,0.9544410551203097,False,False
2024-11-30,2024,11,F001,华东工厂,P001,产品A,PT001,部件A1,核心,100,PT001,PT001,3,61,55,50,0.0,False,0.05454545454545454,5500,0.0,False,,1.1844762255295658,False,False
2024-11-30,2024,11,F001,华东工厂,P001,产品A,PT003,部件B1,普通,50,PT003,PT004,3,55,30,30,0.0,False,0.1,1500,1.0,True,PT004,1.1844762255295658,False,False
2024-11-30,2024,11,F001,华东工厂,P002,产品B,PT002,部件A2,核心,95,PT002,PT001,3,60,50,50,0.0,False,0.06,4750,1.0,True,PT001,1.1621402567824255,False,False
2024-11-30,2024,11,F001,华东工厂,P002,产品B,PT004,部件B2,普通,48,PT004,PT004,3,51,48,30,0.0,False,0.0625,2304,0.0,False,,1.1621402567824255,False,False
2024-11-30,2024,11,F001,华东工厂,P003,产品C,PT001,部件A1,核心,100,PT001,PT001,3,61,100,50,0.0,False,0.03,10000,0.0,False,,0.8783164539157187,False,False
2024-11-30,2024,11,F001,华东工厂,P003,产品C,PT005,部件C1,核心,150,PT005,PT005,3,54,61,40,0.0,False,0.04918032786885246,9150,0.0,False,,0.8783164539157187,False,False
2024-11-30,2024,11,F002,华南工厂,P001,产品A,PT001,部件A1,核心,100,PT001,PT001,2,61,98,50,0.0,False,0.02040816326530612,9800,0.0,False,,0.8277445203500662,False,False
2024-11-30,2024,11,F002,华南工厂,P001,产品A,PT003,部件B1,普通,50,PT003,PT004,2,55,30,30,0.0,False,0.06666666666666667,1500,1.0,True,PT004,0.8277445203500662,False,False
2024-11-30,2024,11,F002,华南工厂,P002,产品B,PT002,部件A2,核心,95,PT002,PT001,2,60,50,50,0.0,False,0.04,4750,1.0,True,PT001,0.8403112005509707,False,False
2024-11-30,2024,11,F002,华南工厂,P002,产品B,PT004,部件B2,普通,48,PT004,PT004,2,51,44,30,0.0,False,0.045454545454545456,2112,0.0,False,,0.8403112005509707,False,False
2024-11-30,2024,11,F002,华南工厂,P003,产品C,PT001,部件A1,核心,100,PT001,PT001,3,61,93,50,0.0,False,0.03225806451612903,9300,0.0,False,,0.80728873026062,False,False
2024-11-30,2024,11,F002,华南工厂,P003,产品C,PT005,部件C1,核心,150,PT005,PT005,3,54,58,40,0.0,False,0.05172413793103448,8700,0.0,False,,0.80728873026062,False,False
2024-12-01,2024,12,F001,华东工厂,P001,产品A,PT001,部件A1,核心,100,PT001,PT001,1,78,77,50,100.0,False,0.012987012987012988,7700,0.0,False,,0.477079324193113,True,True
2024-12-01,2024,12,F001,华东工厂,P001,产品A,PT003,部件B1,普通,50,PT003,PT003,1,42,41,30,0.0,False,0.024390243902439025,2050,0.0,False,,0.477079324193113,True,True
2024-12-01,2024,12,F001,华东工厂,P002,产品B,PT002,部件A2,核心,95,PT002,PT002,2,77,75,50,0.0,False,0.02666666666666667,7125,0.0,False,,1.072645467589116,True,True
2024-12-01,2024,12,F001,华东工厂,P002,产品B,PT004,部件B2,普通,48,PT004,PT004,2,56,54,30,0.0,False,0.037037037037037035,2592,0.0,False,,1.072645467589116,True,True
2024-12-01,2024,12,F001,华东工厂,P003,产品C,PT001,部件A1,核心,100,PT001,PT001,3,78,74,50,75.0,False,0.04054054054054054,7400,0.0,False,,0.936249827785696,True,True
2024-12-01,2024,12,F001,华东工厂,P003,产品C,PT005,部件C1,核心,150,PT005,PT005,3,57,54,40,0.0,False,0.05555555555555555,8100,0.0,False,,0.936249827785696,True,True
2024-12-01,2024,12,F002,华南工厂,P001,产品A,PT001,部件A1,核心,100,PT001,PT001,1,78,73,50,100.0,False,0.0136986301369863,7300,0.0,False,,0.4521389056471806,True,True
2024-12-01,2024,12,F002,华南工厂,P001,产品A,PT003,部件B1,普通,50,PT003,PT003,1,42,40,30,0.0,False,0.025,2000,0.0,False,,0.4521389056471806,True,True
2024-12-01,2024,12,F002,华南工厂,P002,产品B,PT002,部件A2,核心,95,PT002,PT002,2,77,73,50,0.0,False,0.0273972602739726,6935,0.0,False,,0.9984149817173624,True,True
2024-12-01,2024,12,F002,华南工厂,P002,产品B,PT004,部件B2,普通,48,PT004,PT004,2,56,52,30,0.0,False,0.038461538461538464,2496,0.0,False,,0.9984149817173624,True,True
2024-12-01,2024,12,F002,华南工厂,P003,产品C,PT001,部件A1,核心,100,PT001,PT001,4,78,69,50,75.0,False,0.057971014492753624,6900,0.0,False,,1.0771561434767758,True,True
2024-12-01,2024,12,F002,华南工厂,P003,产品C,PT005,部件C1,核心,150,PT005,PT005,4,57,50,40,0.0,False,0.08,7500,0.0,False,,1.0771561434767758,True,True
2024-12-02,2024,12,F001,华东工厂,P001,产品A,PT001,部件A1,核心,100,PT001,PT001,1,78,68,50,100.0,False,0.014705882352941176,6800,0.0,False,,0.46966732089063945,True,True
2024-12-02,2024,12,F001,华东工厂,P001,产品A,PT003,部件B1,普通,50,PT003,PT003,1,42,39,30,0.0,False,0.02564102564102564,1950,0.0,False,,0.46966732089063945,True,True
2024-12-02,2024,12,F001,华东工厂,P002,产品B,PT002,部件A2,核心,95,PT002,PT002,3,77,70,50,0.0,False,0.04285714285714286,6650,0.0,False,,1.174659260742283,True,True
2024-12-02,2024,12,F001,华东工厂,P002,产品B,PT004,部件B2,普通,48,PT004,PT004,3,56,49,30,0.0,False,0.061224489795918366,2352,0.0,False,,1.174659260742283,True,True
2024-12-02,2024,12,F001,华东工厂,P003,产品C,PT001,部件A1,核心,100,PT001,PT001,3,78,65,50,75.0,False,0.046153846153846156,6500,0.0,False,,0.8156745306702585,True,True
2024-12-02,2024,12,F001,华东工厂,P003,产品C,PT005,部件C1,核心,150,PT005,PT005,3,57,47,40,0.0,False,0.06382978723404255,7050,0.0,False,,0.8156745306702585,True,True
2024-12-02,2024,12,F002,华南工厂,P001,产品A,PT001,部件A1,核心,100,PT001,PT001,1,78,64,50,100.0,False,0.015625,6400,0.0,False,,0.48358920634311575,True,True
2024-12-02,2024,12,F002,华南工厂,P001,产品A,PT003,部件B1,普通,50,PT003,PT003,1,42,38,30,0.0,False,0.02631578947368421,1900,0.0,False,,0.48358920634311575,True,True
2024-12-02,2024,12,F002,华南工厂,P002,产品B,PT002,部件A2,核心,95,PT002,PT002,3,77,67,50,0.0,False,0.04477611940298507,6365,0.0,False,,1.187032220608099,True,True
2024-12-02,2024,12,F002,华南工厂,P002,产品B,PT004,部件B2,普通,48,PT004,PT004,3,56,46,30,0.0,False,0.06521739130434782,2208,0.0,False,,1.187032220608099,True,True
2024-12-02,2024,12,F002,华南工厂,P003,产品C,PT001,部件A1,核心,100,PT001,PT001,4,78,60,50,75.0,False,0.06666666666666667,6000,0.0,False,,1.019188753299235,True,True
2024-12-02,2024,12,F002,华南工厂,P003,产品C,PT005,部件C1,核心,150,PT005,PT005,4,57,43,40,0.0,False,0.09302325581395349,6450,0.0,False,,1.019188753299235,True,True
2024-12-03,2024,12,F001,华东工厂,P001,产品A,PT001,部件A1,核心,100,PT001,PT001,1,78,59,50,100.0,False,0.01694915254237288,5900,0.0,False,,0.4846941884616237,True,True
2024-12-03,2024,12,F001,华东工厂,P001,产品A,PT003,部件B1,普通,50,PT003,PT003,1,42,37,30,0.0,False,0.02702702702702703,1850,0.0,False,,0.4846941884616237,True,True
2024-12-03,2024,12,F001,华东工厂,P002,产品B,PT002,部件A2,核心,95,PT002,PT002,2,77,65,50,0.0,False,0.03076923076923077,6175,0.0,False,,1.0274081134999833,True,True
2024-12-03,2024,12,F001,华东工厂,P002,产品B,PT004,部件B2,普通,48,PT004,PT004,2,56,44,30,0.0,False,0.045454545454545456,2112,0.0,False,,1.0274081134999833,True,True
2024-12-03,2024,12,F001,华东工厂,P003,产品C,PT001,部件A1,核心,100,PT001,PT001,4,78,55,50,75.0,False,0.07272727272727272,5500,0.0,False,,1.0303698301032338,True,True
2024-12-03,2024,12,F001,华东工厂,P003,产品C,PT005,部件C1,核心,150,PT005,PT005,4,57,80,40,0.0,False,0.05,12000,0.0,False,,1.0303698301032338,True,True
2024-12-03,2024,12,F002,华南工厂,P001,产品A,PT001,部件A1,核心,100,PT001,PT001,1,78,54,50,100.0,False,0.018518518518518517,5400,0.0,False,,0.546329551059928,True,True
2024-12-03,2024,12,F002,华南工厂,P001,产品A,PT003,部件B1,普通,50,PT003,PT003,1,42,36,30,0.0,False,0.027777777777777776,1800,0.0,False,,0.546329551059928,True,True
2024-12-03,2024,12,F002,华南工厂,P002,产品B,PT002,部件A2,核心,95,PT002,PT002,2,77,63,50,0.0,False,0.031746031746031744,5985,0.0,False,,0.8510758917689862,True,True
2024-12-03,2024,12,F002,华南工厂,P002,产品B,PT004,部件B2,普通,48,PT004,PT004,2,56,42,30,0.0,False,0.047619047619047616,2016,0.0,False,,0.8510758917689862,True,True
2024-12-03,2024,12,F002,华南工厂,P003,产品C,PT001,部件A1,核心,100,PT001,PT001,3,78,51,50,75.0,False,0.058823529411764705,5100,0.0,False,,0.9000065796864419,True,True
2024-12-03,2024,12,F002,华南工厂,P003,产品C,PT005,部件C1,核心,150,PT005,PT005,3,57,77,40,0.0,False,0.03896103896103896,11550,0.0,False,,0.9000065796864419,True,True
2024-12-04,2024,12,F001,华东工厂,P001,产品A,PT001,部件A1,核心,100,PT001,PT001,1,78,50,50,100.0,False,0.02,5000,0.0,False,,0.516108802468782,True,True
2024-12-04,2024,12,F001,华东工厂,P001,产品A,PT003,部件B1,普通,50,PT003,PT003,1,42,35,30,0.0,False,0.02857142857142857,1750,0.0,False,,0.516108802468782,True,True
2024-12-04,2024,12,F001,华东工厂,P002,产品B,PT002,部件A2,核心,95,PT002,PT002,3,77,60,50,0.0,False,0.05,5700,0.0,False,,1.1468466428838888,True,True
2024-12-04,2024,12,F001,华东工厂,P002,产品B,PT004,部件B2,普通,48,PT004,PT004,3,56,39,30,0.0,False,0.07692307692307693,1872,0.0,False,,1.1468466428838888,True,True
2024-12-04,2024,12,F001,华东工厂,P003,产品C,PT001,部件A1,核心,100,PT001,PT001,4,78,100,50,75.0,False,0.04,10000,0.0,False,,1.0247466768575095,True,True
2024-12-04,2024,12,F001,华东工厂,P003,产品C,PT005,部件C1,核心,150,PT005,PT005,4,57,73,40,0.0,False,0.0547945205479452,10950,0.0,False,,1.0247466768575095,True,True
2024-12-04,2024,12,F002,华南工厂,P001,产品A,PT001,部件A1,核心,100,PT001,PT001,1,78,99,50,100.0,False,0.010101010101010102,9900,0.0,False,,0.44771937195806805,True,True
2024-12-04,2024,12,F002,华南工厂,P001,产品A,PT003,部件B1,普通,50,PT003,PT003,1,42,34,30,0.0,False,0.029411764705882353,1700,0.0,False,,0.44771937195806805,True,True
2024-12-04,2024,12,F002,华南工厂,P002,产品B,PT002,部件A2,核心,95,PT002,PT002,2,77,58,50,0.0,False,0.034482758620689655,5510,0.0,False,,1.0719379119600982,True,True
2024-12-04,2024,12,F002,华南工厂,P002,产品B,PT004,部件B2,普通,48,PT004,PT004,2,56,37,30,0.0,False,0.05405405405405406,1776,0.0,False,,1.0719379119600982,True,True
2024-12-04,2024,12,F002,华南工厂,P003,产品C,PT001,部件A1,核心,100,PT001,PT001,4,78,95,50,75.0,False,0.042105263157894736,9500,0.0,False,,1.0959635041789497,True,True
2024-12-04,2024,12,F002,华南工厂,P003,产品C,PT005,部件C1,核心,150,PT005,PT005,4,57,69,40,0.0,False,0.057971014492753624,10350,0.0,False,,1.0959635041789497,True,True
2024-12-05,2024,12,F001,华东工厂,P001,产品A,PT001,部件A1,核心,100,PT001,PT001,1,78,94,50,100.0,False,0.010638297872340425,9400,0.0,False,,0.4476472304807959,True,True
2024-12-05,2024,12,F001,华东工厂,P001,产品A,PT003,部件B1,普通,50,PT003,PT003,1,42,33,30,0.0,False,0.030303030303030304,1650,0.0,False,,0.4476472304807959,True,True
2024-12-05,2024,12,F001,华东工厂,P002,产品B,PT002,部件A2,核心,95,PT002,PT002,2,77,56,50,0.0,False,0.03571428571428571,5320,0.0,False,,0.951091554470518,True,True
2024-12-05,2024,12,F001,华东工厂,P002,产品B,PT004,部件B2,普通,48,PT004,PT004,2,56,35,30,0.0,False,0.05714285714285714,1680,0.0,False,,0.951091554470518,True,True
2024-12-05,2024,12,F001,华东工厂,P003,产品C,PT001,部件A1,核心,100,PT001,PT001,4,78,90,50,75.0,False,0.044444444444444446,9000,0.0,False,,1.0137309894122253,True,True
2024-12-05,2024,12,F001,华东工厂,P003,产品C,PT005,部件C1,核心,150,PT005,PT005,4,57,65,40,0.0,False,0.06153846153846154,9750,0.0,False,,1.0137309894122253,True,True
2024-12-05,2024,12,F002,华南工厂,P001,产品A,PT001,部件A1,核心,100,PT001,PT001,1,78,89,50,100.0,False,0.011235955056179775,8900,0.0,False,,0.4993122381366155,True,True
2024-12-05,2024,12,F002,华南工厂,P001,产品A,PT003,部件B1,普通,50,PT003,PT003,1,42,32,30,0.0,False,0.03125,1600,0.0,False,,0.4993122381366155,True,True
2024-12-05,2024,12,F002,华南工厂,P002,产品B,PT002,部件A2,核心,95,PT002,PT002,2,77,54,50,0.0,False,0.037037037037037035,5130,0.0,False,,0.9558472344876814,True,True
2024-12-05,2024,12,F002,华南工厂,P002,产品B,PT004,部件B2,普通,48,PT004,PT004,2,56,33,30,0.0,False,0.06060606060606061,1584,0.0,False,,0.9558472344876814,True,True
2024-12-05,2024,12,F002,华南工厂,P003,产品C,PT001,部件A1,核心,100,PT001,PT001,3,78,86,50,75.0,False,0.03488372093023256,8600,0.0,False,,0.9190540698037244,True,True
2024-12-05,2024,12,F002,华南工厂,P003,产品C,PT005,部件C1,核心,150,PT005,PT005,3,57,62,40,0.0,False,0.04838709677419355,9300,0.0,False,,0.9190540698037244,True,True
2024-12-06,2024,12,F001,华东工厂,P001,产品A,PT001,部件A1,核心,100,PT001,PT001,1,78,85,50,100.0,False,0.011764705882352941,8500,0.0,False,,0.4199969774323727,True,True
2024-12-06,2024,12,F001,华东工厂,P001,产品A,PT003,部件B1,普通,50,PT003,PT003,1,42,31,30,0.0,False,0.03225806451612903,1550,0.0,False,,0.4199969774323727,True,True
2024-12-06,2024,12,F001,华东工厂,P002,产品B,PT002,部件A2,核心,95,PT002,PT002,2,77,52,50,0.0,False,0.038461538461538464,4940,0.0,False,,0.8213941186989476,True,True
2024-12-06,2024,12,F001,华东工厂,P002,产品B,PT004,部件B2,普通,48,PT004,PT004,2,56,31,30,0.0,False,0.06451612903225806,1488,0.0,False,,0.8213941186989476,True,True
2024-12-06,2024,12,F001,华东工厂,P003,产品C,PT001,部件A1,核心,100,PT001,PT001,4,78,81,50,75.0,False,0.04938271604938271,8100,0.0,False,,1.1834165987532792,True,True
2024-12-06,2024,12,F001,华东工厂,P003,产品C,PT005,部件C1,核心,150,PT005,PT005,4,57,58,40,0.0,False,0.06896551724137931,8700,0.0,False,,1.1834165987532792,True,True
2024-12-06,2024,12,F002,华南工厂,P001,产品A,PT001,部件A1,核心,100,PT001,PT001,1,78,80,50,100.0,False,0.0125,8000,0.0,False,,0.5694286288191179,True,True
2024-12-06,2024,12,F002,华南工厂,P001,产品A,PT003,部件B1,普通,50,PT003,PT003,1,42,30,30,0.0,False,0.03333333333333333,1500,0.0,False,,0.5694286288191179,True,True
2024-12-06,2024,12,F002,华南工厂,P002,产品B,PT002,部件A2,核心,95,PT002,PT002,2,77,50,50,0.0,False,0.04,4750,0.0,False,,0.9419620761850882,True,True
2024-12-06,2024,12,F002,华南工厂,P002,产品B,PT004,部件B2,普通,48,PT004,PT004,2,56,60,30,0.0,False,0.03333333333333333,2880,0.0,False,,0.9419620761850882,True,True
2024-12-06,2024,12,F002,华南工厂,P003,产品C,PT001,部件A1,核心,100,PT001,PT001,4,78,76,50,75.0,False,0.05263157894736842,7600,0.0,False,,1.1827203540505824,True,True
2024-12-06,2024,12,F002,华南工厂,P003,产品C,PT005,部件C1,核心,150,PT005,PT005,4,57,54,40,0.0,False,0.07407407407407407,8100,0.0,False,,1.1827203540505824,True,True
2024-12-07,2024,12,F001,华东工厂,P001,产品A,PT001,部件A1,核心,100,PT001,PT001,1,78,75,50,100.0,False,0.013333333333333334,7500,0.0,False,,0.5353539808848606,True,True
2024-12-07,2024,12,F001,华东工厂,P001,产品A,PT003,部件B1,普通,50,PT003,PT003,1,42,60,30,0.0,False,0.016666666666666666,3000,0.0,False,,0.5353539808848606,True,True
2024-12-07,2024,12,F001,华东工厂,P002,产品B,PT002,部件A2,核心,95,PT002,PT002,2,77,100,50,0.0,False,0.02,9500,0.0,False,,0.993008379857057,True,True
2024-12-07,2024,12,F001,华东工厂,P002,产品B,PT004,部件B2,普通,48,PT004,PT004,2,56,58,30,0.0,False,0.034482758620689655,2784,0.0,False,,0.993008379857057,True,True
2024-12-07,2024,12,F001,华东工厂,P003,产品C,PT001,部件A1,核心,100,PT001,PT001,3,78,72,50,75.0,False,0.041666666666666664,7200,0.0,False,,0.997210263108722,True,True
2024-12-07,2024,12,F001,华东工厂,P003,产品C,PT005,部件C1,核心,150,PT005,PT005,3,57,51,40,0.0,False,0.058823529411764705,7650,0.0,False,,0.997210263108722,True,True
2024-12-07,2024,12,F002,华南工厂,P001,产品A,PT001,部件A1,核心,100,PT001,PT001,1,78,71,50,100.0,False,0.014084507042253521,7100,0.0,False,,0.41665688223905195,True,True
2024-12-07,2024,12,F002,华南工厂,P001,产品A,PT003,部件B1,普通,50,PT003,PT003,1,42,59,30,0.0,False,0.01694915254237288,2950,0.0,False,,0.41665688223905195,True,True
2024-12-07,2024,12,F002,华南工厂,P002,产品B,PT002,部件A2,核心,95,PT002,PT002,2,77,98,50,0.0,False,0.02040816326530612,9310,0.0,False,,0.8366816589033925,True,True
2024-12-07,2024,12,F002,华南工厂,P002,产品B,PT004,部件B2,普通,48,PT004,PT004,2,56,56,30,0.0,False,0.03571428571428571,2688,0.0,False,,0.8366816589033925,True,True
2024-12-07,2024,12,F002,华南工厂,P003,产品C,PT001,部件A1,核心,100,PT001,PT001,4,78,67,50,75.0,False,0.05970149253731343,6700,0.0,False,,1.0409763703604475,True,True
2024-12-07,2024,12,F002,华南工厂,P003,产品C,PT005,部件C1,核心,150,PT005,PT005,4,57,47,40,0.0,False,0.0851063829787234,7050,0.0,False,,1.0409763703604475,True,True
2024-12-08,2024,12,F001,华东工厂,P001,产品A,PT001,部件A1,核心,100,PT001,PT001,1,78,66,50,100.0,False,0.015151515151515152,6600,0.0,False,,0.5107406104691602,True,True
2024-12-08,2024,12,F001,华东工厂,P001,产品A,PT003,部件B1,普通,50,PT003,PT003,1,42,58,30,0.0,False,0.017241379310344827,2900,0.0,False,,0.5107406104691602,True,True
2024-12-08,2024,12,F001,华东工厂,P002,产品B,PT002,部件A2,核心,95,PT002,PT002,2,77,96,50,0.0,False,0.020833333333333332,9120,0.0,False,,0.8850911580096916,True,True
2024-12-08,2024,12,F001,华东工厂,P002,产品B,PT004,部件B2,普通,48,PT004,PT004,2,56,54,30,0.0,False,0.037037037037037035,2592,0.0,False,,0.8850911580096916,True,True
2024-12-08,2024,12,F001,华东工厂,P003,产品C,PT001,部件A1,核心,100,PT001,PT001,4,78,62,50,75.0,False,0.06451612903225806,6200,0.0,False,,1.1784778171526762,True,True
2024-12-08,2024,12,F001,华东工厂,P003,产品C,PT005,部件C1,核心,150,PT005,PT005,4,57,43,40,0.0,False,0.09302325581395349,6450,0.0,False,,1.1784778171526762,True,True
2024-12-08,2024,12,F002,华南工厂,P001,产品A,PT001,部件A1,核心,100,PT001,PT001,1,78,61,50,100.0,False,0.01639344262295082,6100,0.0,False,,0.5562592100942405,True,True
2024-12-08,2024,12,F002,华南工厂,P001,产品A,PT003,部件B1,普通,50,PT003,PT003,1,42,57,30,0.0,False,0.017543859649122806,2850,0.0,False,,0.5562592100942405,True,True
2024-12-08,2024,12,F002,华南工厂,P002,产品B,PT002,部件A2,核心,95,PT002,PT002,2,77,94,50,0.0,False,0.02127659574468085,8930,0.0,False,,0.8453858408069792,True,True
2024-12-08,2024,12,F002,华南工厂,P002,产品B,PT004,部件B2,普通,48,PT004,PT004,2,56,52,30,0.0,False,0.038461538461538464,2496,0.0,False,,0.8453858408069792,True,True
2024-12-08,2024,12,F002,华南工厂,P003,产品C,PT001,部件A1,核心,100,PT001,PT001,4,78,57,50,75.0,False,0.07017543859649122,5700,0.0,False,,1.172371642274917,True,True
2024-12-08,2024,12,F002,华南工厂,P003,产品C,PT005,部件C1,核心,150,PT005,PT005,4,57,80,40,0.0,False,0.05,12000,0.0,False,,1.172371642274917,True,True
2024-12-09,2024,12,F001,华东工厂,P001,产品A,PT001,部件A1,核心,100,PT001,PT001,1,78,56,50,100.0,False,0.017857142857142856,5600,0.0,False,,0.594849641706882,True,True
2024-12-09,2024,12,F001,华东工厂,P001,产品A,PT003,部件B1,普通,50,PT003,PT003,1,42,56,30,0.0,False,0.017857142857142856,2800,0.0,False,,0.594849641706882,True,True
2024-12-09,2024,12,F001,华东工厂,P002,产品B,PT002,部件A2,核心,95,PT002,PT002,3,77,91,50,0.0,False,0.03296703296703297,8645,0.0,False,,1.1983724968121316,True,True
2024-12-09,2024,12,F001,华东工厂,P002,产品B,PT004,部件B2,普通,48,PT004,PT004,3,56,49,30,0.0,False,0.061224489795918366,2352,0.0,False,,1.1983724968121316,True,True
2024-12-09,2024,12,F001,华东工厂,P003,产品C,PT001,部件A1,核心,100,PT001,PT001,3,78,53,50,75.0,False,0.05660377358490566,5300,0.0,False,,0.82234846187094,True,True
2024-12-09,2024,12,F001,华东工厂,P003,产品C,PT005,部件C1,核心,150,PT005,PT005,3,57,77,40,0.0,False,0.03896103896103896,11550,0.0,False,,0.82234846187094,True,True
2024-12-09,2024,12,F002,华南工厂,P001,产品A,PT001,部件A1,核心,100,PT001,PT001,1,78,52,50,100.0,False,0.019230769230769232,5200,0.0,False,,0.5474071113582017,True,True
2024-12-09,2024,12,F002,华南工厂,P001,产品A,PT003,部件B1,普通,50,PT003,PT003,1,42,55,30,0.0,False,0.01818181818181818,2750,0.0,False,,0.5474071113582017,True,True
2024-12-09,2024,12,F002,华南工厂,P002,产品B,PT002,部件A2,核心,95,PT002,PT002,2,77,89,50,0.0,False,0.02247191011235955,8455,0.0,False,,1.0183663080659955,True,True
2024-12-09,2024,12,F002,华南工厂,P002,产品B,PT004,部件B2,普通,48,PT004,PT004,2,56,47,30,0.0,False,0.0425531914893617,2256,0.0,False,,1.0183663080659955,True,True
2024-12-09,2024,12,F002,华南工厂,P003,产品C,PT001,部件A1,核心,100,PT001,PT001,4,78,100,50,75.0,False,0.04,10000,0.0,False,,1.0823325935514778,True,True
2024-12-09,2024,12,F002,华南工厂,P003,产品C,PT005,部件C1,核心,150,PT005,PT005,4,57,73,40,0.0,False,0.0547945205479452,10950,0.0,False,,1.0823325935514778,True,True
2024-12-10,2024,12,F001,华东工厂,P001,产品A,PT001,部件A1,核心,100,PT001,PT001,1,78,99,50,100.0,False,0.010101010101010102,9900,0.0,False,,0.593730388794827,True,True
2024-12-10,2024,12,F001,华东工厂,P001,产品A,PT003,部件B1,普通,50,PT003,PT003,1,42,54,30,0.0,False,0.018518518518518517,2700,0.0,False,,0.593730388794827,True,True
2024-12-10,2024,12,F001,华东工厂,P002,产品B,PT002,部件A2,核心,95,PT002,PT002,2,77,87,50,0.0,False,0.022988505747126436,8265,0.0,False,,1.0752120040700155,True,True
2024-12-10,2024,12,F001,华东工厂,P002,产品B,PT004,部件B2,普通,48,PT004,PT004,2,56,45,30,0.0,False,0.044444444444444446,2160,0.0,False,,1.0752120040700155,True,True
2024-12-10,2024,12,F001,华东工厂,P003,产品C,PT001,部件A1,核心,100,PT001,PT001,4,78,95,50,75.0,False,0.042105263157894736,9500,0.0,False,,1.1347855496949495,True,True
2024-12-10,2024,12,F001,华东工厂,P003,产品C,PT005,部件C1,核心,150,PT005,PT005,4,57,69,40,0.0,False,0.057971014492753624,10350,0.0,False,,1.1347855496949495,True,True
2024-12-10,2024,12,F002,华南工厂,P001,产品A,PT001,部件A1,核心,100,PT001,PT001,1,78,94,50,100.0,False,0.010638297872340425,9400,0.0,False,,0.5733737410621682,True,True
2024-12-10,2024,12,F002,华南工厂,P001,产品A,PT003,部件B1,普通,50,PT003,PT003,1,42,53,30,0.0,False,0.018867924528301886,2650,0.0,False,,0.5733737410621682,True,True
2024-12-10,2024,12,F002,华南工厂,P002,产品B,PT002,部件A2,核心,95,PT002,PT002,3,77,84,50,0.0,False,0.03571428571428571,7980,0.0,False,,1.1353923055055941,True,True
2024-12-10,2024,12,F002,华南工厂,P002,产品B,PT004,部件B2,普通,48,PT004,PT004,3,56,42,30,0.0,False,0.07142857142857142,2016,0.0,False,,1.1353923055055941,True,True
2024-12-10,2024,12,F002,华南工厂,P003,产品C,PT001,部件A1,核心,100,PT001,PT001,3,78,91,50,75.0,False,0.03296703296703297,9100,0.0,False,,0.9704365900187765,True,True
2024-12-10,2024,12,F002,华南工厂,P003,产品C,PT005,部件C1,核心,150,PT005,PT005,3,57,66,40,0.0,False,0.045454545454545456,9900,0.0,False,,0.9704365900187765,True,True
2024-12-11,2024,12,F001,华东工厂,P001,产品A,PT001,部件A1,核心,100,PT001,PT001,1,78,90,50,100.0,False,0.011111111111111112,9000,0.0,False,,0.4445152835142061,True,True
2024-12-11,2024,12,F001,华东工厂,P001,产品A,PT003,部件B1,普通,50,PT003,PT003,1,42,52,30,0.0,False,0.019230769230769232,2600,0.0,False,,0.4445152835142061,True,True
2024-12-11,2024,12,F001,华东工厂,P002,产品B,PT002,部件A2,核心,95,PT002,PT002,2,77,82,50,0.0,False,0.024390243902439025,7790,0.0,False,,0.9586606407817008,True,True
2024-12-11,2024,12,F001,华东工厂,P002,产品B,PT004,部件B2,普通,48,PT004,PT004,2,56,40,30,0.0,False,0.05,1920,0.0,False,,0.9586606407817008,True,True
2024-12-11,2024,12,F001,华东工厂,P003,产品C,PT001,部件A1,核心,100,PT001,PT001,4,78,86,50,75.0,False,0.046511627906976744,8600,0.0,False,,1.1567587635107106,True,True
2024-12-11,2024,12,F001,华东工厂,P003,产品C,PT005,部件C1,核心,150,PT005,PT005,4,57,62,40,0.0,False,0.06451612903225806,9300,0.0,False,,1.1567587635107106,True,True
2024-12-11,2024,12,F002,华南工厂,P001,产品A,PT001,部件A1,核心,100,PT001,PT001,1,78,85,50,100.0,False,0.011764705882352941,8500,0.0,False,,0.4293209643384051,True,True
2024-12-11,2024,12,F002,华南工厂,P001,产品A,PT003,部件B1,普通,50,PT003,PT003,1,42,51,30,0.0,False,0.0196078431372549,2550,0.0,False,,0.4293209643384051,True,True
2024-12-11,2024,12,F002,华南工厂,P002,产品B,PT002,部件A2,核心,95,PT002,PT002,2,77,80,50,0.0,False,0.025,7600,0.0,False,,1.0053304674769572,True,True
2024-12-11,2024,12,F002,华南工厂,P002,产品B,PT004,部件B2,普通,48,PT004,PT004,2,56,38,30,0.0,False,0.05263157894736842,1824,0.0,False,,1.0053304674769572,True,True
2024-12-11,2024,12,F002,华南工厂,P003,产品C,PT001,部件A1,核心,100,PT001,PT001,3,78,82,50,75.0,False,0.036585365853658534,8200,0.0,False,,0.8932912289698112,True,True
2024-12-11,2024,12,F002,华南工厂,P003,产品C,PT005,部件C1,核心,150,PT005,PT005,3,57,59,40,0.0,False,0.05084745762711865,8850,0.0,False,,0.8932912289698112,True,True
2024-12-12,2024,12,F001,华东工厂,P001,产品A,PT001,部件A1,核心,100,PT001,PT001,1,78,81,50,100.0,False,0.012345679012345678,8100,0.0,False,,0.5162610834453565,True,True
2024-12-12,2024,12,F001,华东工厂,P001,产品A,PT003,部件B1,普通,50,PT003,PT003,1,42,50,30,0.0,False,0.02,2500,0.0,False,,0.5162610834453565,True,True
2024-12-12,2024,12,F001,华东工厂,P002,产品B,PT002,部件A2,核心,95,PT002,PT002,3,77,77,50,0.0,False,0.03896103896103896,7315,0.0,False,,1.1452554087956015,True,True
2024-12-12,2024,12,F001,华东工厂,P002,产品B,PT004,部件B2,普通,48,PT004,PT004,3,56,35,30,0.0,False,0.08571428571428572,1680,0.0,False,,1.1452554087956015,True,True
2024-12-12,2024,12,F001,华东工厂,P003,产品C,PT001,部件A1,核心,100,PT001,PT001,4,78,77,50,75.0,False,0.05194805194805195,7700,0.0,False,,1.1521439874553667,True,True
2024-12-12,2024,12,F001,华东工厂,P003,产品C,PT005,部件C1,核心,150,PT005,PT005,4,57,55,40,0.0,False,0.07272727272727272,8250,0.0,False,,1.1521439874553667,True,True
2024-12-12,2024,12,F002,华南工厂,P001,产品A,PT001,部件A1,核心,100,PT001,PT001,1,78,76,50,100.0,False,0.013157894736842105,7600,0.0,False,,0.4473370387364158,True,True
2024-12-12,2024,12,F002,华南工厂,P001,产品A,PT003,部件B1,普通,50,PT003,PT003,1,42,49,30,0.0,False,0.02040816326530612,2450,0.0,False,,0.4473370387364158,True,True
2024-12-12,2024,12,F002,华南工厂,P002,产品B,PT002,部件A2,核心,95,PT002,PT002,3,77,74,50,0.0,False,0.04054054054054054,7030,0.0,False,,1.1630774825394186,True,True
2024-12-12,2024,12,F002,华南工厂,P002,产品B,PT004,部件B2,普通,48,PT004,PT004,3,56,32,30,0.0,False,0.09375,1536,0.0,False,,1.1630774825394186,True,True
2024-12-12,2024,12,F002,华南工厂,P003,产品C,PT001,部件A1,核心,100,PT001,PT001,4,78,72,50,75.0,False,0.05555555555555555,7200,0.0,False,,1.0367554955285136,True,True
2024-12-12,2024,12,F002,华南工厂,P003,产品C,PT005,部件C1,核心,150,PT005,PT005,4,57,51,40,0.0,False,0.0784313725490196,7650,0.0,False,,1.0367554955285136,True,True
2024-12-13,2024,12,F001,华东工厂,P001,产品A,PT001,部件A1,核心,100,PT001,PT001,1,78,71,50,100.0,False,0.014084507042253521,7100,0.0,False,,0.4700436493400627,True,True
2024-12-13,2024,12,F001,华东工厂,P001,产品A,PT003,部件B1,普通,50,PT003,PT003,1,42,48,30,0.0,False,0.020833333333333332,2400,0.0,False,,0.4700436493400627,True,True
2024-12-13,2024,12,F001,华东工厂,P002,产品B,PT002,部件A2,核心,95,PT002,PT002,2,77,72,50,0.0,False,0.027777777777777776,6840,0.0,False,,1.0832724782332799,True,True
2024-12-13,2024,12,F001,华东工厂,P002,产品B,PT004,部件B2,普通,48,PT004,PT004,2,56,30,30,0.0,False,0.06666666666666667,1440,0.0,False,,1.0832724782332799,True,True
2024-12-13,2024,12,F001,华东工厂,P003,产品C,PT001,部件A1,核心,100,PT001,PT001,3,78,68,50,75.0,False,0.04411764705882353,6800,0.0,False,,0.9926667951856462,True,True
2024-12-13,2024,12,F001,华东工厂,P003,产品C,PT005,部件C1,核心,150,PT005,PT005,3,57,48,40,0.0,False,0.0625,7200,0.0,False,,0.9926667951856462,True,True
2024-12-13,2024,12,F002,华南工厂,P001,产品A,PT001,部件A1,核心,100,PT001,PT001,1,78,67,50,100.0,False,0.014925373134328358,6700,0.0,False,,0.4755975180244509,True,True
2024-12-13,2024,12,F002,华南工厂,P001,产品A,PT003,部件B1,普通,50,PT003,PT003,1,42,47,30,0.0,False,0.02127659574468085,2350,0.0,False,,0.4755975180244509,True,True
2024-12-13,2024,12,F002,华南工厂,P002,产品B,PT002,部件A2,核心,95,PT002,PT002,2,77,70,50,0.0,False,0.02857142857142857,6650,0.0,False,,1.082033745718664,True,True
2024-12-13,2024,12,F002,华南工厂,P002,产品B,PT004,部件B2,普通,48,PT004,PT004,2,56,60,30,0.0,False,0.03333333333333333,2880,0.0,False,,1.082033745718664,True,True
2024-12-13,2024,12,F002,华南工厂,P003,产品C,PT001,部件A1,核心,100,PT001,PT001,3,78,64,50,75.0,False,0.046875,6400,0.0,False,,0.8994896617721152,True,True
2024-12-13,2024,12,F002,华南工厂,P003,产品C,PT005,部件C1,核心,150,PT005,PT005,3,57,45,40,0.0,False,0.06666666666666667,6750,0.0,False,,0.8994896617721152,True,True
2024-12-14,2024,12,F001,华东工厂,P001,产品A,PT001,部件A1,核心,100,PT001,PT001,1,78,63,50,100.0,False,0.015873015873015872,6300,0.0,False,,0.4660505058038197,True,True
2024-12-14,2024,12,F001,华东工厂,P001,产品A,PT003,部件B1,普通,50,PT003,PT003,1,42,46,30,0.0,False,0.021739130434782608,2300,0.0,False,,0.4660505058038197,True,True
2024-12-14,2024,12,F001,华东工厂,P002,产品B,PT002,部件A2,核心,95,PT002,PT002,2,77,68,50,0.0,False,0.029411764705882353,6460,0.0,False,,0.9737807377953085,True,True
2024-12-14,2024,12,F001,华东工厂,P002,产品B,PT004,部件B2,普通,48,PT004,PT004,2,56,58,30,0.0,False,0.034482758620689655,2784,0.0,False,,0.9737807377953085,True,True
2024-12-14,2024,12,F001,华东工厂,P003,产品C,PT001,部件A1,核心,100,PT001,PT001,3,78,60,50,75.0,False,0.05,6000,0.0,False,,0.9014728695492555,True,True
2024-12-14,2024,12,F001,华东工厂,P003,产品C,PT005,部件C1,核心,150,PT005,PT005,3,57,42,40,0.0,False,0.07142857142857142,6300,0.0,False,,0.9014728695492555,True,True
2024-12-14,2024,12,F002,华南工厂,P001,产品A,PT001,部件A1,核心,100,PT001,PT001,1,78,59,50,100.0,False,0.01694915254237288,5900,0.0,False,,0.48104041735628345,True,True
2024-12-14,2024,12,F002,华南工厂,P001,产品A,PT003,部件B1,普通,50,PT003,PT003,1,42,45,30,0.0,False,0.022222222222222223,2250,0.0,False,,0.48104041735628345,True,True
2024-12-14,2024,12,F002,华南工厂,P002,产品B,PT002,部件A2,核心,95,PT002,PT002,2,77,66,50,0.0,False,0.030303030303030304,6270,0.0,False,,1.0285892100820042,True,True
2024-12-14,2024,12,F002,华南工厂,P002,产品B,PT004,部件B2,普通,48,PT004,PT004,2,56,56,30,0.0,False,0.03571428571428571,2688,0.0,False,,1.0285892100820042,True,True
2024-12-14,2024,12,F002,华南工厂,P003,产品C,PT001,部件A1,核心,100,PT001,PT001,4,78,55,50,75.0,False,0.07272727272727272,5500,0.0,False,,1.0963895443642673,True,True
2024-12-14,2024,12,F002,华南工厂,P003,产品C,PT005,部件C1,核心,150,PT005,PT005,4,57,80,40,0.0,False,0.05,12000,0.0,False,,1.0963895443642673,True,True
2024-12-15,2024,12,F001,华东工厂,P001,产品A,PT001,部件A1,核心,100,PT001,PT001,1,78,54,50,100.0,False,0.018518518518518517,5400,0.0,False,,0.5534389706217143,True,True
2024-12-15,2024,12,F001,华东工厂,P001,产品A,PT003,部件B1,普通,50,PT003,PT003,1,42,44,30,0.0,False,0.022727272727272728,2200,0.0,False,,0.5534389706217143,True,True
2024-12-15,2024,12,F001,华东工厂,P002,产品B,PT002,部件A2,核心,95,PT002,PT002,3,77,63,50,0.0,False,0.047619047619047616,5985,0.0,False,,1.1291161407506771,True,True
2024-12-15,2024,12,F001,华东工厂,P002,产品B,PT004,部件B2,普通,48,PT004,PT004,3,56,53,30,0.0,False,0.05660377358490566,2544,0.0,False,,1.1291161407506771,True,True
2024-12-15,2024,12,F001,华东工厂,P003,产品C,PT001,部件A1,核心,100,PT001,PT001,4,78,50,50,75.0,False,0.08,5000,0.0,False,,1.0976846627773191,True,True
2024-12-15,2024,12,F001,华东工厂,P003,产品C,PT005,部件C1,核心,150,PT005,PT005,4,57,76,40,0.0,False,0.05263157894736842,11400,0.0,False,,1.0976846627773191,True,True
2024-12-15,2024,12,F002,华南工厂,P001,产品A,PT001,部件A1,核心,100,PT001,PT001,1,78,100,50,100.0,False,0.01,10000,0.0,False,,0.5362078854193818,True,True
2024-12-15,2024,12,F002,华南工厂,P001,产品A,PT003,部件B1,普通,50,PT003,PT003,1,42,43,30,0.0,False,0.023255813953488372,2150,0.0,False,,0.5362078854193818,True,True
2024-12-15,2024,12,F002,华南工厂,P002,产品B,PT002,部件A2,核心,95,PT002,PT002,2,77,61,50,0.0,False,0.03278688524590164,5795,0.0,False,,0.895002588516988,True,True
2024-12-15,2024,12,F002,华南工厂,P002,产品B,PT004,部件B2,普通,48,PT004,PT004,2,56,51,30,0.0,False,0.0392156862745098,2448,0.0,False,,0.895002588516988,True,True
2024-12-15,2024,12,F002,华南工厂,P003,产品C,PT001,部件A1,核心,100,PT001,PT001,3,78,97,50,75.0,False,0.030927835051546393,9700,0.0,False,,0.9600891571488099,True,True
2024-12-15,2024,12,F002,华南工厂,P003,产品C,PT005,部件C1,核心,150,PT005,PT005,3,57,73,40,0.0,False,0.0410958904109589,10950,0.0,False,,0.9600891571488099,True,True
2024-12-16,2024,12,F001,华东工厂,P001,产品A,PT001,部件A1,核心,100,PT001,PT001,1,78,96,50,100.0,False,0.010416666666666666,9600,0.0,False,,0.49554297817604553,True,True
2024-12-16,2024,12,F001,华东工厂,P001,产品A,PT003,部件B1,普通,50,PT003,PT003,1,42,42,30,0.0,False,0.023809523809523808,2100,0.0,False,,0.49554297817604553,True,True
2024-12-16,2024,12,F001,华东工厂,P002,产品B,PT002,部件A2,核心,95,PT002,PT002,2,77,59,50,0.0,False,0.03389830508474576,5605,0.0,False,,0.8331565286773417,True,True
2024-12-16,2024,12,F001,华东工厂,P002,产品B,PT004,部件B2,普通,48,PT004,PT004,2,56,49,30,0.0,False,0.04081632653061224,2352,0.0,False,,0.8331565286773417,True,True
2024-12-16,2024,12,F001,华东工厂,P003,产品C,PT001,部件A1,核心,100,PT001,PT001,4,78,92,50,75.0,False,0.043478260869565216,9200,0.0,False,,1.0113480485188837,True,True
2024-12-16,2024,12,F001,华东工厂,P003,产品C,PT005,部件C1,核心,150,PT005,PT005,4,57,69,40,0.0,False,0.057971014492753624,10350,0.0,False,,1.0113480485188837,True,True
2024-12-16,2024,12,F002,华南工厂,P001,产品A,PT001,部件A1,核心,100,PT001,PT001,1,78,91,50,100.0,False,0.01098901098901099,9100,0.0,False,,0.4872671663213112,True,True
2024-12-16,2024,12,F002,华南工厂,P001,产品A,PT003,部件B1,普通,50,PT003,PT003,1,42,41,30,0.0,False,0.024390243902439025,2050,0.0,False,,0.4872671663213112,True,True
2024-12-16,2024,12,F002,华南工厂,P002,产品B,PT002,部件A2,核心,95,PT002,PT002,2,77,57,50,0.0,False,0.03508771929824561,5415,0.0,False,,1.1208436996106936,True,True
2024-12-16,2024,12,F002,华南工厂,P002,产品B,PT004,部件B2,普通,48,PT004,PT004,2,56,47,30,0.0,False,0.0425531914893617,2256,0.0,False,,1.1208436996106936,True,True
2024-12-16,2024,12,F002,华南工厂,P003,产品C,PT001,部件A1,核心,100,PT001,PT001,4,78,87,50,75.0,False,0.04597701149425287,8700,0.0,False,,1.1911602675017083,True,True
2024-12-16,2024,12,F002,华南工厂,P003,产品C,PT005,部件C1,核心,150,PT005,PT005,4,57,65,40,0.0,False,0.06153846153846154,9750,0.0,False,,1.1911602675017083,True,True
2024-12-17,2024,12,F001,华东工厂,P001,产品A,PT001,部件A1,核心,100,PT001,PT001,1,78,86,50,100.0,False,0.011627906976744186,8600,0.0,False,,0.511201007728517,True,True
2024-12-17,2024,12,F001,华东工厂,P001,产品A,PT003,部件B1,普通,50,PT003,PT003,1,42,40,30,0.0,False,0.025,2000,0.0,False,,0.511201007728517,True,True
2024-12-17,2024,12,F001,华东工厂,P002,产品B,PT002,部件A2,核心,95,PT002,PT002,2,77,55,50,0.0,False,0.03636363636363636,5225,0.0,False,,0.9290745553110334,True,True
2024-12-17,2024,12,F001,华东工厂,P002,产品B,PT004,部件B2,普通,48,PT004,PT004,2,56,45,30,0.0,False,0.044444444444444446,2160,0.0,False,,0.9290745553110334,True,True
2024-12-17,2024,12,F001,华东工厂,P003,产品C,PT001,部件A1,核心,100,PT001,PT001,3,78,83,50,75.0,False,0.03614457831325301,8300,0.0,False,,0.8173603133192692,True,True
2024-12-17,2024,12,F001,华东工厂,P003,产品C,PT005,部件C1,核心,150,PT005,PT005,3,57,62,40,0.0,False,0.04838709677419355,9300,0.0,False,,0.8173603133192692,True,True
2024-12-17,2024,12,F002,华南工厂,P001,产品A,PT001,部件A1,核心,100,PT001,PT001,1,78,82,50,100.0,False,0.012195121951219513,8200,0.0,False,,0.5849286660447192,True,True
2024-12-17,2024,12,F002,华南工厂,P001,产品A,PT003,部件B1,普通,50,PT003,PT003,1,42,39,30,0.0,False,0.02564102564102564,1950,0.0,False,,0.5849286660447192,True,True
2024-12-17,2024,12,F002,华南工厂,P002,产品B,PT002,部件A2,核心,95,PT002,PT002,3,77,52,50,0.0,False,0.057692307692307696,4940,0.0,False,,1.1676462861114638,True,True
2024-12-17,2024,12,F002,华南工厂,P002,产品B,PT004,部件B2,普通,48,PT004,PT004,3,56,42,30,0.0,False,0.07142857142857142,2016,0.0,False,,1.1676462861114638,True,True
2024-12-17,2024,12,F002,华南工厂,P003,产品C,PT001,部件A1,核心,100,PT001,PT001,3,78,79,50,75.0,False,0.0379746835443038,7900,0.0,False,,0.9011960671956964,True,True
2024-12-17,2024,12,F002,华南工厂,P003,产品C,PT005,部件C1,核心,150,PT005,PT005,3,57,59,40,0.0,False,0.05084745762711865,8850,0.0,False,,0.9011960671956964,True,True
2024-12-18,2024,12,F001,华东工厂,P001,产品A,PT001,部件A1,核心,100,PT001,PT001,1,78,78,50,100.0,False,0.01282051282051282,7800,0.0,False,,0.5390822246213295,True,True
2024-12-18,2024,12,F001,华东工厂,P001,产品A,PT003,部件B1,普通,50,PT003,PT003,1,42,38,30,0.0,False,0.02631578947368421,1900,0.0,False,,0.5390822246213295,True,True
2024-12-18,2024,12,F001,华东工厂,P002,产品B,PT002,部件A2,核心,95,PT002,PT002,2,77,50,50,0.0,False,0.04,4750,0.0,False,,0.8301738188359078,True,True
2024-12-18,2024,12,F001,华东工厂,P002,产品B,PT004,部件B2,普通,48,PT004,PT004,2,56,40,30,0.0,False,0.05,1920,0.0,False,,0.8301738188359078,True,True
2024-12-18,2024,12,F001,华东工厂,P003,产品C,PT001,部件A1,核心,100,PT001,PT001,3,78,75,50,75.0,False,0.04,7500,0.0,False,,0.8664861727637012,True,True
2024-12-18,2024,12,F001,华东工厂,P003,产品C,PT005,部件C1,核心,150,PT005,PT005,3,57,56,40,0.0,False,0.05357142857142857,8400,0.0,False,,0.8664861727637012,True,True
2024-12-18,2024,12,F002,华南工厂,P001,产品A,PT001,部件A1,核心,100,PT001,PT001,1,78,74,50,100.0,False,0.013513513513513514,7400,0.0,False,,0.44336182131729823,True,True
2024-12-18,2024,12,F002,华南工厂,P001,产品A,PT003,部件B1,普通,50,PT003,PT003,1,42,37,30,0.0,False,0.02702702702702703,1850,0.0,False,,0.44336182131729823,True,True
2024-12-18,2024,12,F002,华南工厂,P002,产品B,PT002,部件A2,核心,95,PT002,PT002,2,77,100,50,0.0,False,0.02,9500,0.0,False,,0.917797578735772,True,True
2024-12-18,2024,12,F002,华南工厂,P002,产品B,PT004,部件B2,普通,48,PT004,PT004,2,56,38,30,0.0,False,0.05263157894736842,1824,0.0,False,,0.917797578735772,True,True
2024-12-18,2024,12,F002,华南工厂,P003,产品C,PT001,部件A1,核心,100,PT001,PT001,4,78,70,50,75.0,False,0.05714285714285714,7000,0.0,False,,1.1983325500117483,True,True
2024-12-18,2024,12,F002,华南工厂,P003,产品C,PT005,部件C1,核心,150,PT005,PT005,4,57,52,40,0.0,False,0.07692307692307693,7800,0.0,False,,1.1983325500117483,True,True
2024-12-19,2024,12,F001,华东工厂,P001,产品A,PT001,部件A1,核心,100,PT001,PT001,1,78,69,50,100.0,False,0.014492753623188406,6900,0.0,False,,0.5393850111727629,True,True
2024-12-19,2024,12,F001,华东工厂,P001,产品A,PT003,部件B1,普通,50,PT003,PT003,1,42,36,30,0.0,False,0.027777777777777776,1800,0.0,False,,0.5393850111727629,True,True
2024-12-19,2024,12,F001,华东工厂,P002,产品B,PT002,部件A2,核心,95,PT002,PT002,2,77,98,50,0.0,False,0.02040816326530612,9310,0.0,False,,0.953680732551688,True,True
2024-12-19,2024,12,F001,华东工厂,P002,产品B,PT004,部件B2,普通,48,PT004,PT004,2,56,36,30,0.0,False,0.05555555555555555,1728,0.0,False,,0.953680732551688,True,True
2024-12-19,2024,12,F001,华东工厂,P003,产品C,PT001,部件A1,核心,100,PT001,PT001,4,78,65,50,75.0,False,0.06153846153846154,6500,0.0,False,,1.0948402823372076,True,True
2024-12-19,2024,12,F001,华东工厂,P003,产品C,PT005,部件C1,核心,150,PT005,PT005,4,57,48,40,0.0,False,0.08333333333333333,7200,0.0,False,,1.0948402823372076,True,True
2024-12-19,2024,12,F002,华南工厂,P001,产品A,PT001,部件A1,核心,100,PT001,PT001,1,78,64,50,100.0,False,0.015625,6400,0.0,False,,0.5830508683338212,True,True
2024-12-19,2024,12,F002,华南工厂,P001,产品A,PT003,部件B1,普通,50,PT003,PT003,1,42,35,30,0.0,False,0.02857142857142857,1750,0.0,False,,0.5830508683338212,True,True
2024-12-19,2024,12,F002,华南工厂,P002,产品B,PT002,部件A2,核心,95,PT002,PT002,3,77,95,50,0.0,False,0.031578947368421054,9025,0.0,False,,1.1834809629631384,True,True
2024-12-19,2024,12,F002,华南工厂,P002,产品B,PT004,部件B2,普通,48,PT004,PT004,3,56,33,30,0.0,False,0.09090909090909091,1584,0.0,False,,1.1834809629631384,True,True
2024-12-19,2024,12,F002,华南工厂,P003,产品C,PT001,部件A1,核心,100,PT001,PT001,3,78,61,50,75.0,False,0.04918032786885246,6100,0.0,False,,0.823145559103083,True,True
2024-12-19,2024,12,F002,华南工厂,P003,产品C,PT005,部件C1,核心,150,PT005,PT005,3,57,45,40,0.0,False,0.06666666666666667,6750,0.0,False,,0.823145559103083,True,True
2024-12-20,2024,12,F001,华东工厂,P001,产品A,PT001,部件A1,核心,100,PT001,PT001,1,78,60,50,100.0,False,0.016666666666666666,6000,0.0,False,,0.478904359721626,True,True
2024-12-20,2024,12,F001,华东工厂,P001,产品A,PT003,部件B1,普通,50,PT003,PT003,1,42,34,30,0.0,False,0.029411764705882353,1700,0.0,False,,0.478904359721626,True,True
2024-12-20,2024,12,F001,华东工厂,P002,产品B,PT002,部件A2,核心,95,PT002,PT002,2,77,93,50,0.0,False,0.021505376344086023,8835,0.0,False,,0.8427024263743538,True,True
2024-12-20,2024,12,F001,华东工厂,P002,产品B,PT004,部件B2,普通,48,PT004,PT004,2,56,31,30,0.0,False,0.06451612903225806,1488,0.0,False,,0.8427024263743538,True,True
2024-12-20,2024,12,F001,华东工厂,P003,产品C,PT001,部件A1,核心,100,PT001,PT001,3,78,57,50,75.0,False,0.05263157894736842,5700,0.0,False,,0.9342640259187853,True,True
2024-12-20,2024,12,F001,华东工厂,P003,产品C,PT005,部件C1,核心,150,PT005,PT005,3,57,42,40,0.0,False,0.07142857142857142,6300,0.0,False,,0.9342640259187853,True,True
2024-12-20,2024,12,F002,华南工厂,P001,产品A,PT001,部件A1,核心,100,PT001,PT001,1,78,56,50,100.0,False,0.017857142857142856,5600,0.0,False,,0.4339359807791131,True,True
2024-12-20,2024,12,F002,华南工厂,P001,产品A,PT003,部件B1,普通,50,PT003,PT003,1,42,33,30,0.0,False,0.030303030303030304,1650,0.0,False,,0.4339359807791131,True,True
2024-12-20,2024,12,F002,华南工厂,P002,产品B,PT002,部件A2,核心,95,PT002,PT002,2,77,91,50,0.0,False,0.02197802197802198,8645,0.0,False,,1.0587393446674895,True,True
2024-12-20,2024,12,F002,华南工厂,P002,产品B,PT004,部件B2,普通,48,PT004,PT004,2,56,60,30,0.0,False,0.03333333333333333,2880,0.0,False,,1.0587393446674895,True,True
2024-12-20,2024,12,F002,华南工厂,P003,产品C,PT001,部件A1,核心,100,PT001,PT001,3,78,53,50,75.0,False,0.05660377358490566,5300,0.0,False,,0.9553073535959489,True,True
2024-12-20,2024,12,F002,华南工厂,P003,产品C,PT005,部件C1,核心,150,PT005,PT005,3,57,80,40,0.0,False,0.0375,12000,0.0,False,,0.9553073535959489,True,True
2024-12-21,2024,12,F001,华东工厂,P001,产品A,PT001,部件A1,核心,100,PT001,PT001,1,78,52,50,100.0,False,0.019230769230769232,5200,0.0,False,,0.44587894914098997,True,True
2024-12-21,2024,12,F001,华东工厂,P001,产品A,PT003,部件B1,普通,50,PT003,PT003,1,42,32,30,0.0,False,0.03125,1600,0.0,False,,0.44587894914098997,True,True
2024-12-21,2024,12,F001,华东工厂,P002,产品B,PT002,部件A2,核心,95,PT002,PT002,2,77,89,50,0.0,False,0.02247191011235955,8455,0.0,False,,0.9063751699856956,True,True
2024-12-21,2024,12,F001,华东工厂,P002,产品B,PT004,部件B2,普通,48,PT004,PT004,2,56,58,30,0.0,False,0.034482758620689655,2784,0.0,False,,0.9063751699856956,True,True
2024-12-21,2024,12,F001,华东工厂,P003,产品C,PT001,部件A1,核心,100,PT001,PT001,3,78,100,50,75.0,False,0.03,10000,0.0,False,,0.9441380380821073,True,True
2024-12-21,2024,12,F001,华东工厂,P003,产品C,PT005,部件C1,核心,150,PT005,PT005,3,57,77,40,0.0,False,0.03896103896103896,11550,0.0,False,,0.9441380380821073,True,True
2024-12-21,2024,12,F002,华南工厂,P001,产品A,PT001,部件A1,核心,100,PT001,PT001,1,78,99,50,100.0,False,0.010101010101010102,9900,0.0,False,,0.45198997257085255,True,True
2024-12-21,2024,12,F002,华南工厂,P001,产品A,PT003,部件B1,普通,50,PT003,PT003,1,42,31,30,0.0,False,0.03225806451612903,1550,0.0,False,,0.45198997257085255,True,True
2024-12-21,2024,12,F002,华南工厂,P002,产品B,PT002,部件A2,核心,95,PT002,PT002,2,77,87,50,0.0,False,0.022988505747126436,8265,0.0,False,,0.9812963387315324,True,True
2024-12-21,2024,12,F002,华南工厂,P002,产品B,PT004,部件B2,普通,48,PT004,PT004,2,56,56,30,0.0,False,0.03571428571428571,2688,0.0,False,,0.9812963387315324,True,True
2024-12-21,2024,12,F002,华南工厂,P003,产品C,PT001,部件A1,核心,100,PT001,PT001,3,78,96,50,75.0,False,0.03125,9600,0.0,False,,0.8129263804438602,True,True
2024-12-21,2024,12,F002,华南工厂,P003,产品C,PT005,部件C1,核心,150,PT005,PT005,3,57,74,40,0.0,False,0.04054054054054054,11100,0.0,False,,0.8129263804438602,True,True
2024-12-22,2024,12,F001,华东工厂,P001,产品A,PT001,部件A1,核心,100,PT001,PT001,1,78,95,50,100.0,False,0.010526315789473684,9500,0.0,False,,0.45595270143378913,True,True
2024-12-22,2024,12,F001,华东工厂,P001,产品A,PT003,部件B1,普通,50,PT003,PT003,1,42,30,30,0.0,False,0.03333333333333333,1500,0.0,False,,0.45595270143378913,True,True
2024-12-22,2024,12,F001,华东工厂,P002,产品B,PT002,部件A2,核心,95,PT002,PT002,2,77,85,50,0.0,False,0.023529411764705882,8075,0.0,False,,0.9644826883488745,True,True
2024-12-22,2024,12,F001,华东工厂,P002,产品B,PT004,部件B2,普通,48,PT004,PT004,2,56,54,30,0.0,False,0.037037037037037035,2592,0.0,False,,0.9644826883488745,True,True
2024-12-22,2024,12,F001,华东工厂,P003,产品C,PT001,部件A1,核心,100,PT001,PT001,4,78,91,50,75.0,False,0.04395604395604396,9100,0.0,False,,1.0411127528093194,True,True
2024-12-22,2024,12,F001,华东工厂,P003,产品C,PT005,部件C1,核心,150,PT005,PT005,4,57,70,40,0.0,False,0.05714285714285714,10500,0.0,False,,1.0411127528093194,True,True
2024-12-22,2024,12,F002,华南工厂,P001,产品A,PT001,部件A1,核心,100,PT001,PT001,1,78,90,50,100.0,False,0.011111111111111112,9000,0.0,False,,0.45419152850302597,True,True
2024-12-22,2024,12,F002,华南工厂,P001,产品A,PT003,部件B1,普通,50,PT003,PT003,1,42,60,30,0.0,False,0.016666666666666666,3000,0.0,False,,0.45419152850302597,True,True
2024-12-22,2024,12,F002,华南工厂,P002,产品B,PT002,部件A2,核心,95,PT002,PT002,2,77,83,50,0.0,False,0.024096385542168676,7885,0.0,False,,0.8532740500895,True,True
2024-12-22,2024,12,F002,华南工厂,P002,产品B,PT004,部件B2,普通,48,PT004,PT004,2,56,52,30,0.0,False,0.038461538461538464,2496,0.0,False,,0.8532740500895,True,True
2024-12-22,2024,12,F002,华南工厂,P003,产品C,PT001,部件A1,核心,100,PT001,PT001,3,78,87,50,75.0,False,0.034482758620689655,8700,0.0,False,,0.8304801518396653,True,True
2024-12-22,2024,12,F002,华南工厂,P003,产品C,PT005,部件C1,核心,150,PT005,PT005,3,57,67,40,0.0,False,0.04477611940298507,10050,0.0,False,,0.8304801518396653,True,True
2024-12-23,2024,12,F001,华东工厂,P001,产品A,PT001,部件A1,核心,100,PT001,PT001,1,78,86,50,100.0,False,0.011627906976744186,8600,0.0,False,,0.5881063654270766,True,True
2024-12-23,2024,12,F001,华东工厂,P001,产品A,PT003,部件B1,普通,50,PT003,PT003,1,42,59,30,0.0,False,0.01694915254237288,2950,0.0,False,,0.5881063654270766,True,True
2024-12-23,2024,12,F001,华东工厂,P002,产品B,PT002,部件A2,核心,95,PT002,PT002,2,77,81,50,0.0,False,0.024691358024691357,7695,0.0,False,,0.9666556230953917,True,True
2024-12-23,2024,12,F001,华东工厂,P002,产品B,PT004,部件B2,普通,48,PT004,PT004,2,56,50,30,0.0,False,0.04,2400,0.0,False,,0.9666556230953917,True,True
2024-12-23,2024,12,F001,华东工厂,P003,产品C,PT001,部件A1,核心,100,PT001,PT001,4,78,82,50,75.0,False,0.04878048780487805,8200,0.0,False,,1.0324650484723306,True,True
2024-12-23,2024,12,F001,华东工厂,P003,产品C,PT005,部件C1,核心,150,PT005,PT005,4,57,63,40,0.0,False,0.06349206349206349,9450,0.0,False,,1.0324650484723306,True,True
2024-12-23,2024,12,F002,华南工厂,P001,产品A,PT001,部件A1,核心,100,PT001,PT001,1,78,81,50,100.0,False,0.012345679012345678,8100,0.0,False,,0.5838353103671119,True,True
2024-12-23,2024,12,F002,华南工厂,P001,产品A,PT003,部件B1,普通,50,PT003,PT003,1,42,58,30,0.0,False,0.017241379310344827,2900,0.0,False,,0.5838353103671119,True,True
2024-12-23,2024,12,F002,华南工厂,P002,产品B,PT002,部件A2,核心,95,PT002,PT002,2,77,79,50,0.0,False,0.02531645569620253,7505,0.0,False,,0.8330993680141225,True,True
2024-12-23,2024,12,F002,华南工厂,P002,产品B,PT004,部件B2,普通,48,PT004,PT004,2,56,48,30,0.0,False,0.041666666666666664,2304,0.0,False,,0.8330993680141225,True,True
2024-12-23,2024,12,F002,华南工厂,P003,产品C,PT001,部件A1,核心,100,PT001,PT001,4,78,77,50,75.0,False,0.05194805194805195,7700,0.0,False,,1.150664594370317,True,True
2024-12-23,2024,12,F002,华南工厂,P003,产品C,PT005,部件C1,核心,150,PT005,PT005,4,57,59,40,0.0,False,0.06779661016949153,8850,0.0,False,,1.150664594370317,True,True
2024-12-24,2024,12,F001,华东工厂,P001,产品A,PT001,部件A1,核心,100,PT001,PT001,1,78,76,50,100.0,False,0.013157894736842105,7600,0.0,False,,0.510317574508814,True,True
2024-12-24,2024,12,F001,华东工厂,P001,产品A,PT003,部件B1,普通,50,PT003,PT003,1,42,57,30,0.0,False,0.017543859649122806,2850,0.0,False,,0.510317574508814,True,True
2024-12-24,2024,12,F001,华东工厂,P002,产品B,PT002,部件A2,核心,95,PT002,PT002,2,77,77,50,0.0,False,0.025974025974025976,7315,0.0,False,,0.8659337044548004,True,True
2024-12-24,2024,12,F001,华东工厂,P002,产品B,PT004,部件B2,普通,48,PT004,PT004,2,56,46,30,0.0,False,0.043478260869565216,2208,0.0,False,,0.8659337044548004,True,True
2024-12-24,2024,12,F001,华东工厂,P003,产品C,PT001,部件A1,核心,100,PT001,PT001,3,78,73,50,75.0,False,0.0410958904109589,7300,0.0,False,,0.9645020466341476,True,True
2024-12-24,2024,12,F001,华东工厂,P003,产品C,PT005,部件C1,核心,150,PT005,PT005,3,57,56,40,0.0,False,0.05357142857142857,8400,0.0,False,,0.9645020466341476,True,True
2024-12-24,2024,12,F002,华南工厂,P001,产品A,PT001,部件A1,核心,100,PT001,PT001,1,78,72,50,100.0,False,0.013888888888888888,7200,0.0,False,,0.5555204567470451,True,True
2024-12-24,2024,12,F002,华南工厂,P001,产品A,PT003,部件B1,普通,50,PT003,PT003,1,42,56,30,0.0,False,0.017857142857142856,2800,0.0,False,,0.5555204567470451,True,True
2024-12-24,2024,12,F002,华南工厂,P002,产品B,PT002,部件A2,核心,95,PT002,PT002,2,77,75,50,0.0,False,0.02666666666666667,7125,0.0,False,,0.9921480327465418,True,True
2024-12-24,2024,12,F002,华南工厂,P002,产品B,PT004,部件B2,普通,48,PT004,PT004,2,56,44,30,0.0,False,0.045454545454545456,2112,0.0,False,,0.9921480327465418,True,True
2024-12-24,2024,12,F002,华南工厂,P003,产品C,PT001,部件A1,核心,100,PT001,PT001,4,78,68,50,75.0,False,0.058823529411764705,6800,0.0,False,,1.1941144202662017,True,True
2024-12-24,2024,12,F002,华南工厂,P003,产品C,PT005,部件C1,核心,150,PT005,PT005,4,57,52,40,0.0,False,0.07692307692307693,7800,0.0,False,,1.1941144202662017,True,True
2024-12-25,2024,12,F001,华东工厂,P001,产品A,PT001,部件A1,核心,100,PT001,PT001,1,78,67,50,100.0,False,0.014925373134328358,6700,0.0,False,,0.47534779398758814,True,True
2024-12-25,2024,12,F001,华东工厂,P001,产品A,PT003,部件B1,普通,50,PT003,PT003,1,42,55,30,0.0,False,0.01818181818181818,2750,0.0,False,,0.47534779398758814,True,True
2024-12-25,2024,12,F001,华东工厂,P002,产品B,PT002,部件A2,核心,95,PT002,PT002,2,77,73,50,0.0,False,0.0273972602739726,6935,0.0,False,,1.0998313199904288,True,True
2024-12-25,2024,12,F001,华东工厂,P002,产品B,PT004,部件B2,普通,48,PT004,PT004,2,56,42,30,0.0,False,0.047619047619047616,2016,0.0,False,,1.0998313199904288,True,True
2024-12-25,2024,12,F001,华东工厂,P003,产品C,PT001,部件A1,核心,100,PT001,PT001,3,78,64,50,75.0,False,0.046875,6400,0.0,False,,0.9571957795915437,True,True
2024-12-25,2024,12,F001,华东工厂,P003,产品C,PT005,部件C1,核心,150,PT005,PT005,3,57,49,40,0.0,False,0.061224489795918366,7350,0.0,False,,0.9571957795915437,True,True
2024-12-25,2024,12,F002,华南工厂,P001,产品A,PT001,部件A1,核心,100,PT001,PT001,1,78,63,50,100.0,False,0.015873015873015872,6300,0.0,False,,0.5658328441413029,True,True
2024-12-25,2024,12,F002,华南工厂,P001,产品A,PT003,部件B1,普通,50,PT003,PT003,1,42,54,30,0.0,False,0.018518518518518517,2700,0.0,False,,0.5658328441413029,True,True
2024-12-25,2024,12,F002,华南工厂,P002,产品B,PT002,部件A2,核心,95,PT002,PT002,2,77,71,50,0.0,False,0.028169014084507043,6745,0.0,False,,1.027632587666299,True,True
2024-12-25,2024,12,F002,华南工厂,P002,产品B,PT004,部件B2,普通,48,PT004,PT004,2,56,40,30,0.0,False,0.05,1920,0.0,False,,1.027632587666299,True,True
2024-12-25,2024,12,F002,华南工厂,P003,产品C,PT001,部件A1,核心,100,PT001,PT001,3,78,60,50,75.0,False,0.05,6000,0.0,False,,0.8254047318360006,True,True
2024-12-25,2024,12,F002,华南工厂,P003,产品C,PT005,部件C1,核心,150,PT005,PT005,3,57,46,40,0.0,False,0.06521739130434782,6900,0.0,False,,0.8254047318360006,True,True
2024-12-26,2024,12,F001,华东工厂,P001,产品A,PT001,部件A1,核心,100,PT001,PT001,1,78,59,50,100.0,False,0.01694915254237288,5900,0.0,False,,0.4073643735271983,True,True
2024-12-26,2024,12,F001,华东工厂,P001,产品A,PT003,部件B1,普通,50,PT003,PT003,1,42,53,30,0.0,False,0.018867924528301886,2650,0.0,False,,0.4073643735271983,True,True
2024-12-26,2024,12,F001,华东工厂,P002,产品B,PT002,部件A2,核心,95,PT002,PT002,2,77,69,50,0.0,False,0.028985507246376812,6555,0.0,False,,0.8535408475202533,True,True
2024-12-26,2024,12,F001,华东工厂,P002,产品B,PT004,部件B2,普通,48,PT004,PT004,2,56,38,30,0.0,False,0.05263157894736842,1824,0.0,False,,0.8535408475202533,True,True
2024-12-26,2024,12,F001,华东工厂,P003,产品C,PT001,部件A1,核心,100,PT001,PT001,3,78,56,50,75.0,False,0.05357142857142857,5600,0.0,False,,0.805468785930799,True,True
2024-12-26,2024,12,F001,华东工厂,P003,产品C,PT005,部件C1,核心,150,PT005,PT005,3,57,43,40,0.0,False,0.06976744186046512,6450,0.0,False,,0.805468785930799,True,True
2024-12-26,2024,12,F002,华南工厂,P001,产品A,PT001,部件A1,核心,100,PT001,PT001,1,78,55,50,100.0,False,0.01818181818181818,5500,0.0,False,,0.4150718120704925,True,True
2024-12-26,2024,12,F002,华南工厂,P001,产品A,PT003,部件B1,普通,50,PT003,PT003,1,42,52,30,0.0,False,0.019230769230769232,2600,0.0,False,,0.4150718120704925,True,True
2024-12-26,2024,12,F002,华南工厂,P002,产品B,PT002,部件A2,核心,95,PT002,PT002,2,77,67,50,0.0,False,0.029850746268656716,6365,0.0,False,,1.0766857588675647,True,True
2024-12-26,2024,12,F002,华南工厂,P002,产品B,PT004,部件B2,普通,48,PT004,PT004,2,56,36,30,0.0,False,0.05555555555555555,1728,0.0,False,,1.0766857588675647,True,True
2024-12-26,2024,12,F002,华南工厂,P003,产品C,PT001,部件A1,核心,100,PT001,PT001,4,78,51,50,75.0,False,0.0784313725490196,5100,0.0,False,,1.0137385100117853,True,True
2024-12-26,2024,12,F002,华南工厂,P003,产品C,PT005,部件C1,核心,150,PT005,PT005,4,57,80,40,0.0,False,0.05,12000,0.0,False,,1.0137385100117853,True,True
2024-12-27,2024,12,F001,华东工厂,P001,产品A,PT001,部件A1,核心,100,PT001,PT001,1,78,50,50,100.0,False,0.02,5000,0.0,False,,0.5499821498939943,True,True
2024-12-27,2024,12,F001,华东工厂,P001,产品A,PT003,部件B1,普通,50,PT003,PT003,1,42,51,30,0.0,False,0.0196078431372549,2550,0.0,False,,0.5499821498939943,True,True
2024-12-27,2024,12,F001,华东工厂,P002,产品B,PT002,部件A2,核心,95,PT002,PT002,3,77,64,50,0.0,False,0.046875,6080,0.0,False,,1.165266300903057,True,True
2024-12-27,2024,12,F001,华东工厂,P002,产品B,PT004,部件B2,普通,48,PT004,PT004,3,56,33,30,0.0,False,0.09090909090909091,1584,0.0,False,,1.165266300903057,True,True
2024-12-27,2024,12,F001,华东工厂,P003,产品C,PT001,部件A1,核心,100,PT001,PT001,4,78,100,50,75.0,False,0.04,10000,0.0,False,,1.0340598129301888,True,True
2024-12-27,2024,12,F001,华东工厂,P003,产品C,PT005,部件C1,核心,150,PT005,PT005,4,57,76,40,0.0,False,0.05263157894736842,11400,0.0,False,,1.0340598129301888,True,True
2024-12-27,2024,12,F002,华南工厂,P001,产品A,PT001,部件A1,核心,100,PT001,PT001,1,78,99,50,100.0,False,0.010101010101010102,9900,0.0,False,,0.5452241688143696,True,True
2024-12-27,2024,12,F002,华南工厂,P001,产品A,PT003,部件B1,普通,50,PT003,PT003,1,42,50,30,0.0,False,0.02,2500,0.0,False,,0.5452241688143696,True,True
2024-12-27,2024,12,F002,华南工厂,P002,产品B,PT002,部件A2,核心,95,PT002,PT002,2,77,62,50,0.0,False,0.03225806451612903,5890,0.0,False,,1.1028324808169823,True,True
2024-12-27,2024,12,F002,华南工厂,P002,产品B,PT004,部件B2,普通,48,PT004,PT004,2,56,31,30,0.0,False,0.06451612903225806,1488,0.0,False,,1.1028324808169823,True,True
2024-12-27,2024,12,F002,华南工厂,P003,产品C,PT001,部件A1,核心,100,PT001,PT001,3,78,96,50,75.0,False,0.03125,9600,0.0,False,,0.9511402197103146,True,True
2024-12-27,2024,12,F002,华南工厂,P003,产品C,PT005,部件C1,核心,150,PT005,PT005,3,57,73,40,0.0,False,0.0410958904109589,10950,0.0,False,,0.9511402197103146,True,True
2024-12-28,2024,12,F001,华东工厂,P001,产品A,PT001,部件A1,核心,100,PT001,PT001,1,78,95,50,100.0,False,0.010526315789473684,9500,0.0,False,,0.4482169664659264,True,True
2024-12-28,2024,12,F001,华东工厂,P001,产品A,PT003,部件B1,普通,50,PT003,PT003,1,42,49,30,0.0,False,0.02040816326530612,2450,0.0,False,,0.4482169664659264,True,True
2024-12-28,2024,12,F001,华东工厂,P002,产品B,PT002,部件A2,核心,95,PT002,PT002,2,77,60,50,0.0,False,0.03333333333333333,5700,0.0,False,,0.88201813140261,True,True
2024-12-28,2024,12,F001,华东工厂,P002,产品B,PT004,部件B2,普通,48,PT004,PT004,2,56,60,30,0.0,False,0.03333333333333333,2880,0.0,False,,0.88201813140261,True,True
2024-12-28,2024,12,F001,华东工厂,P003,产品C,PT001,部件A1,核心,100,PT001,PT001,3,78,92,50,75.0,False,0.03260869565217391,9200,0.0,False,,0.9005769758047194,True,True
2024-12-28,2024,12,F001,华东工厂,P003,产品C,PT005,部件C1,核心,150,PT005,PT005,3,57,70,40,0.0,False,0.04285714285714286,10500,0.0,False,,0.9005769758047194,True,True
2024-12-28,2024,12,F002,华南工厂,P001,产品A,PT001,部件A1,核心,100,PT001,PT001,1,78,91,50,100.0,False,0.01098901098901099,9100,0.0,False,,0.45494635940518174,True,True
2024-12-28,2024,12,F002,华南工厂,P001,产品A,PT003,部件B1,普通,50,PT003,PT003,1,42,48,30,0.0,False,0.020833333333333332,2400,0.0,False,,0.45494635940518174,True,True
2024-12-28,2024,12,F002,华南工厂,P002,产品B,PT002,部件A2,核心,95,PT002,PT002,2,77,58,50,0.0,False,0.034482758620689655,5510,0.0,False,,0.8828910596032226,True,True
2024-12-28,2024,12,F002,华南工厂,P002,产品B,PT004,部件B2,普通,48,PT004,PT004,2,56,58,30,0.0,False,0.034482758620689655,2784,0.0,False,,0.8828910596032226,True,True
2024-12-28,2024,12,F002,华南工厂,P003,产品C,PT001,部件A1,核心,100,PT001,PT001,4,78,87,50,75.0,False,0.04597701149425287,8700,0.0,False,,1.1512882669916769,True,True
2024-12-28,2024,12,F002,华南工厂,P003,产品C,PT005,部件C1,核心,150,PT005,PT005,4,57,66,40,0.0,False,0.06060606060606061,9900,0.0,False,,1.1512882669916769,True,True
2024-12-29,2024,12,F001,华东工厂,P001,产品A,PT001,部件A1,核心,100,PT001,PT001,1,78,86,50,100.0,False,0.011627906976744186,8600,0.0,False,,0.5513998264344457,True,True
2024-12-29,2024,12,F001,华东工厂,P001,产品A,PT003,部件B1,普通,50,PT003,PT003,1,42,47,30,0.0,False,0.02127659574468085,2350,0.0,False,,0.5513998264344457,True,True
2024-12-29,2024,12,F001,华东工厂,P002,产品B,PT002,部件A2,核心,95,PT002,PT002,2,77,56,50,0.0,False,0.03571428571428571,5320,0.0,False,,0.818758587116488,True,True
2024-12-29,2024,12,F001,华东工厂,P002,产品B,PT004,部件B2,普通,48,PT004,PT004,2,56,56,30,0.0,False,0.03571428571428571,2688,0.0,False,,0.818758587116488,True,True
2024-12-29,2024,12,F001,华东工厂,P003,产品C,PT001,部件A1,核心,100,PT001,PT001,3,78,83,50,75.0,False,0.03614457831325301,8300,0.0,False,,0.9074689928101229,True,True
2024-12-29,2024,12,F001,华东工厂,P003,产品C,PT005,部件C1,核心,150,PT005,PT005,3,57,63,40,0.0,False,0.047619047619047616,9450,0.0,False,,0.9074689928101229,True,True
2024-12-29,2024,12,F002,华南工厂,P001,产品A,PT001,部件A1,核心,100,PT001,PT001,1,78,82,50,100.0,False,0.012195121951219513,8200,0.0,False,,0.40443694840606037,True,True
2024-12-29,2024,12,F002,华南工厂,P001,产品A,PT003,部件B1,普通,50,PT003,PT003,1,42,46,30,0.0,False,0.021739130434782608,2300,0.0,False,,0.40443694840606037,True,True
2024-12-29,2024,12,F002,华南工厂,P002,产品B,PT002,部件A2,核心,95,PT002,PT002,2,77,54,50,0.0,False,0.037037037037037035,5130,0.0,False,,0.9992660746583572,True,True
2024-12-29,2024,12,F002,华南工厂,P002,产品B,PT004,部件B2,普通,48,PT004,PT004,2,56,54,30,0.0,False,0.037037037037037035,2592,0.0,False,,0.9992660746583572,True,True
2024-12-29,2024,12,F002,华南工厂,P003,产品C,PT001,部件A1,核心,100,PT001,PT001,3,78,79,50,75.0,False,0.0379746835443038,7900,0.0,False,,0.9904842787156056,True,True
2024-12-29,2024,12,F002,华南工厂,P003,产品C,PT005,部件C1,核心,150,PT005,PT005,3,57,60,40,0.0,False,0.05,9000,0.0,False,,0.9904842787156056,True,True
2024-12-30,2024,12,F001,华东工厂,P001,产品A,PT001,部件A1,核心,100,PT001,PT001,1,78,78,50,100.0,False,0.01282051282051282,7800,0.0,False,,0.5662742980125002,True,True
2024-12-30,2024,12,F001,华东工厂,P001,产品A,PT003,部件B1,普通,50,PT003,PT003,1,42,45,30,0.0,False,0.022222222222222223,2250,0.0,False,,0.5662742980125002,True,True
2024-12-30,2024,12,F001,华东工厂,P002,产品B,PT002,部件A2,核心,95,PT002,PT002,2,77,52,50,0.0,False,0.038461538461538464,4940,0.0,False,,0.9231108959084198,True,True
2024-12-30,2024,12,F001,华东工厂,P002,产品B,PT004,部件B2,普通,48,PT004,PT004,2,56,52,30,0.0,False,0.038461538461538464,2496,0.0,False,,0.9231108959084198,True,True
2024-12-30,2024,12,F001,华东工厂,P003,产品C,PT001,部件A1,核心,100,PT001,PT001,4,78,74,50,75.0,False,0.05405405405405406,7400,0.0,False,,1.126554294085225,True,True
2024-12-30,2024,12,F001,华东工厂,P003,产品C,PT005,部件C1,核心,150,PT005,PT005,4,57,56,40,0.0,False,0.07142857142857142,8400,0.0,False,,1.126554294085225,True,True
2024-12-30,2024,12,F002,华南工厂,P001,产品A,PT001,部件A1,核心,100,PT001,PT001,1,78,73,50,100.0,False,0.0136986301369863,7300,0.0,False,,0.5935947530879646,True,True
2024-12-30,2024,12,F002,华南工厂,P001,产品A,PT003,部件B1,普通,50,PT003,PT003,1,42,44,30,0.0,False,0.022727272727272728,2200,0.0,False,,0.5935947530879646,True,True
2024-12-30,2024,12,F002,华南工厂,P002,产品B,PT002,部件A2,核心,95,PT002,PT002,2,77,50,50,0.0,False,0.04,4750,0.0,False,,0.8353632893462587,True,True
2024-12-30,2024,12,F002,华南工厂,P002,产品B,PT004,部件B2,普通,48,PT004,PT004,2,56,50,30,0.0,False,0.04,2400,0.0,False,,0.8353632893462587,True,True
2024-12-30,2024,12,F002,华南工厂,P003,产品C,PT001,部件A1,核心,100,PT001,PT001,4,78,69,50,75.0,False,0.057971014492753624,6900,0.0,False,,1.1167271357878532,True,True
2024-12-30,2024,12,F002,华南工厂,P003,产品C,PT005,部件C1,核心,150,PT005,PT005,4,57,52,40,0.0,False,0.07692307692307693,7800,0.0,False,,1.1167271357878532,True,True
2024-12-31,2024,12,F001,华东工厂,P001,产品A,PT001,部件A1,核心,100,PT001,PT001,1,78,68,50,100.0,False,0.014705882352941176,6800,0.0,False,,0.5179911794275273,True,True
2024-12-31,2024,12,F001,华东工厂,P001,产品A,PT003,部件B1,普通,50,PT003,PT003,1,42,43,30,0.0,False,0.023255813953488372,2150,0.0,False,,0.5179911794275273,True,True
2024-12-31,2024,12,F001,华东工厂,P002,产品B,PT002,部件A2,核心,95,PT002,PT002,2,77,100,50,0.0,False,0.02,9500,0.0,False,,0.9920183868073901,True,True
2024-12-31,2024,12,F001,华东工厂,P002,产品B,PT004,部件B2,普通,48,PT004,PT004,2,56,48,30,0.0,False,0.041666666666666664,2304,0.0,False,,0.9920183868073901,True,True
2024-12-31,2024,12,F001,华东工厂,P003,产品C,PT001,部件A1,核心,100,PT001,PT001,3,78,65,50,75.0,False,0.046153846153846156,6500,0.0,False,,0.96821431146603,True,True
2024-12-31,2024,12,F001,华东工厂,P003,产品C,PT005,部件C1,核心,150,PT005,PT005,3,57,49,40,0.0,False,0.061224489795918366,7350,0.0,False,,0.96821431146603,True,True
2024-12-31,2024,12,F002,华南工厂,P001,产品A,PT001,部件A1,核心,100,PT001,PT001,1,78,64,50,100.0,False,0.015625,6400,0.0,False,,0.5569336527888619,True,True
2024-12-31,2024,12,F002,华南工厂,P001,产品A,PT003,部件B1,普通,50,PT003,PT003,1,42,42,30,0.0,False,0.023809523809523808,2100,0.0,False,,0.5569336527888619,True,True
2024-12-31,2024,12,F002,华南工厂,P002,产品B,PT002,部件A2,核心,95,PT002,PT002,2,77,98,50,0.0,False,0.02040816326530612,9310,0.0,False,,1.055744542789697,True,True
2024-12-31,2024,12,F002,华南工厂,P002,产品B,PT004,部件B2,普通,48,PT004,PT004,2,56,46,30,0.0,False,0.043478260869565216,2208,0.0,False,,1.055744542789697,True,True
2024-12-31,2024,12,F002,华南工厂,P003,产品C,PT001,部件A1,核心,100,PT001,PT001,4,78,60,50,75.0,False,0.06666666666666667,6000,0.0,False,,1.1220178670077448,True,True
2024-12-31,2024,12,F002,华南工厂,P003,产品C,PT005,部件C1,核心,150,PT005,PT005,4,57,45,40,0.0,False,0.08888888888888889,6750,0.0,False,,1.1220178670077448,True,True
